filepath,filename,domain,label,stratify_key,flag,split
C:\Users\ikerd\Desktop\Vision  Project\Crack-Identification---Group-A\Training_Pool_A_Walls\Non-Cracked\7106-46.jpg,7106-46.jpg,Walls,Non-Cracked,Walls_Non-Cracked,noncracked_high_edges,train
C:\Users\ikerd\Desktop\Vision  Project\Crack-Identification---Group-A\Training_Pool_A_Walls\Non-Cracked\7100-122.jpg,7100-122.jpg,Walls,Non-Cracked,Walls_Non-Cracked,noncracked_high_edges,train
C:\Users\ikerd\Desktop\Vision  Project\Crack-Identification---Group-A\Training_Pool_A_Walls\Non-Cracked\7121-117.jpg,7121-117.jpg,Walls,Non-Cracked,Walls_Non-Cracked,noncracked_high_edges,train
C:\Users\ikerd\Desktop\Vision  Project\Crack-Identification---Group-A\Training_Pool_A_Walls\Non-Cracked\7116-121.jpg,7116-121.jpg,Walls,Non-Cracked,Walls_Non-Cracked,noncracked_high_edges,train
C:\Users\ikerd\Desktop\Vision  Project\Crack-Identification---Group-A\Training_Pool_B_Decks\Non-Cracked\7044-190.jpg,7044-190.jpg,Decks,Non-Cracked,Decks_Non-Cracked,noncracked_high_edges,train
C:\Users\ikerd\Desktop\Vision  Project\Crack-Identification---Group-A\Training_Pool_A_Walls\Non-Cracked\7130-189.jpg,7130-189.jpg,Walls,Non-Cracked,Walls_Non-Cracked,noncracked_high_edges,train
C:\Users\ikerd\Desktop\Vision  Project\Crack-Identification---Group-A\Training_Pool_B_Decks\Non-Cracked\7051-86.jpg,7051-86.jpg,Decks,Non-Cracked,Decks_Non-Cracked,noncracked_high_edges,train
C:\Users\ikerd\Desktop\Vision  Project\Crack-Identification---Group-A\Training_Pool_B_Decks\Non-Cracked\7039-26.jpg,7039-26.jpg,Decks,Non-Cracked,Decks_Non-Cracked,noncracked_high_edges,train
C:\Users\ikerd\Desktop\Vision  Project\Crack-Identification---Group-A\Training_Pool_B_Decks\Non-Cracked\7016-217.jpg,7016-217.jpg,Decks,Non-Cracked,Decks_Non-Cracked,very_dark,train
C:\Users\ikerd\Desktop\Vision  Project\Crack-Identification---Group-A\Training_Pool_B_Decks\Non-Cracked\7041-9.jpg,7041-9.jpg,Decks,Non-Cracked,Decks_Non-Cracked,noncracked_high_edges,train
C:\Users\ikerd\Desktop\Vision  Project\Crack-Identification---Group-A\Training_Pool_B_Decks\Non-Cracked\7014-70.jpg,7014-70.jpg,Decks,Non-Cracked,Decks_Non-Cracked,very_dark,train
C:\Users\ikerd\Desktop\Vision  Project\Crack-Identification---Group-A\Training_Pool_B_Decks\Non-Cracked\7016-164.jpg,7016-164.jpg,Decks,Non-Cracked,Decks_Non-Cracked,very_dark,train
C:\Users\ikerd\Desktop\Vision  Project\Crack-Identification---Group-A\Training_Pool_B_Decks\Non-Cracked\7034-92.jpg,7034-92.jpg,Decks,Non-Cracked,Decks_Non-Cracked,very_bright,train
C:\Users\ikerd\Desktop\Vision  Project\Crack-Identification---Group-A\Training_Pool_B_Decks\Non-Cracked\7032-9.jpg,7032-9.jpg,Decks,Non-Cracked,Decks_Non-Cracked,very_bright,train
C:\Users\ikerd\Desktop\Vision  Project\Crack-Identification---Group-A\Training_Pool_B_Decks\Cracked\7025-146.jpg,7025-146.jpg,Decks,Cracked,Decks_Cracked,very_bright,train
C:\Users\ikerd\Desktop\Vision  Project\Crack-Identification---Group-A\Training_Pool_A_Walls\Non-Cracked\7101-49.jpg,7101-49.jpg,Walls,Non-Cracked,Walls_Non-Cracked,noncracked_high_edges,train
C:\Users\ikerd\Desktop\Vision  Project\Crack-Identification---Group-A\Training_Pool_B_Decks\Non-Cracked\7051-118.jpg,7051-118.jpg,Decks,Non-Cracked,Decks_Non-Cracked,noncracked_high_edges,train
C:\Users\ikerd\Desktop\Vision  Project\Crack-Identification---Group-A\Training_Pool_B_Decks\Non-Cracked\7008-90.jpg,7008-90.jpg,Decks,Non-Cracked,Decks_Non-Cracked,noncracked_high_edges,train
C:\Users\ikerd\Desktop\Vision  Project\Crack-Identification---Group-A\Training_Pool_B_Decks\Non-Cracked\7043-245.jpg,7043-245.jpg,Decks,Non-Cracked,Decks_Non-Cracked,"noncracked_high_edges, very_dark",train
C:\Users\ikerd\Desktop\Vision  Project\Crack-Identification---Group-A\Training_Pool_A_Walls\Non-Cracked\7106-116.jpg,7106-116.jpg,Walls,Non-Cracked,Walls_Non-Cracked,noncracked_high_edges,train
C:\Users\ikerd\Desktop\Vision  Project\Crack-Identification---Group-A\Training_Pool_B_Decks\Non-Cracked\7057-6.jpg,7057-6.jpg,Decks,Non-Cracked,Decks_Non-Cracked,"noncracked_high_edges, very_dark",train
C:\Users\ikerd\Desktop\Vision  Project\Crack-Identification---Group-A\Training_Pool_B_Decks\Non-Cracked\7054-174.jpg,7054-174.jpg,Decks,Non-Cracked,Decks_Non-Cracked,noncracked_high_edges,train
C:\Users\ikerd\Desktop\Vision  Project\Crack-Identification---Group-A\Training_Pool_B_Decks\Non-Cracked\7034-234.jpg,7034-234.jpg,Decks,Non-Cracked,Decks_Non-Cracked,noncracked_high_edges,train
C:\Users\ikerd\Desktop\Vision  Project\Crack-Identification---Group-A\Training_Pool_B_Decks\Non-Cracked\7032-39.jpg,7032-39.jpg,Decks,Non-Cracked,Decks_Non-Cracked,very_bright,train
C:\Users\ikerd\Desktop\Vision  Project\Crack-Identification---Group-A\Training_Pool_A_Walls\Non-Cracked\7106-152.jpg,7106-152.jpg,Walls,Non-Cracked,Walls_Non-Cracked,noncracked_high_edges,train
C:\Users\ikerd\Desktop\Vision  Project\Crack-Identification---Group-A\Training_Pool_B_Decks\Non-Cracked\7014-88.jpg,7014-88.jpg,Decks,Non-Cracked,Decks_Non-Cracked,"noncracked_high_edges, very_dark",train
C:\Users\ikerd\Desktop\Vision  Project\Crack-Identification---Group-A\Training_Pool_A_Walls\Non-Cracked\7121-31.jpg,7121-31.jpg,Walls,Non-Cracked,Walls_Non-Cracked,noncracked_high_edges,train
C:\Users\ikerd\Desktop\Vision  Project\Crack-Identification---Group-A\Training_Pool_B_Decks\Non-Cracked\7014-29.jpg,7014-29.jpg,Decks,Non-Cracked,Decks_Non-Cracked,very_dark,train
C:\Users\ikerd\Desktop\Vision  Project\Crack-Identification---Group-A\Training_Pool_B_Decks\Non-Cracked\7017-2.jpg,7017-2.jpg,Decks,Non-Cracked,Decks_Non-Cracked,very_dark,train
C:\Users\ikerd\Desktop\Vision  Project\Crack-Identification---Group-A\Training_Pool_B_Decks\Non-Cracked\7043-145.jpg,7043-145.jpg,Decks,Non-Cracked,Decks_Non-Cracked,noncracked_high_edges,train
C:\Users\ikerd\Desktop\Vision  Project\Crack-Identification---Group-A\Training_Pool_B_Decks\Non-Cracked\7050-151.jpg,7050-151.jpg,Decks,Non-Cracked,Decks_Non-Cracked,noncracked_high_edges,train
C:\Users\ikerd\Desktop\Vision  Project\Crack-Identification---Group-A\Training_Pool_B_Decks\Non-Cracked\7013-58.jpg,7013-58.jpg,Decks,Non-Cracked,Decks_Non-Cracked,very_bright,train
C:\Users\ikerd\Desktop\Vision  Project\Crack-Identification---Group-A\Training_Pool_A_Walls\Non-Cracked\7100-130.jpg,7100-130.jpg,Walls,Non-Cracked,Walls_Non-Cracked,noncracked_high_edges,train
C:\Users\ikerd\Desktop\Vision  Project\Crack-Identification---Group-A\Training_Pool_B_Decks\Non-Cracked\7053-65.jpg,7053-65.jpg,Decks,Non-Cracked,Decks_Non-Cracked,noncracked_high_edges,train
C:\Users\ikerd\Desktop\Vision  Project\Crack-Identification---Group-A\Training_Pool_B_Decks\Non-Cracked\7031-37.jpg,7031-37.jpg,Decks,Non-Cracked,Decks_Non-Cracked,"noncracked_high_edges, very_dark",train
C:\Users\ikerd\Desktop\Vision  Project\Crack-Identification---Group-A\Training_Pool_B_Decks\Non-Cracked\7031-246.jpg,7031-246.jpg,Decks,Non-Cracked,Decks_Non-Cracked,noncracked_high_edges,train
C:\Users\ikerd\Desktop\Vision  Project\Crack-Identification---Group-A\Training_Pool_A_Walls\Non-Cracked\7121-48.jpg,7121-48.jpg,Walls,Non-Cracked,Walls_Non-Cracked,noncracked_high_edges,train
C:\Users\ikerd\Desktop\Vision  Project\Crack-Identification---Group-A\Training_Pool_B_Decks\Non-Cracked\7003-116.jpg,7003-116.jpg,Decks,Non-Cracked,Decks_Non-Cracked,very_bright,train
C:\Users\ikerd\Desktop\Vision  Project\Crack-Identification---Group-A\Training_Pool_B_Decks\Cracked\7049-140.jpg,7049-140.jpg,Decks,Cracked,Decks_Cracked,very_bright,train
C:\Users\ikerd\Desktop\Vision  Project\Crack-Identification---Group-A\Training_Pool_B_Decks\Non-Cracked\7024-164.jpg,7024-164.jpg,Decks,Non-Cracked,Decks_Non-Cracked,very_bright,train
C:\Users\ikerd\Desktop\Vision  Project\Crack-Identification---Group-A\Training_Pool_B_Decks\Non-Cracked\7047-18.jpg,7047-18.jpg,Decks,Non-Cracked,Decks_Non-Cracked,"noncracked_high_edges, very_dark",train
C:\Users\ikerd\Desktop\Vision  Project\Crack-Identification---Group-A\Training_Pool_B_Decks\Non-Cracked\7033-38.jpg,7033-38.jpg,Decks,Non-Cracked,Decks_Non-Cracked,very_bright,train
C:\Users\ikerd\Desktop\Vision  Project\Crack-Identification---Group-A\Training_Pool_B_Decks\Non-Cracked\7014-20.jpg,7014-20.jpg,Decks,Non-Cracked,Decks_Non-Cracked,very_dark,train
C:\Users\ikerd\Desktop\Vision  Project\Crack-Identification---Group-A\Training_Pool_B_Decks\Non-Cracked\7023-74.jpg,7023-74.jpg,Decks,Non-Cracked,Decks_Non-Cracked,very_bright,train
C:\Users\ikerd\Desktop\Vision  Project\Crack-Identification---Group-A\Training_Pool_B_Decks\Non-Cracked\7008-198.jpg,7008-198.jpg,Decks,Non-Cracked,Decks_Non-Cracked,noncracked_high_edges,train
C:\Users\ikerd\Desktop\Vision  Project\Crack-Identification---Group-A\Training_Pool_A_Walls\Non-Cracked\7116-26.jpg,7116-26.jpg,Walls,Non-Cracked,Walls_Non-Cracked,noncracked_high_edges,train
C:\Users\ikerd\Desktop\Vision  Project\Crack-Identification---Group-A\Training_Pool_B_Decks\Non-Cracked\7043-240.jpg,7043-240.jpg,Decks,Non-Cracked,Decks_Non-Cracked,noncracked_high_edges,train
C:\Users\ikerd\Desktop\Vision  Project\Crack-Identification---Group-A\Training_Pool_B_Decks\Non-Cracked\7044-181.jpg,7044-181.jpg,Decks,Non-Cracked,Decks_Non-Cracked,very_dark,train
C:\Users\ikerd\Desktop\Vision  Project\Crack-Identification---Group-A\Training_Pool_B_Decks\Non-Cracked\7016-2.jpg,7016-2.jpg,Decks,Non-Cracked,Decks_Non-Cracked,very_dark,train
C:\Users\ikerd\Desktop\Vision  Project\Crack-Identification---Group-A\Training_Pool_B_Decks\Non-Cracked\7032-94.jpg,7032-94.jpg,Decks,Non-Cracked,Decks_Non-Cracked,very_bright,train
C:\Users\ikerd\Desktop\Vision  Project\Crack-Identification---Group-A\Training_Pool_B_Decks\Non-Cracked\7029-2.jpg,7029-2.jpg,Decks,Non-Cracked,Decks_Non-Cracked,very_dark,train
C:\Users\ikerd\Desktop\Vision  Project\Crack-Identification---Group-A\Training_Pool_B_Decks\Non-Cracked\7046-162.jpg,7046-162.jpg,Decks,Non-Cracked,Decks_Non-Cracked,noncracked_high_edges,train
C:\Users\ikerd\Desktop\Vision  Project\Crack-Identification---Group-A\Training_Pool_B_Decks\Non-Cracked\7048-135.jpg,7048-135.jpg,Decks,Non-Cracked,Decks_Non-Cracked,noncracked_high_edges,train
C:\Users\ikerd\Desktop\Vision  Project\Crack-Identification---Group-A\Training_Pool_B_Decks\Non-Cracked\7050-132.jpg,7050-132.jpg,Decks,Non-Cracked,Decks_Non-Cracked,noncracked_high_edges,train
C:\Users\ikerd\Desktop\Vision  Project\Crack-Identification---Group-A\Training_Pool_A_Walls\Non-Cracked\7095-152.jpg,7095-152.jpg,Walls,Non-Cracked,Walls_Non-Cracked,noncracked_high_edges,train
C:\Users\ikerd\Desktop\Vision  Project\Crack-Identification---Group-A\Training_Pool_B_Decks\Non-Cracked\7024-114.jpg,7024-114.jpg,Decks,Non-Cracked,Decks_Non-Cracked,very_bright,train
C:\Users\ikerd\Desktop\Vision  Project\Crack-Identification---Group-A\Training_Pool_A_Walls\Non-Cracked\7101-175.jpg,7101-175.jpg,Walls,Non-Cracked,Walls_Non-Cracked,noncracked_high_edges,train
C:\Users\ikerd\Desktop\Vision  Project\Crack-Identification---Group-A\Training_Pool_B_Decks\Non-Cracked\7044-170.jpg,7044-170.jpg,Decks,Non-Cracked,Decks_Non-Cracked,noncracked_high_edges,train
C:\Users\ikerd\Desktop\Vision  Project\Crack-Identification---Group-A\Training_Pool_B_Decks\Non-Cracked\7017-73.jpg,7017-73.jpg,Decks,Non-Cracked,Decks_Non-Cracked,very_dark,train
C:\Users\ikerd\Desktop\Vision  Project\Crack-Identification---Group-A\Training_Pool_A_Walls\Non-Cracked\7132-134.jpg,7132-134.jpg,Walls,Non-Cracked,Walls_Non-Cracked,noncracked_high_edges,train
C:\Users\ikerd\Desktop\Vision  Project\Crack-Identification---Group-A\Training_Pool_B_Decks\Non-Cracked\7031-241.jpg,7031-241.jpg,Decks,Non-Cracked,Decks_Non-Cracked,noncracked_high_edges,train
C:\Users\ikerd\Desktop\Vision  Project\Crack-Identification---Group-A\Training_Pool_A_Walls\Non-Cracked\7098-69.jpg,7098-69.jpg,Walls,Non-Cracked,Walls_Non-Cracked,noncracked_high_edges,train
C:\Users\ikerd\Desktop\Vision  Project\Crack-Identification---Group-A\Training_Pool_A_Walls\Non-Cracked\7121-67.jpg,7121-67.jpg,Walls,Non-Cracked,Walls_Non-Cracked,noncracked_high_edges,train
C:\Users\ikerd\Desktop\Vision  Project\Crack-Identification---Group-A\Training_Pool_B_Decks\Non-Cracked\7035-5.jpg,7035-5.jpg,Decks,Non-Cracked,Decks_Non-Cracked,very_bright,train
C:\Users\ikerd\Desktop\Vision  Project\Crack-Identification---Group-A\Training_Pool_B_Decks\Non-Cracked\7030-251.jpg,7030-251.jpg,Decks,Non-Cracked,Decks_Non-Cracked,noncracked_high_edges,train
C:\Users\ikerd\Desktop\Vision  Project\Crack-Identification---Group-A\Training_Pool_B_Decks\Non-Cracked\7015-11.jpg,7015-11.jpg,Decks,Non-Cracked,Decks_Non-Cracked,very_dark,train
C:\Users\ikerd\Desktop\Vision  Project\Crack-Identification---Group-A\Training_Pool_B_Decks\Non-Cracked\7014-178.jpg,7014-178.jpg,Decks,Non-Cracked,Decks_Non-Cracked,noncracked_high_edges,train
C:\Users\ikerd\Desktop\Vision  Project\Crack-Identification---Group-A\Training_Pool_B_Decks\Non-Cracked\7008-72.jpg,7008-72.jpg,Decks,Non-Cracked,Decks_Non-Cracked,noncracked_high_edges,train
C:\Users\ikerd\Desktop\Vision  Project\Crack-Identification---Group-A\Training_Pool_B_Decks\Non-Cracked\7047-91.jpg,7047-91.jpg,Decks,Non-Cracked,Decks_Non-Cracked,very_bright,train
C:\Users\ikerd\Desktop\Vision  Project\Crack-Identification---Group-A\Training_Pool_B_Decks\Non-Cracked\7037-177.jpg,7037-177.jpg,Decks,Non-Cracked,Decks_Non-Cracked,noncracked_high_edges,train
C:\Users\ikerd\Desktop\Vision  Project\Crack-Identification---Group-A\Training_Pool_B_Decks\Non-Cracked\7023-127.jpg,7023-127.jpg,Decks,Non-Cracked,Decks_Non-Cracked,very_bright,train
C:\Users\ikerd\Desktop\Vision  Project\Crack-Identification---Group-A\Training_Pool_A_Walls\Non-Cracked\7116-97.jpg,7116-97.jpg,Walls,Non-Cracked,Walls_Non-Cracked,noncracked_high_edges,train
C:\Users\ikerd\Desktop\Vision  Project\Crack-Identification---Group-A\Training_Pool_B_Decks\Non-Cracked\7016-9.jpg,7016-9.jpg,Decks,Non-Cracked,Decks_Non-Cracked,very_dark,train
C:\Users\ikerd\Desktop\Vision  Project\Crack-Identification---Group-A\Training_Pool_A_Walls\Non-Cracked\7116-85.jpg,7116-85.jpg,Walls,Non-Cracked,Walls_Non-Cracked,noncracked_high_edges,train
C:\Users\ikerd\Desktop\Vision  Project\Crack-Identification---Group-A\Training_Pool_B_Decks\Non-Cracked\7038-246.jpg,7038-246.jpg,Decks,Non-Cracked,Decks_Non-Cracked,noncracked_high_edges,train
C:\Users\ikerd\Desktop\Vision  Project\Crack-Identification---Group-A\Training_Pool_B_Decks\Non-Cracked\7053-35_2.jpg,7053-35_2.jpg,Decks,Non-Cracked,Decks_Non-Cracked,noncracked_high_edges,train
C:\Users\ikerd\Desktop\Vision  Project\Crack-Identification---Group-A\Training_Pool_B_Decks\Non-Cracked\7049-102.jpg,7049-102.jpg,Decks,Non-Cracked,Decks_Non-Cracked,noncracked_high_edges,train
C:\Users\ikerd\Desktop\Vision  Project\Crack-Identification---Group-A\Training_Pool_B_Decks\Non-Cracked\7052-67.jpg,7052-67.jpg,Decks,Non-Cracked,Decks_Non-Cracked,noncracked_high_edges,train
C:\Users\ikerd\Desktop\Vision  Project\Crack-Identification---Group-A\Training_Pool_B_Decks\Non-Cracked\7031-239.jpg,7031-239.jpg,Decks,Non-Cracked,Decks_Non-Cracked,noncracked_high_edges,train
C:\Users\ikerd\Desktop\Vision  Project\Crack-Identification---Group-A\Training_Pool_A_Walls\Non-Cracked\7124-117.jpg,7124-117.jpg,Walls,Non-Cracked,Walls_Non-Cracked,noncracked_high_edges,train
C:\Users\ikerd\Desktop\Vision  Project\Crack-Identification---Group-A\Training_Pool_B_Decks\Non-Cracked\7025-72.jpg,7025-72.jpg,Decks,Non-Cracked,Decks_Non-Cracked,noncracked_high_edges,train
C:\Users\ikerd\Desktop\Vision  Project\Crack-Identification---Group-A\Training_Pool_B_Decks\Non-Cracked\7039-72.jpg,7039-72.jpg,Decks,Non-Cracked,Decks_Non-Cracked,"noncracked_high_edges, very_dark",train
C:\Users\ikerd\Desktop\Vision  Project\Crack-Identification---Group-A\Training_Pool_A_Walls\Non-Cracked\7100-67.jpg,7100-67.jpg,Walls,Non-Cracked,Walls_Non-Cracked,noncracked_high_edges,train
C:\Users\ikerd\Desktop\Vision  Project\Crack-Identification---Group-A\Training_Pool_B_Decks\Non-Cracked\7016-127.jpg,7016-127.jpg,Decks,Non-Cracked,Decks_Non-Cracked,very_dark,train
C:\Users\ikerd\Desktop\Vision  Project\Crack-Identification---Group-A\Training_Pool_B_Decks\Non-Cracked\7032-114.jpg,7032-114.jpg,Decks,Non-Cracked,Decks_Non-Cracked,very_bright,train
C:\Users\ikerd\Desktop\Vision  Project\Crack-Identification---Group-A\Training_Pool_B_Decks\Non-Cracked\7016-10.jpg,7016-10.jpg,Decks,Non-Cracked,Decks_Non-Cracked,very_dark,train
C:\Users\ikerd\Desktop\Vision  Project\Crack-Identification---Group-A\Training_Pool_B_Decks\Non-Cracked\7017-217.jpg,7017-217.jpg,Decks,Non-Cracked,Decks_Non-Cracked,very_dark,train
C:\Users\ikerd\Desktop\Vision  Project\Crack-Identification---Group-A\Training_Pool_B_Decks\Non-Cracked\7016-13.jpg,7016-13.jpg,Decks,Non-Cracked,Decks_Non-Cracked,very_dark,train
C:\Users\ikerd\Desktop\Vision  Project\Crack-Identification---Group-A\Training_Pool_A_Walls\Non-Cracked\7121-51.jpg,7121-51.jpg,Walls,Non-Cracked,Walls_Non-Cracked,noncracked_high_edges,train
C:\Users\ikerd\Desktop\Vision  Project\Crack-Identification---Group-A\Training_Pool_B_Decks\Non-Cracked\7030-118.jpg,7030-118.jpg,Decks,Non-Cracked,Decks_Non-Cracked,very_bright,train
C:\Users\ikerd\Desktop\Vision  Project\Crack-Identification---Group-A\Training_Pool_A_Walls\Non-Cracked\7107-12.jpg,7107-12.jpg,Walls,Non-Cracked,Walls_Non-Cracked,noncracked_high_edges,train
C:\Users\ikerd\Desktop\Vision  Project\Crack-Identification---Group-A\Training_Pool_B_Decks\Non-Cracked\7054-58.jpg,7054-58.jpg,Decks,Non-Cracked,Decks_Non-Cracked,very_bright,train
C:\Users\ikerd\Desktop\Vision  Project\Crack-Identification---Group-A\Training_Pool_B_Decks\Non-Cracked\7018-250.jpg,7018-250.jpg,Decks,Non-Cracked,Decks_Non-Cracked,very_bright,train
C:\Users\ikerd\Desktop\Vision  Project\Crack-Identification---Group-A\Training_Pool_B_Decks\Non-Cracked\7031-249.jpg,7031-249.jpg,Decks,Non-Cracked,Decks_Non-Cracked,noncracked_high_edges,train
C:\Users\ikerd\Desktop\Vision  Project\Crack-Identification---Group-A\Training_Pool_B_Decks\Non-Cracked\7044-208.jpg,7044-208.jpg,Decks,Non-Cracked,Decks_Non-Cracked,noncracked_high_edges,train
C:\Users\ikerd\Desktop\Vision  Project\Crack-Identification---Group-A\Training_Pool_A_Walls\Non-Cracked\7116-172.jpg,7116-172.jpg,Walls,Non-Cracked,Walls_Non-Cracked,noncracked_high_edges,train
C:\Users\ikerd\Desktop\Vision  Project\Crack-Identification---Group-A\Training_Pool_B_Decks\Non-Cracked\7053-126.jpg,7053-126.jpg,Decks,Non-Cracked,Decks_Non-Cracked,"noncracked_high_edges, very_dark",train
C:\Users\ikerd\Desktop\Vision  Project\Crack-Identification---Group-A\Training_Pool_A_Walls\Non-Cracked\7094-83.jpg,7094-83.jpg,Walls,Non-Cracked,Walls_Non-Cracked,noncracked_high_edges,train
C:\Users\ikerd\Desktop\Vision  Project\Crack-Identification---Group-A\Training_Pool_B_Decks\Non-Cracked\7039-252.jpg,7039-252.jpg,Decks,Non-Cracked,Decks_Non-Cracked,"noncracked_high_edges, very_dark",train
C:\Users\ikerd\Desktop\Vision  Project\Crack-Identification---Group-A\Training_Pool_B_Decks\Non-Cracked\7024-73.jpg,7024-73.jpg,Decks,Non-Cracked,Decks_Non-Cracked,very_bright,train
C:\Users\ikerd\Desktop\Vision  Project\Crack-Identification---Group-A\Training_Pool_B_Decks\Non-Cracked\7014-8.jpg,7014-8.jpg,Decks,Non-Cracked,Decks_Non-Cracked,very_dark,train
C:\Users\ikerd\Desktop\Vision  Project\Crack-Identification---Group-A\Training_Pool_B_Decks\Non-Cracked\7047-144.jpg,7047-144.jpg,Decks,Non-Cracked,Decks_Non-Cracked,noncracked_high_edges,train
C:\Users\ikerd\Desktop\Vision  Project\Crack-Identification---Group-A\Training_Pool_A_Walls\Non-Cracked\7134-199.jpg,7134-199.jpg,Walls,Non-Cracked,Walls_Non-Cracked,very_dark,train
C:\Users\ikerd\Desktop\Vision  Project\Crack-Identification---Group-A\Training_Pool_A_Walls\Non-Cracked\7100-151.jpg,7100-151.jpg,Walls,Non-Cracked,Walls_Non-Cracked,noncracked_high_edges,train
C:\Users\ikerd\Desktop\Vision  Project\Crack-Identification---Group-A\Training_Pool_B_Decks\Non-Cracked\7024-77.jpg,7024-77.jpg,Decks,Non-Cracked,Decks_Non-Cracked,very_bright,train
C:\Users\ikerd\Desktop\Vision  Project\Crack-Identification---Group-A\Training_Pool_B_Decks\Non-Cracked\7048-175.jpg,7048-175.jpg,Decks,Non-Cracked,Decks_Non-Cracked,noncracked_high_edges,train
C:\Users\ikerd\Desktop\Vision  Project\Crack-Identification---Group-A\Training_Pool_B_Decks\Non-Cracked\7050-100.jpg,7050-100.jpg,Decks,Non-Cracked,Decks_Non-Cracked,noncracked_high_edges,train
C:\Users\ikerd\Desktop\Vision  Project\Crack-Identification---Group-A\Training_Pool_B_Decks\Non-Cracked\7054-101.jpg,7054-101.jpg,Decks,Non-Cracked,Decks_Non-Cracked,noncracked_high_edges,train
C:\Users\ikerd\Desktop\Vision  Project\Crack-Identification---Group-A\Training_Pool_B_Decks\Non-Cracked\7047-252.jpg,7047-252.jpg,Decks,Non-Cracked,Decks_Non-Cracked,"noncracked_high_edges, very_dark",train
C:\Users\ikerd\Desktop\Vision  Project\Crack-Identification---Group-A\Training_Pool_B_Decks\Non-Cracked\7025-216.jpg,7025-216.jpg,Decks,Non-Cracked,Decks_Non-Cracked,"noncracked_high_edges, very_dark",train
C:\Users\ikerd\Desktop\Vision  Project\Crack-Identification---Group-A\Training_Pool_B_Decks\Non-Cracked\7017-170.jpg,7017-170.jpg,Decks,Non-Cracked,Decks_Non-Cracked,noncracked_high_edges,train
C:\Users\ikerd\Desktop\Vision  Project\Crack-Identification---Group-A\Training_Pool_A_Walls\Non-Cracked\7119-110.jpg,7119-110.jpg,Walls,Non-Cracked,Walls_Non-Cracked,noncracked_high_edges,train
C:\Users\ikerd\Desktop\Vision  Project\Crack-Identification---Group-A\Training_Pool_B_Decks\Non-Cracked\7030-119.jpg,7030-119.jpg,Decks,Non-Cracked,Decks_Non-Cracked,very_bright,train
C:\Users\ikerd\Desktop\Vision  Project\Crack-Identification---Group-A\Training_Pool_B_Decks\Non-Cracked\7034-137.jpg,7034-137.jpg,Decks,Non-Cracked,Decks_Non-Cracked,very_bright,train
C:\Users\ikerd\Desktop\Vision  Project\Crack-Identification---Group-A\Training_Pool_B_Decks\Non-Cracked\7054-176.jpg,7054-176.jpg,Decks,Non-Cracked,Decks_Non-Cracked,noncracked_high_edges,train
C:\Users\ikerd\Desktop\Vision  Project\Crack-Identification---Group-A\Training_Pool_A_Walls\Non-Cracked\7119-113.jpg,7119-113.jpg,Walls,Non-Cracked,Walls_Non-Cracked,noncracked_high_edges,train
C:\Users\ikerd\Desktop\Vision  Project\Crack-Identification---Group-A\Training_Pool_B_Decks\Non-Cracked\7008-234.jpg,7008-234.jpg,Decks,Non-Cracked,Decks_Non-Cracked,noncracked_high_edges,train
C:\Users\ikerd\Desktop\Vision  Project\Crack-Identification---Group-A\Training_Pool_B_Decks\Non-Cracked\7046-18.jpg,7046-18.jpg,Decks,Non-Cracked,Decks_Non-Cracked,"noncracked_high_edges, very_dark",train
C:\Users\ikerd\Desktop\Vision  Project\Crack-Identification---Group-A\Training_Pool_B_Decks\Non-Cracked\7054-69.jpg,7054-69.jpg,Decks,Non-Cracked,Decks_Non-Cracked,noncracked_high_edges,train
C:\Users\ikerd\Desktop\Vision  Project\Crack-Identification---Group-A\Training_Pool_B_Decks\Non-Cracked\7014-89.jpg,7014-89.jpg,Decks,Non-Cracked,Decks_Non-Cracked,"noncracked_high_edges, very_dark",train
C:\Users\ikerd\Desktop\Vision  Project\Crack-Identification---Group-A\Training_Pool_A_Walls\Non-Cracked\7121-116.jpg,7121-116.jpg,Walls,Non-Cracked,Walls_Non-Cracked,noncracked_high_edges,train
C:\Users\ikerd\Desktop\Vision  Project\Crack-Identification---Group-A\Training_Pool_B_Decks\Non-Cracked\7053-161.jpg,7053-161.jpg,Decks,Non-Cracked,Decks_Non-Cracked,noncracked_high_edges,train
C:\Users\ikerd\Desktop\Vision  Project\Crack-Identification---Group-A\Training_Pool_B_Decks\Non-Cracked\7014-111.jpg,7014-111.jpg,Decks,Non-Cracked,Decks_Non-Cracked,very_bright,train
C:\Users\ikerd\Desktop\Vision  Project\Crack-Identification---Group-A\Training_Pool_B_Decks\Non-Cracked\7052-14.jpg,7052-14.jpg,Decks,Non-Cracked,Decks_Non-Cracked,noncracked_high_edges,train
C:\Users\ikerd\Desktop\Vision  Project\Crack-Identification---Group-A\Training_Pool_A_Walls\Non-Cracked\7119-95.jpg,7119-95.jpg,Walls,Non-Cracked,Walls_Non-Cracked,noncracked_high_edges,train
C:\Users\ikerd\Desktop\Vision  Project\Crack-Identification---Group-A\Training_Pool_A_Walls\Non-Cracked\7113-135.jpg,7113-135.jpg,Walls,Non-Cracked,Walls_Non-Cracked,noncracked_high_edges,train
C:\Users\ikerd\Desktop\Vision  Project\Crack-Identification---Group-A\Training_Pool_B_Decks\Non-Cracked\7038-228.jpg,7038-228.jpg,Decks,Non-Cracked,Decks_Non-Cracked,noncracked_high_edges,train
C:\Users\ikerd\Desktop\Vision  Project\Crack-Identification---Group-A\Training_Pool_B_Decks\Non-Cracked\7053-189.jpg,7053-189.jpg,Decks,Non-Cracked,Decks_Non-Cracked,noncracked_high_edges,train
C:\Users\ikerd\Desktop\Vision  Project\Crack-Identification---Group-A\Training_Pool_A_Walls\Non-Cracked\7119-149.jpg,7119-149.jpg,Walls,Non-Cracked,Walls_Non-Cracked,noncracked_high_edges,train
C:\Users\ikerd\Desktop\Vision  Project\Crack-Identification---Group-A\Training_Pool_A_Walls\Non-Cracked\7101-157.jpg,7101-157.jpg,Walls,Non-Cracked,Walls_Non-Cracked,noncracked_high_edges,train
C:\Users\ikerd\Desktop\Vision  Project\Crack-Identification---Group-A\Training_Pool_A_Walls\Non-Cracked\7135-154.jpg,7135-154.jpg,Walls,Non-Cracked,Walls_Non-Cracked,noncracked_high_edges,train
C:\Users\ikerd\Desktop\Vision  Project\Crack-Identification---Group-A\Training_Pool_B_Decks\Non-Cracked\7039-25.jpg,7039-25.jpg,Decks,Non-Cracked,Decks_Non-Cracked,noncracked_high_edges,train
C:\Users\ikerd\Desktop\Vision  Project\Crack-Identification---Group-A\Training_Pool_B_Decks\Non-Cracked\7003-249.jpg,7003-249.jpg,Decks,Non-Cracked,Decks_Non-Cracked,noncracked_high_edges,train
C:\Users\ikerd\Desktop\Vision  Project\Crack-Identification---Group-A\Training_Pool_A_Walls\Non-Cracked\7114-65.jpg,7114-65.jpg,Walls,Non-Cracked,Walls_Non-Cracked,noncracked_high_edges,train
C:\Users\ikerd\Desktop\Vision  Project\Crack-Identification---Group-A\Training_Pool_A_Walls\Non-Cracked\7106-117.jpg,7106-117.jpg,Walls,Non-Cracked,Walls_Non-Cracked,noncracked_high_edges,train
C:\Users\ikerd\Desktop\Vision  Project\Crack-Identification---Group-A\Training_Pool_A_Walls\Non-Cracked\7116-47.jpg,7116-47.jpg,Walls,Non-Cracked,Walls_Non-Cracked,noncracked_high_edges,train
C:\Users\ikerd\Desktop\Vision  Project\Crack-Identification---Group-A\Training_Pool_B_Decks\Non-Cracked\7032-40.jpg,7032-40.jpg,Decks,Non-Cracked,Decks_Non-Cracked,very_bright,train
C:\Users\ikerd\Desktop\Vision  Project\Crack-Identification---Group-A\Training_Pool_B_Decks\Non-Cracked\7032-8.jpg,7032-8.jpg,Decks,Non-Cracked,Decks_Non-Cracked,very_bright,train
C:\Users\ikerd\Desktop\Vision  Project\Crack-Identification---Group-A\Training_Pool_A_Walls\Non-Cracked\7101-12.jpg,7101-12.jpg,Walls,Non-Cracked,Walls_Non-Cracked,noncracked_high_edges,train
C:\Users\ikerd\Desktop\Vision  Project\Crack-Identification---Group-A\Training_Pool_B_Decks\Non-Cracked\7039-179.jpg,7039-179.jpg,Decks,Non-Cracked,Decks_Non-Cracked,noncracked_high_edges,train
C:\Users\ikerd\Desktop\Vision  Project\Crack-Identification---Group-A\Training_Pool_B_Decks\Non-Cracked\7038-210.jpg,7038-210.jpg,Decks,Non-Cracked,Decks_Non-Cracked,noncracked_high_edges,train
C:\Users\ikerd\Desktop\Vision  Project\Crack-Identification---Group-A\Training_Pool_B_Decks\Non-Cracked\7054-7.jpg,7054-7.jpg,Decks,Non-Cracked,Decks_Non-Cracked,very_bright,train
C:\Users\ikerd\Desktop\Vision  Project\Crack-Identification---Group-A\Training_Pool_B_Decks\Non-Cracked\7032-42.jpg,7032-42.jpg,Decks,Non-Cracked,Decks_Non-Cracked,very_bright,train
C:\Users\ikerd\Desktop\Vision  Project\Crack-Identification---Group-A\Training_Pool_B_Decks\Non-Cracked\7053-89.jpg,7053-89.jpg,Decks,Non-Cracked,Decks_Non-Cracked,noncracked_high_edges,train
C:\Users\ikerd\Desktop\Vision  Project\Crack-Identification---Group-A\Training_Pool_B_Decks\Non-Cracked\7032-76.jpg,7032-76.jpg,Decks,Non-Cracked,Decks_Non-Cracked,very_bright,train
C:\Users\ikerd\Desktop\Vision  Project\Crack-Identification---Group-A\Training_Pool_A_Walls\Non-Cracked\7114-67.jpg,7114-67.jpg,Walls,Non-Cracked,Walls_Non-Cracked,noncracked_high_edges,train
C:\Users\ikerd\Desktop\Vision  Project\Crack-Identification---Group-A\Training_Pool_B_Decks\Non-Cracked\7034-40.jpg,7034-40.jpg,Decks,Non-Cracked,Decks_Non-Cracked,very_bright,train
C:\Users\ikerd\Desktop\Vision  Project\Crack-Identification---Group-A\Training_Pool_B_Decks\Non-Cracked\7015-17.jpg,7015-17.jpg,Decks,Non-Cracked,Decks_Non-Cracked,very_dark,train
C:\Users\ikerd\Desktop\Vision  Project\Crack-Identification---Group-A\Training_Pool_B_Decks\Non-Cracked\7030-237.jpg,7030-237.jpg,Decks,Non-Cracked,Decks_Non-Cracked,noncracked_high_edges,train
C:\Users\ikerd\Desktop\Vision  Project\Crack-Identification---Group-A\Training_Pool_B_Decks\Non-Cracked\7048-176.jpg,7048-176.jpg,Decks,Non-Cracked,Decks_Non-Cracked,noncracked_high_edges,train
C:\Users\ikerd\Desktop\Vision  Project\Crack-Identification---Group-A\Training_Pool_A_Walls\Non-Cracked\7100-177.jpg,7100-177.jpg,Walls,Non-Cracked,Walls_Non-Cracked,noncracked_high_edges,train
C:\Users\ikerd\Desktop\Vision  Project\Crack-Identification---Group-A\Training_Pool_A_Walls\Non-Cracked\7116-78.jpg,7116-78.jpg,Walls,Non-Cracked,Walls_Non-Cracked,noncracked_high_edges,train
C:\Users\ikerd\Desktop\Vision  Project\Crack-Identification---Group-A\Training_Pool_B_Decks\Non-Cracked\7054-152.jpg,7054-152.jpg,Decks,Non-Cracked,Decks_Non-Cracked,noncracked_high_edges,train
C:\Users\ikerd\Desktop\Vision  Project\Crack-Identification---Group-A\Training_Pool_B_Decks\Non-Cracked\7049-174.jpg,7049-174.jpg,Decks,Non-Cracked,Decks_Non-Cracked,noncracked_high_edges,train
C:\Users\ikerd\Desktop\Vision  Project\Crack-Identification---Group-A\Training_Pool_A_Walls\Non-Cracked\7100-118.jpg,7100-118.jpg,Walls,Non-Cracked,Walls_Non-Cracked,noncracked_high_edges,train
C:\Users\ikerd\Desktop\Vision  Project\Crack-Identification---Group-A\Training_Pool_B_Decks\Non-Cracked\7039-10.jpg,7039-10.jpg,Decks,Non-Cracked,Decks_Non-Cracked,noncracked_high_edges,train
C:\Users\ikerd\Desktop\Vision  Project\Crack-Identification---Group-A\Training_Pool_B_Decks\Non-Cracked\7053-198.jpg,7053-198.jpg,Decks,Non-Cracked,Decks_Non-Cracked,"noncracked_high_edges, very_dark",train
C:\Users\ikerd\Desktop\Vision  Project\Crack-Identification---Group-A\Training_Pool_B_Decks\Non-Cracked\7025-165.jpg,7025-165.jpg,Decks,Non-Cracked,Decks_Non-Cracked,very_bright,train
C:\Users\ikerd\Desktop\Vision  Project\Crack-Identification---Group-A\Training_Pool_B_Decks\Non-Cracked\7025-180.jpg,7025-180.jpg,Decks,Non-Cracked,Decks_Non-Cracked,noncracked_high_edges,train
C:\Users\ikerd\Desktop\Vision  Project\Crack-Identification---Group-A\Training_Pool_A_Walls\Non-Cracked\7135-244.jpg,7135-244.jpg,Walls,Non-Cracked,Walls_Non-Cracked,noncracked_high_edges,train
C:\Users\ikerd\Desktop\Vision  Project\Crack-Identification---Group-A\Training_Pool_B_Decks\Non-Cracked\7022-130.jpg,7022-130.jpg,Decks,Non-Cracked,Decks_Non-Cracked,very_bright,train
C:\Users\ikerd\Desktop\Vision  Project\Crack-Identification---Group-A\Training_Pool_A_Walls\Non-Cracked\7119-66.jpg,7119-66.jpg,Walls,Non-Cracked,Walls_Non-Cracked,noncracked_high_edges,train
C:\Users\ikerd\Desktop\Vision  Project\Crack-Identification---Group-A\Training_Pool_B_Decks\Non-Cracked\7023-91.jpg,7023-91.jpg,Decks,Non-Cracked,Decks_Non-Cracked,very_bright,train
C:\Users\ikerd\Desktop\Vision  Project\Crack-Identification---Group-A\Training_Pool_A_Walls\Non-Cracked\7125-140.jpg,7125-140.jpg,Walls,Non-Cracked,Walls_Non-Cracked,noncracked_high_edges,train
C:\Users\ikerd\Desktop\Vision  Project\Crack-Identification---Group-A\Training_Pool_B_Decks\Non-Cracked\7024-74.jpg,7024-74.jpg,Decks,Non-Cracked,Decks_Non-Cracked,very_bright,train
C:\Users\ikerd\Desktop\Vision  Project\Crack-Identification---Group-A\Training_Pool_B_Decks\Non-Cracked\7039-35.jpg,7039-35.jpg,Decks,Non-Cracked,Decks_Non-Cracked,"noncracked_high_edges, very_dark",train
C:\Users\ikerd\Desktop\Vision  Project\Crack-Identification---Group-A\Training_Pool_A_Walls\Non-Cracked\7116-133.jpg,7116-133.jpg,Walls,Non-Cracked,Walls_Non-Cracked,noncracked_high_edges,train
C:\Users\ikerd\Desktop\Vision  Project\Crack-Identification---Group-A\Training_Pool_B_Decks\Non-Cracked\7016-163.jpg,7016-163.jpg,Decks,Non-Cracked,Decks_Non-Cracked,very_dark,train
C:\Users\ikerd\Desktop\Vision  Project\Crack-Identification---Group-A\Training_Pool_B_Decks\Non-Cracked\7046-225.jpg,7046-225.jpg,Decks,Non-Cracked,Decks_Non-Cracked,noncracked_high_edges,train
C:\Users\ikerd\Desktop\Vision  Project\Crack-Identification---Group-A\Training_Pool_B_Decks\Non-Cracked\7053-117.jpg,7053-117.jpg,Decks,Non-Cracked,Decks_Non-Cracked,noncracked_high_edges,train
C:\Users\ikerd\Desktop\Vision  Project\Crack-Identification---Group-A\Training_Pool_B_Decks\Non-Cracked\7044-134.jpg,7044-134.jpg,Decks,Non-Cracked,Decks_Non-Cracked,noncracked_high_edges,train
C:\Users\ikerd\Desktop\Vision  Project\Crack-Identification---Group-A\Training_Pool_B_Decks\Non-Cracked\7008-144.jpg,7008-144.jpg,Decks,Non-Cracked,Decks_Non-Cracked,noncracked_high_edges,train
C:\Users\ikerd\Desktop\Vision  Project\Crack-Identification---Group-A\Training_Pool_B_Decks\Non-Cracked\7054-103.jpg,7054-103.jpg,Decks,Non-Cracked,Decks_Non-Cracked,noncracked_high_edges,train
C:\Users\ikerd\Desktop\Vision  Project\Crack-Identification---Group-A\Training_Pool_B_Decks\Non-Cracked\7054-68.jpg,7054-68.jpg,Decks,Non-Cracked,Decks_Non-Cracked,noncracked_high_edges,train
C:\Users\ikerd\Desktop\Vision  Project\Crack-Identification---Group-A\Training_Pool_B_Decks\Non-Cracked\7003-148.jpg,7003-148.jpg,Decks,Non-Cracked,Decks_Non-Cracked,very_bright,train
C:\Users\ikerd\Desktop\Vision  Project\Crack-Identification---Group-A\Training_Pool_B_Decks\Non-Cracked\7051-119.jpg,7051-119.jpg,Decks,Non-Cracked,Decks_Non-Cracked,noncracked_high_edges,train
C:\Users\ikerd\Desktop\Vision  Project\Crack-Identification---Group-A\Training_Pool_A_Walls\Non-Cracked\7116-9.jpg,7116-9.jpg,Walls,Non-Cracked,Walls_Non-Cracked,noncracked_high_edges,train
C:\Users\ikerd\Desktop\Vision  Project\Crack-Identification---Group-A\Training_Pool_A_Walls\Non-Cracked\7106-151.jpg,7106-151.jpg,Walls,Non-Cracked,Walls_Non-Cracked,noncracked_high_edges,train
C:\Users\ikerd\Desktop\Vision  Project\Crack-Identification---Group-A\Training_Pool_B_Decks\Non-Cracked\7025-215.jpg,7025-215.jpg,Decks,Non-Cracked,Decks_Non-Cracked,noncracked_high_edges,train
C:\Users\ikerd\Desktop\Vision  Project\Crack-Identification---Group-A\Training_Pool_B_Decks\Non-Cracked\7057-11.jpg,7057-11.jpg,Decks,Non-Cracked,Decks_Non-Cracked,"noncracked_high_edges, very_dark",train
C:\Users\ikerd\Desktop\Vision  Project\Crack-Identification---Group-A\Training_Pool_A_Walls\Non-Cracked\7106-134.jpg,7106-134.jpg,Walls,Non-Cracked,Walls_Non-Cracked,noncracked_high_edges,train
C:\Users\ikerd\Desktop\Vision  Project\Crack-Identification---Group-A\Training_Pool_A_Walls\Non-Cracked\7100-134.jpg,7100-134.jpg,Walls,Non-Cracked,Walls_Non-Cracked,noncracked_high_edges,train
C:\Users\ikerd\Desktop\Vision  Project\Crack-Identification---Group-A\Training_Pool_B_Decks\Non-Cracked\7007-72.jpg,7007-72.jpg,Decks,Non-Cracked,Decks_Non-Cracked,noncracked_high_edges,train
C:\Users\ikerd\Desktop\Vision  Project\Crack-Identification---Group-A\Training_Pool_B_Decks\Non-Cracked\7032-23.jpg,7032-23.jpg,Decks,Non-Cracked,Decks_Non-Cracked,very_bright,train
C:\Users\ikerd\Desktop\Vision  Project\Crack-Identification---Group-A\Training_Pool_A_Walls\Non-Cracked\7116-153.jpg,7116-153.jpg,Walls,Non-Cracked,Walls_Non-Cracked,noncracked_high_edges,train
C:\Users\ikerd\Desktop\Vision  Project\Crack-Identification---Group-A\Training_Pool_B_Decks\Non-Cracked\7023-146.jpg,7023-146.jpg,Decks,Non-Cracked,Decks_Non-Cracked,very_bright,train
C:\Users\ikerd\Desktop\Vision  Project\Crack-Identification---Group-A\Training_Pool_B_Decks\Non-Cracked\7049-85.jpg,7049-85.jpg,Decks,Non-Cracked,Decks_Non-Cracked,noncracked_high_edges,train
C:\Users\ikerd\Desktop\Vision  Project\Crack-Identification---Group-A\Training_Pool_B_Decks\Non-Cracked\7023-76.jpg,7023-76.jpg,Decks,Non-Cracked,Decks_Non-Cracked,very_bright,train
C:\Users\ikerd\Desktop\Vision  Project\Crack-Identification---Group-A\Training_Pool_B_Decks\Non-Cracked\7054-67.jpg,7054-67.jpg,Decks,Non-Cracked,Decks_Non-Cracked,noncracked_high_edges,train
C:\Users\ikerd\Desktop\Vision  Project\Crack-Identification---Group-A\Training_Pool_A_Walls\Non-Cracked\7101-117.jpg,7101-117.jpg,Walls,Non-Cracked,Walls_Non-Cracked,noncracked_high_edges,train
C:\Users\ikerd\Desktop\Vision  Project\Crack-Identification---Group-A\Training_Pool_B_Decks\Non-Cracked\7016-20.jpg,7016-20.jpg,Decks,Non-Cracked,Decks_Non-Cracked,very_dark,train
C:\Users\ikerd\Desktop\Vision  Project\Crack-Identification---Group-A\Training_Pool_B_Decks\Non-Cracked\7054-123.jpg,7054-123.jpg,Decks,Non-Cracked,Decks_Non-Cracked,noncracked_high_edges,train
C:\Users\ikerd\Desktop\Vision  Project\Crack-Identification---Group-A\Training_Pool_B_Decks\Non-Cracked\7044-153.jpg,7044-153.jpg,Decks,Non-Cracked,Decks_Non-Cracked,noncracked_high_edges,train
C:\Users\ikerd\Desktop\Vision  Project\Crack-Identification---Group-A\Training_Pool_B_Decks\Non-Cracked\7039-214.jpg,7039-214.jpg,Decks,Non-Cracked,Decks_Non-Cracked,noncracked_high_edges,train
C:\Users\ikerd\Desktop\Vision  Project\Crack-Identification---Group-A\Training_Pool_B_Decks\Non-Cracked\7025-54.jpg,7025-54.jpg,Decks,Non-Cracked,Decks_Non-Cracked,noncracked_high_edges,train
C:\Users\ikerd\Desktop\Vision  Project\Crack-Identification---Group-A\Training_Pool_B_Decks\Non-Cracked\7018-235.jpg,7018-235.jpg,Decks,Non-Cracked,Decks_Non-Cracked,very_dark,train
C:\Users\ikerd\Desktop\Vision  Project\Crack-Identification---Group-A\Training_Pool_B_Decks\Non-Cracked\7034-101.jpg,7034-101.jpg,Decks,Non-Cracked,Decks_Non-Cracked,noncracked_high_edges,train
C:\Users\ikerd\Desktop\Vision  Project\Crack-Identification---Group-A\Training_Pool_B_Decks\Non-Cracked\7047-170.jpg,7047-170.jpg,Decks,Non-Cracked,Decks_Non-Cracked,noncracked_high_edges,train
C:\Users\ikerd\Desktop\Vision  Project\Crack-Identification---Group-A\Training_Pool_A_Walls\Non-Cracked\7114-137.jpg,7114-137.jpg,Walls,Non-Cracked,Walls_Non-Cracked,noncracked_high_edges,train
C:\Users\ikerd\Desktop\Vision  Project\Crack-Identification---Group-A\Training_Pool_A_Walls\Non-Cracked\7114-98.jpg,7114-98.jpg,Walls,Non-Cracked,Walls_Non-Cracked,noncracked_high_edges,train
C:\Users\ikerd\Desktop\Vision  Project\Crack-Identification---Group-A\Training_Pool_B_Decks\Non-Cracked\7039-107.jpg,7039-107.jpg,Decks,Non-Cracked,Decks_Non-Cracked,"noncracked_high_edges, very_dark",train
C:\Users\ikerd\Desktop\Vision  Project\Crack-Identification---Group-A\Training_Pool_B_Decks\Cracked\7007-184.jpg,7007-184.jpg,Decks,Cracked,Decks_Cracked,very_bright,train
C:\Users\ikerd\Desktop\Vision  Project\Crack-Identification---Group-A\Training_Pool_A_Walls\Non-Cracked\7119-82.jpg,7119-82.jpg,Walls,Non-Cracked,Walls_Non-Cracked,noncracked_high_edges,train
C:\Users\ikerd\Desktop\Vision  Project\Crack-Identification---Group-A\Training_Pool_A_Walls\Non-Cracked\7117-102.jpg,7117-102.jpg,Walls,Non-Cracked,Walls_Non-Cracked,noncracked_high_edges,train
C:\Users\ikerd\Desktop\Vision  Project\Crack-Identification---Group-A\Training_Pool_A_Walls\Non-Cracked\7133-84.jpg,7133-84.jpg,Walls,Non-Cracked,Walls_Non-Cracked,noncracked_high_edges,train
C:\Users\ikerd\Desktop\Vision  Project\Crack-Identification---Group-A\Training_Pool_B_Decks\Non-Cracked\7053-197.jpg,7053-197.jpg,Decks,Non-Cracked,Decks_Non-Cracked,noncracked_high_edges,train
C:\Users\ikerd\Desktop\Vision  Project\Crack-Identification---Group-A\Training_Pool_A_Walls\Non-Cracked\7126-134.jpg,7126-134.jpg,Walls,Non-Cracked,Walls_Non-Cracked,noncracked_high_edges,train
C:\Users\ikerd\Desktop\Vision  Project\Crack-Identification---Group-A\Training_Pool_B_Decks\Non-Cracked\7014-6.jpg,7014-6.jpg,Decks,Non-Cracked,Decks_Non-Cracked,very_dark,train
C:\Users\ikerd\Desktop\Vision  Project\Crack-Identification---Group-A\Training_Pool_B_Decks\Non-Cracked\7041-5.jpg,7041-5.jpg,Decks,Non-Cracked,Decks_Non-Cracked,noncracked_high_edges,train
C:\Users\ikerd\Desktop\Vision  Project\Crack-Identification---Group-A\Training_Pool_A_Walls\Non-Cracked\7100-142.jpg,7100-142.jpg,Walls,Non-Cracked,Walls_Non-Cracked,noncracked_high_edges,train
C:\Users\ikerd\Desktop\Vision  Project\Crack-Identification---Group-A\Training_Pool_B_Decks\Non-Cracked\7016-26.jpg,7016-26.jpg,Decks,Non-Cracked,Decks_Non-Cracked,very_dark,train
C:\Users\ikerd\Desktop\Vision  Project\Crack-Identification---Group-A\Training_Pool_B_Decks\Non-Cracked\7034-126.jpg,7034-126.jpg,Decks,Non-Cracked,Decks_Non-Cracked,noncracked_high_edges,train
C:\Users\ikerd\Desktop\Vision  Project\Crack-Identification---Group-A\Training_Pool_B_Decks\Non-Cracked\7037-159.jpg,7037-159.jpg,Decks,Non-Cracked,Decks_Non-Cracked,very_bright,train
C:\Users\ikerd\Desktop\Vision  Project\Crack-Identification---Group-A\Training_Pool_B_Decks\Non-Cracked\7053-82.jpg,7053-82.jpg,Decks,Non-Cracked,Decks_Non-Cracked,noncracked_high_edges,train
C:\Users\ikerd\Desktop\Vision  Project\Crack-Identification---Group-A\Training_Pool_B_Decks\Non-Cracked\7017-145.jpg,7017-145.jpg,Decks,Non-Cracked,Decks_Non-Cracked,very_dark,train
C:\Users\ikerd\Desktop\Vision  Project\Crack-Identification---Group-A\Training_Pool_B_Decks\Non-Cracked\7053-53.jpg,7053-53.jpg,Decks,Non-Cracked,Decks_Non-Cracked,noncracked_high_edges,train
C:\Users\ikerd\Desktop\Vision  Project\Crack-Identification---Group-A\Training_Pool_B_Decks\Non-Cracked\7057-173.jpg,7057-173.jpg,Decks,Non-Cracked,Decks_Non-Cracked,noncracked_high_edges,train
C:\Users\ikerd\Desktop\Vision  Project\Crack-Identification---Group-A\Training_Pool_B_Decks\Non-Cracked\7016-146.jpg,7016-146.jpg,Decks,Non-Cracked,Decks_Non-Cracked,very_dark,train
C:\Users\ikerd\Desktop\Vision  Project\Crack-Identification---Group-A\Training_Pool_B_Decks\Non-Cracked\7046-115.jpg,7046-115.jpg,Decks,Non-Cracked,Decks_Non-Cracked,noncracked_high_edges,train
C:\Users\ikerd\Desktop\Vision  Project\Crack-Identification---Group-A\Training_Pool_B_Decks\Non-Cracked\7045-192.jpg,7045-192.jpg,Decks,Non-Cracked,Decks_Non-Cracked,noncracked_high_edges,train
C:\Users\ikerd\Desktop\Vision  Project\Crack-Identification---Group-A\Training_Pool_A_Walls\Non-Cracked\7114-84.jpg,7114-84.jpg,Walls,Non-Cracked,Walls_Non-Cracked,noncracked_high_edges,train
C:\Users\ikerd\Desktop\Vision  Project\Crack-Identification---Group-A\Training_Pool_B_Decks\Non-Cracked\7054-117.jpg,7054-117.jpg,Decks,Non-Cracked,Decks_Non-Cracked,noncracked_high_edges,train
C:\Users\ikerd\Desktop\Vision  Project\Crack-Identification---Group-A\Training_Pool_B_Decks\Non-Cracked\7049-65.jpg,7049-65.jpg,Decks,Non-Cracked,Decks_Non-Cracked,noncracked_high_edges,train
C:\Users\ikerd\Desktop\Vision  Project\Crack-Identification---Group-A\Training_Pool_A_Walls\Non-Cracked\7116-115.jpg,7116-115.jpg,Walls,Non-Cracked,Walls_Non-Cracked,noncracked_high_edges,train
C:\Users\ikerd\Desktop\Vision  Project\Crack-Identification---Group-A\Training_Pool_B_Decks\Non-Cracked\7025-182.jpg,7025-182.jpg,Decks,Non-Cracked,Decks_Non-Cracked,very_bright,train
C:\Users\ikerd\Desktop\Vision  Project\Crack-Identification---Group-A\Training_Pool_B_Decks\Non-Cracked\7013-198.jpg,7013-198.jpg,Decks,Non-Cracked,Decks_Non-Cracked,noncracked_high_edges,train
C:\Users\ikerd\Desktop\Vision  Project\Crack-Identification---Group-A\Training_Pool_B_Decks\Non-Cracked\7034-48.jpg,7034-48.jpg,Decks,Non-Cracked,Decks_Non-Cracked,very_bright,train
C:\Users\ikerd\Desktop\Vision  Project\Crack-Identification---Group-A\Training_Pool_B_Decks\Non-Cracked\7024-234.jpg,7024-234.jpg,Decks,Non-Cracked,Decks_Non-Cracked,noncracked_high_edges,train
C:\Users\ikerd\Desktop\Vision  Project\Crack-Identification---Group-A\Training_Pool_A_Walls\Non-Cracked\7138-67.jpg,7138-67.jpg,Walls,Non-Cracked,Walls_Non-Cracked,noncracked_high_edges,train
C:\Users\ikerd\Desktop\Vision  Project\Crack-Identification---Group-A\Training_Pool_B_Decks\Non-Cracked\7044-189.jpg,7044-189.jpg,Decks,Non-Cracked,Decks_Non-Cracked,noncracked_high_edges,train
C:\Users\ikerd\Desktop\Vision  Project\Crack-Identification---Group-A\Training_Pool_A_Walls\Non-Cracked\7121-32.jpg,7121-32.jpg,Walls,Non-Cracked,Walls_Non-Cracked,noncracked_high_edges,train
C:\Users\ikerd\Desktop\Vision  Project\Crack-Identification---Group-A\Training_Pool_B_Decks\Non-Cracked\7022-113.jpg,7022-113.jpg,Decks,Non-Cracked,Decks_Non-Cracked,very_bright,train
C:\Users\ikerd\Desktop\Vision  Project\Crack-Identification---Group-A\Training_Pool_A_Walls\Non-Cracked\7130-135.jpg,7130-135.jpg,Walls,Non-Cracked,Walls_Non-Cracked,noncracked_high_edges,train
C:\Users\ikerd\Desktop\Vision  Project\Crack-Identification---Group-A\Training_Pool_B_Decks\Non-Cracked\7047-135.jpg,7047-135.jpg,Decks,Non-Cracked,Decks_Non-Cracked,noncracked_high_edges,train
C:\Users\ikerd\Desktop\Vision  Project\Crack-Identification---Group-A\Training_Pool_B_Decks\Non-Cracked\7024-165.jpg,7024-165.jpg,Decks,Non-Cracked,Decks_Non-Cracked,very_bright,train
C:\Users\ikerd\Desktop\Vision  Project\Crack-Identification---Group-A\Training_Pool_B_Decks\Non-Cracked\7030-247.jpg,7030-247.jpg,Decks,Non-Cracked,Decks_Non-Cracked,noncracked_high_edges,train
C:\Users\ikerd\Desktop\Vision  Project\Crack-Identification---Group-A\Training_Pool_A_Walls\Non-Cracked\7100-149.jpg,7100-149.jpg,Walls,Non-Cracked,Walls_Non-Cracked,noncracked_high_edges,train
C:\Users\ikerd\Desktop\Vision  Project\Crack-Identification---Group-A\Training_Pool_A_Walls\Non-Cracked\7125-63.jpg,7125-63.jpg,Walls,Non-Cracked,Walls_Non-Cracked,noncracked_high_edges,train
C:\Users\ikerd\Desktop\Vision  Project\Crack-Identification---Group-A\Training_Pool_B_Decks\Non-Cracked\7022-95.jpg,7022-95.jpg,Decks,Non-Cracked,Decks_Non-Cracked,very_bright,train
C:\Users\ikerd\Desktop\Vision  Project\Crack-Identification---Group-A\Training_Pool_A_Walls\Non-Cracked\7136-115.jpg,7136-115.jpg,Walls,Non-Cracked,Walls_Non-Cracked,noncracked_high_edges,train
C:\Users\ikerd\Desktop\Vision  Project\Crack-Identification---Group-A\Training_Pool_B_Decks\Non-Cracked\7050-96.jpg,7050-96.jpg,Decks,Non-Cracked,Decks_Non-Cracked,noncracked_high_edges,train
C:\Users\ikerd\Desktop\Vision  Project\Crack-Identification---Group-A\Training_Pool_B_Decks\Non-Cracked\7014-126.jpg,7014-126.jpg,Decks,Non-Cracked,Decks_Non-Cracked,noncracked_high_edges,train
C:\Users\ikerd\Desktop\Vision  Project\Crack-Identification---Group-A\Training_Pool_B_Decks\Non-Cracked\7023-57.jpg,7023-57.jpg,Decks,Non-Cracked,Decks_Non-Cracked,very_bright,train
C:\Users\ikerd\Desktop\Vision  Project\Crack-Identification---Group-A\Training_Pool_B_Decks\Non-Cracked\7007-198.jpg,7007-198.jpg,Decks,Non-Cracked,Decks_Non-Cracked,noncracked_high_edges,train
C:\Users\ikerd\Desktop\Vision  Project\Crack-Identification---Group-A\Training_Pool_B_Decks\Non-Cracked\7014-250.jpg,7014-250.jpg,Decks,Non-Cracked,Decks_Non-Cracked,noncracked_high_edges,train
C:\Users\ikerd\Desktop\Vision  Project\Crack-Identification---Group-A\Training_Pool_A_Walls\Non-Cracked\7121-45.jpg,7121-45.jpg,Walls,Non-Cracked,Walls_Non-Cracked,noncracked_high_edges,train
C:\Users\ikerd\Desktop\Vision  Project\Crack-Identification---Group-A\Training_Pool_B_Decks\Non-Cracked\7046-108.jpg,7046-108.jpg,Decks,Non-Cracked,Decks_Non-Cracked,noncracked_high_edges,train
C:\Users\ikerd\Desktop\Vision  Project\Crack-Identification---Group-A\Training_Pool_B_Decks\Non-Cracked\7054-189.jpg,7054-189.jpg,Decks,Non-Cracked,Decks_Non-Cracked,noncracked_high_edges,train
C:\Users\ikerd\Desktop\Vision  Project\Crack-Identification---Group-A\Training_Pool_A_Walls\Non-Cracked\7112-252.jpg,7112-252.jpg,Walls,Non-Cracked,Walls_Non-Cracked,very_dark,train
C:\Users\ikerd\Desktop\Vision  Project\Crack-Identification---Group-A\Training_Pool_A_Walls\Non-Cracked\7116-66.jpg,7116-66.jpg,Walls,Non-Cracked,Walls_Non-Cracked,noncracked_high_edges,train
C:\Users\ikerd\Desktop\Vision  Project\Crack-Identification---Group-A\Training_Pool_B_Decks\Cracked\7007-183.jpg,7007-183.jpg,Decks,Cracked,Decks_Cracked,very_bright,train
C:\Users\ikerd\Desktop\Vision  Project\Crack-Identification---Group-A\Training_Pool_B_Decks\Non-Cracked\7014-180.jpg,7014-180.jpg,Decks,Non-Cracked,Decks_Non-Cracked,noncracked_high_edges,train
C:\Users\ikerd\Desktop\Vision  Project\Crack-Identification---Group-A\Training_Pool_B_Decks\Non-Cracked\7031-109.jpg,7031-109.jpg,Decks,Non-Cracked,Decks_Non-Cracked,very_dark,train
C:\Users\ikerd\Desktop\Vision  Project\Crack-Identification---Group-A\Training_Pool_B_Decks\Non-Cracked\7043-73.jpg,7043-73.jpg,Decks,Non-Cracked,Decks_Non-Cracked,very_bright,train
C:\Users\ikerd\Desktop\Vision  Project\Crack-Identification---Group-A\Training_Pool_B_Decks\Non-Cracked\7037-213.jpg,7037-213.jpg,Decks,Non-Cracked,Decks_Non-Cracked,noncracked_high_edges,train
C:\Users\ikerd\Desktop\Vision  Project\Crack-Identification---Group-A\Training_Pool_B_Decks\Non-Cracked\7013-108.jpg,7013-108.jpg,Decks,Non-Cracked,Decks_Non-Cracked,noncracked_high_edges,train
C:\Users\ikerd\Desktop\Vision  Project\Crack-Identification---Group-A\Training_Pool_A_Walls\Non-Cracked\7101-149.jpg,7101-149.jpg,Walls,Non-Cracked,Walls_Non-Cracked,noncracked_high_edges,train
C:\Users\ikerd\Desktop\Vision  Project\Crack-Identification---Group-A\Training_Pool_A_Walls\Non-Cracked\7101-167.jpg,7101-167.jpg,Walls,Non-Cracked,Walls_Non-Cracked,noncracked_high_edges,train
C:\Users\ikerd\Desktop\Vision  Project\Crack-Identification---Group-A\Training_Pool_B_Decks\Non-Cracked\7045-207.jpg,7045-207.jpg,Decks,Non-Cracked,Decks_Non-Cracked,noncracked_high_edges,train
C:\Users\ikerd\Desktop\Vision  Project\Crack-Identification---Group-A\Training_Pool_B_Decks\Non-Cracked\7039-196.jpg,7039-196.jpg,Decks,Non-Cracked,Decks_Non-Cracked,noncracked_high_edges,train
C:\Users\ikerd\Desktop\Vision  Project\Crack-Identification---Group-A\Training_Pool_B_Decks\Non-Cracked\7050-135.jpg,7050-135.jpg,Decks,Non-Cracked,Decks_Non-Cracked,noncracked_high_edges,train
C:\Users\ikerd\Desktop\Vision  Project\Crack-Identification---Group-A\Training_Pool_B_Decks\Non-Cracked\7007-145.jpg,7007-145.jpg,Decks,Non-Cracked,Decks_Non-Cracked,very_bright,train
C:\Users\ikerd\Desktop\Vision  Project\Crack-Identification---Group-A\Training_Pool_B_Decks\Non-Cracked\7051-67.jpg,7051-67.jpg,Decks,Non-Cracked,Decks_Non-Cracked,noncracked_high_edges,train
C:\Users\ikerd\Desktop\Vision  Project\Crack-Identification---Group-A\Training_Pool_B_Decks\Non-Cracked\7029-15.jpg,7029-15.jpg,Decks,Non-Cracked,Decks_Non-Cracked,"noncracked_high_edges, very_dark",train
C:\Users\ikerd\Desktop\Vision  Project\Crack-Identification---Group-A\Training_Pool_B_Decks\Non-Cracked\7054-171.jpg,7054-171.jpg,Decks,Non-Cracked,Decks_Non-Cracked,noncracked_high_edges,train
C:\Users\ikerd\Desktop\Vision  Project\Crack-Identification---Group-A\Training_Pool_A_Walls\Non-Cracked\7138-11.jpg,7138-11.jpg,Walls,Non-Cracked,Walls_Non-Cracked,noncracked_high_edges,train
C:\Users\ikerd\Desktop\Vision  Project\Crack-Identification---Group-A\Training_Pool_B_Decks\Non-Cracked\7001-54.jpg,7001-54.jpg,Decks,Non-Cracked,Decks_Non-Cracked,noncracked_high_edges,train
C:\Users\ikerd\Desktop\Vision  Project\Crack-Identification---Group-A\Training_Pool_A_Walls\Non-Cracked\7116-132.jpg,7116-132.jpg,Walls,Non-Cracked,Walls_Non-Cracked,noncracked_high_edges,train
C:\Users\ikerd\Desktop\Vision  Project\Crack-Identification---Group-A\Training_Pool_B_Decks\Non-Cracked\7048-194.jpg,7048-194.jpg,Decks,Non-Cracked,Decks_Non-Cracked,noncracked_high_edges,train
C:\Users\ikerd\Desktop\Vision  Project\Crack-Identification---Group-A\Training_Pool_A_Walls\Non-Cracked\7113-153.jpg,7113-153.jpg,Walls,Non-Cracked,Walls_Non-Cracked,noncracked_high_edges,train
C:\Users\ikerd\Desktop\Vision  Project\Crack-Identification---Group-A\Training_Pool_B_Decks\Non-Cracked\7049-31.jpg,7049-31.jpg,Decks,Non-Cracked,Decks_Non-Cracked,noncracked_high_edges,train
C:\Users\ikerd\Desktop\Vision  Project\Crack-Identification---Group-A\Training_Pool_A_Walls\Non-Cracked\7136-132.jpg,7136-132.jpg,Walls,Non-Cracked,Walls_Non-Cracked,noncracked_high_edges,train
C:\Users\ikerd\Desktop\Vision  Project\Crack-Identification---Group-A\Training_Pool_B_Decks\Non-Cracked\7024-180.jpg,7024-180.jpg,Decks,Non-Cracked,Decks_Non-Cracked,noncracked_high_edges,train
C:\Users\ikerd\Desktop\Vision  Project\Crack-Identification---Group-A\Training_Pool_B_Decks\Non-Cracked\7053-216.jpg,7053-216.jpg,Decks,Non-Cracked,Decks_Non-Cracked,"noncracked_high_edges, very_dark",train
C:\Users\ikerd\Desktop\Vision  Project\Crack-Identification---Group-A\Training_Pool_B_Decks\Non-Cracked\7032-79.jpg,7032-79.jpg,Decks,Non-Cracked,Decks_Non-Cracked,very_bright,train
C:\Users\ikerd\Desktop\Vision  Project\Crack-Identification---Group-A\Training_Pool_B_Decks\Non-Cracked\7037-196.jpg,7037-196.jpg,Decks,Non-Cracked,Decks_Non-Cracked,noncracked_high_edges,train
C:\Users\ikerd\Desktop\Vision  Project\Crack-Identification---Group-A\Training_Pool_B_Decks\Non-Cracked\7014-14.jpg,7014-14.jpg,Decks,Non-Cracked,Decks_Non-Cracked,very_dark,train
C:\Users\ikerd\Desktop\Vision  Project\Crack-Identification---Group-A\Training_Pool_B_Decks\Non-Cracked\7017-251.jpg,7017-251.jpg,Decks,Non-Cracked,Decks_Non-Cracked,very_dark,train
C:\Users\ikerd\Desktop\Vision  Project\Crack-Identification---Group-A\Training_Pool_A_Walls\Non-Cracked\7116-8.jpg,7116-8.jpg,Walls,Non-Cracked,Walls_Non-Cracked,noncracked_high_edges,train
C:\Users\ikerd\Desktop\Vision  Project\Crack-Identification---Group-A\Training_Pool_B_Decks\Non-Cracked\7046-151.jpg,7046-151.jpg,Decks,Non-Cracked,Decks_Non-Cracked,noncracked_high_edges,train
C:\Users\ikerd\Desktop\Vision  Project\Crack-Identification---Group-A\Training_Pool_A_Walls\Non-Cracked\7100-124.jpg,7100-124.jpg,Walls,Non-Cracked,Walls_Non-Cracked,noncracked_high_edges,train
C:\Users\ikerd\Desktop\Vision  Project\Crack-Identification---Group-A\Training_Pool_B_Decks\Non-Cracked\7046-133.jpg,7046-133.jpg,Decks,Non-Cracked,Decks_Non-Cracked,noncracked_high_edges,train
C:\Users\ikerd\Desktop\Vision  Project\Crack-Identification---Group-A\Training_Pool_B_Decks\Non-Cracked\7057-15.jpg,7057-15.jpg,Decks,Non-Cracked,Decks_Non-Cracked,"noncracked_high_edges, very_dark",train
C:\Users\ikerd\Desktop\Vision  Project\Crack-Identification---Group-A\Training_Pool_B_Decks\Non-Cracked\7054-24.jpg,7054-24.jpg,Decks,Non-Cracked,Decks_Non-Cracked,very_bright,train
C:\Users\ikerd\Desktop\Vision  Project\Crack-Identification---Group-A\Training_Pool_B_Decks\Non-Cracked\7032-163.jpg,7032-163.jpg,Decks,Non-Cracked,Decks_Non-Cracked,very_dark,train
C:\Users\ikerd\Desktop\Vision  Project\Crack-Identification---Group-A\Training_Pool_B_Decks\Non-Cracked\7008-216.jpg,7008-216.jpg,Decks,Non-Cracked,Decks_Non-Cracked,noncracked_high_edges,train
C:\Users\ikerd\Desktop\Vision  Project\Crack-Identification---Group-A\Training_Pool_A_Walls\Non-Cracked\7098-68.jpg,7098-68.jpg,Walls,Non-Cracked,Walls_Non-Cracked,noncracked_high_edges,train
C:\Users\ikerd\Desktop\Vision  Project\Crack-Identification---Group-A\Training_Pool_B_Decks\Non-Cracked\7047-133.jpg,7047-133.jpg,Decks,Non-Cracked,Decks_Non-Cracked,noncracked_high_edges,train
C:\Users\ikerd\Desktop\Vision  Project\Crack-Identification---Group-A\Training_Pool_B_Decks\Non-Cracked\7025-162.jpg,7025-162.jpg,Decks,Non-Cracked,Decks_Non-Cracked,noncracked_high_edges,train
C:\Users\ikerd\Desktop\Vision  Project\Crack-Identification---Group-A\Training_Pool_B_Decks\Non-Cracked\7034-108.jpg,7034-108.jpg,Decks,Non-Cracked,Decks_Non-Cracked,noncracked_high_edges,train
C:\Users\ikerd\Desktop\Vision  Project\Crack-Identification---Group-A\Training_Pool_B_Decks\Non-Cracked\7025-143.jpg,7025-143.jpg,Decks,Non-Cracked,Decks_Non-Cracked,noncracked_high_edges,train
C:\Users\ikerd\Desktop\Vision  Project\Crack-Identification---Group-A\Training_Pool_B_Decks\Non-Cracked\7024-91.jpg,7024-91.jpg,Decks,Non-Cracked,Decks_Non-Cracked,very_bright,train
C:\Users\ikerd\Desktop\Vision  Project\Crack-Identification---Group-A\Training_Pool_B_Decks\Non-Cracked\7053-67.jpg,7053-67.jpg,Decks,Non-Cracked,Decks_Non-Cracked,noncracked_high_edges,train
C:\Users\ikerd\Desktop\Vision  Project\Crack-Identification---Group-A\Training_Pool_B_Decks\Non-Cracked\7049-100.jpg,7049-100.jpg,Decks,Non-Cracked,Decks_Non-Cracked,noncracked_high_edges,train
C:\Users\ikerd\Desktop\Vision  Project\Crack-Identification---Group-A\Training_Pool_B_Decks\Non-Cracked\7043-246.jpg,7043-246.jpg,Decks,Non-Cracked,Decks_Non-Cracked,"noncracked_high_edges, very_dark",train
C:\Users\ikerd\Desktop\Vision  Project\Crack-Identification---Group-A\Training_Pool_B_Decks\Non-Cracked\7039-125.jpg,7039-125.jpg,Decks,Non-Cracked,Decks_Non-Cracked,"noncracked_high_edges, very_dark",train
C:\Users\ikerd\Desktop\Vision  Project\Crack-Identification---Group-A\Training_Pool_B_Decks\Non-Cracked\7018-249.jpg,7018-249.jpg,Decks,Non-Cracked,Decks_Non-Cracked,very_bright,train
C:\Users\ikerd\Desktop\Vision  Project\Crack-Identification---Group-A\Training_Pool_B_Decks\Non-Cracked\7051-99.jpg,7051-99.jpg,Decks,Non-Cracked,Decks_Non-Cracked,noncracked_high_edges,train
C:\Users\ikerd\Desktop\Vision  Project\Crack-Identification---Group-A\Training_Pool_A_Walls\Non-Cracked\7139-25.jpg,7139-25.jpg,Walls,Non-Cracked,Walls_Non-Cracked,noncracked_high_edges,train
C:\Users\ikerd\Desktop\Vision  Project\Crack-Identification---Group-A\Training_Pool_B_Decks\Non-Cracked\7014-215.jpg,7014-215.jpg,Decks,Non-Cracked,Decks_Non-Cracked,noncracked_high_edges,train
C:\Users\ikerd\Desktop\Vision  Project\Crack-Identification---Group-A\Training_Pool_B_Decks\Non-Cracked\7043-55.jpg,7043-55.jpg,Decks,Non-Cracked,Decks_Non-Cracked,very_bright,train
C:\Users\ikerd\Desktop\Vision  Project\Crack-Identification---Group-A\Training_Pool_B_Decks\Non-Cracked\7054-173.jpg,7054-173.jpg,Decks,Non-Cracked,Decks_Non-Cracked,noncracked_high_edges,train
C:\Users\ikerd\Desktop\Vision  Project\Crack-Identification---Group-A\Training_Pool_A_Walls\Non-Cracked\7121-113.jpg,7121-113.jpg,Walls,Non-Cracked,Walls_Non-Cracked,noncracked_high_edges,train
C:\Users\ikerd\Desktop\Vision  Project\Crack-Identification---Group-A\Training_Pool_B_Decks\Non-Cracked\7057-16.jpg,7057-16.jpg,Decks,Non-Cracked,Decks_Non-Cracked,"noncracked_high_edges, very_dark",train
C:\Users\ikerd\Desktop\Vision  Project\Crack-Identification---Group-A\Training_Pool_A_Walls\Non-Cracked\7100-192.jpg,7100-192.jpg,Walls,Non-Cracked,Walls_Non-Cracked,noncracked_high_edges,train
C:\Users\ikerd\Desktop\Vision  Project\Crack-Identification---Group-A\Training_Pool_A_Walls\Non-Cracked\7101-195.jpg,7101-195.jpg,Walls,Non-Cracked,Walls_Non-Cracked,noncracked_high_edges,train
C:\Users\ikerd\Desktop\Vision  Project\Crack-Identification---Group-A\Training_Pool_B_Decks\Non-Cracked\7039-143.jpg,7039-143.jpg,Decks,Non-Cracked,Decks_Non-Cracked,noncracked_high_edges,train
C:\Users\ikerd\Desktop\Vision  Project\Crack-Identification---Group-A\Training_Pool_A_Walls\Non-Cracked\7139-62.jpg,7139-62.jpg,Walls,Non-Cracked,Walls_Non-Cracked,noncracked_high_edges,train
C:\Users\ikerd\Desktop\Vision  Project\Crack-Identification---Group-A\Training_Pool_B_Decks\Non-Cracked\7029-8.jpg,7029-8.jpg,Decks,Non-Cracked,Decks_Non-Cracked,very_dark,train
C:\Users\ikerd\Desktop\Vision  Project\Crack-Identification---Group-A\Training_Pool_A_Walls\Non-Cracked\7132-169.jpg,7132-169.jpg,Walls,Non-Cracked,Walls_Non-Cracked,noncracked_high_edges,train
C:\Users\ikerd\Desktop\Vision  Project\Crack-Identification---Group-A\Training_Pool_A_Walls\Non-Cracked\7121-33.jpg,7121-33.jpg,Walls,Non-Cracked,Walls_Non-Cracked,noncracked_high_edges,train
C:\Users\ikerd\Desktop\Vision  Project\Crack-Identification---Group-A\Training_Pool_B_Decks\Non-Cracked\7025-110.jpg,7025-110.jpg,Decks,Non-Cracked,Decks_Non-Cracked,very_bright,train
C:\Users\ikerd\Desktop\Vision  Project\Crack-Identification---Group-A\Training_Pool_A_Walls\Non-Cracked\7114-66.jpg,7114-66.jpg,Walls,Non-Cracked,Walls_Non-Cracked,noncracked_high_edges,train
C:\Users\ikerd\Desktop\Vision  Project\Crack-Identification---Group-A\Training_Pool_A_Walls\Non-Cracked\7136-149.jpg,7136-149.jpg,Walls,Non-Cracked,Walls_Non-Cracked,noncracked_high_edges,train
C:\Users\ikerd\Desktop\Vision  Project\Crack-Identification---Group-A\Training_Pool_B_Decks\Non-Cracked\7029-1.jpg,7029-1.jpg,Decks,Non-Cracked,Decks_Non-Cracked,very_dark,train
C:\Users\ikerd\Desktop\Vision  Project\Crack-Identification---Group-A\Training_Pool_B_Decks\Cracked\7020-19.jpg,7020-19.jpg,Decks,Cracked,Decks_Cracked,very_bright,train
C:\Users\ikerd\Desktop\Vision  Project\Crack-Identification---Group-A\Training_Pool_B_Decks\Non-Cracked\7051-103.jpg,7051-103.jpg,Decks,Non-Cracked,Decks_Non-Cracked,noncracked_high_edges,train
C:\Users\ikerd\Desktop\Vision  Project\Crack-Identification---Group-A\Training_Pool_A_Walls\Non-Cracked\7128-180.jpg,7128-180.jpg,Walls,Non-Cracked,Walls_Non-Cracked,very_dark,train
C:\Users\ikerd\Desktop\Vision  Project\Crack-Identification---Group-A\Training_Pool_B_Decks\Non-Cracked\7001-18.jpg,7001-18.jpg,Decks,Non-Cracked,Decks_Non-Cracked,noncracked_high_edges,train
C:\Users\ikerd\Desktop\Vision  Project\Crack-Identification---Group-A\Training_Pool_A_Walls\Non-Cracked\7119-133.jpg,7119-133.jpg,Walls,Non-Cracked,Walls_Non-Cracked,noncracked_high_edges,train
C:\Users\ikerd\Desktop\Vision  Project\Crack-Identification---Group-A\Training_Pool_A_Walls\Non-Cracked\7101-66.jpg,7101-66.jpg,Walls,Non-Cracked,Walls_Non-Cracked,noncracked_high_edges,train
C:\Users\ikerd\Desktop\Vision  Project\Crack-Identification---Group-A\Training_Pool_A_Walls\Non-Cracked\7116-84.jpg,7116-84.jpg,Walls,Non-Cracked,Walls_Non-Cracked,noncracked_high_edges,train
C:\Users\ikerd\Desktop\Vision  Project\Crack-Identification---Group-A\Training_Pool_A_Walls\Cracked\7085-87.jpg,7085-87.jpg,Walls,Cracked,Walls_Cracked,very_bright,train
C:\Users\ikerd\Desktop\Vision  Project\Crack-Identification---Group-A\Training_Pool_B_Decks\Non-Cracked\7029-13.jpg,7029-13.jpg,Decks,Non-Cracked,Decks_Non-Cracked,very_dark,train
C:\Users\ikerd\Desktop\Vision  Project\Crack-Identification---Group-A\Training_Pool_B_Decks\Non-Cracked\7015-16.jpg,7015-16.jpg,Decks,Non-Cracked,Decks_Non-Cracked,very_dark,train
C:\Users\ikerd\Desktop\Vision  Project\Crack-Identification---Group-A\Training_Pool_A_Walls\Non-Cracked\7101-155.jpg,7101-155.jpg,Walls,Non-Cracked,Walls_Non-Cracked,noncracked_high_edges,train
C:\Users\ikerd\Desktop\Vision  Project\Crack-Identification---Group-A\Training_Pool_A_Walls\Non-Cracked\7106-97.jpg,7106-97.jpg,Walls,Non-Cracked,Walls_Non-Cracked,noncracked_high_edges,train
C:\Users\ikerd\Desktop\Vision  Project\Crack-Identification---Group-A\Training_Pool_B_Decks\Non-Cracked\7023-145.jpg,7023-145.jpg,Decks,Non-Cracked,Decks_Non-Cracked,very_bright,train
C:\Users\ikerd\Desktop\Vision  Project\Crack-Identification---Group-A\Training_Pool_B_Decks\Non-Cracked\7024-131.jpg,7024-131.jpg,Decks,Non-Cracked,Decks_Non-Cracked,very_bright,train
C:\Users\ikerd\Desktop\Vision  Project\Crack-Identification---Group-A\Training_Pool_B_Decks\Non-Cracked\7046-72.jpg,7046-72.jpg,Decks,Non-Cracked,Decks_Non-Cracked,noncracked_high_edges,train
C:\Users\ikerd\Desktop\Vision  Project\Crack-Identification---Group-A\Training_Pool_A_Walls\Non-Cracked\7119-81.jpg,7119-81.jpg,Walls,Non-Cracked,Walls_Non-Cracked,noncracked_high_edges,train
C:\Users\ikerd\Desktop\Vision  Project\Crack-Identification---Group-A\Training_Pool_B_Decks\Non-Cracked\7025-109.jpg,7025-109.jpg,Decks,Non-Cracked,Decks_Non-Cracked,very_bright,train
C:\Users\ikerd\Desktop\Vision  Project\Crack-Identification---Group-A\Training_Pool_B_Decks\Non-Cracked\7029-32.jpg,7029-32.jpg,Decks,Non-Cracked,Decks_Non-Cracked,noncracked_high_edges,train
C:\Users\ikerd\Desktop\Vision  Project\Crack-Identification---Group-A\Training_Pool_B_Decks\Non-Cracked\7041-1.jpg,7041-1.jpg,Decks,Non-Cracked,Decks_Non-Cracked,very_dark,train
C:\Users\ikerd\Desktop\Vision  Project\Crack-Identification---Group-A\Training_Pool_A_Walls\Non-Cracked\7125-203.jpg,7125-203.jpg,Walls,Non-Cracked,Walls_Non-Cracked,noncracked_high_edges,train
C:\Users\ikerd\Desktop\Vision  Project\Crack-Identification---Group-A\Training_Pool_B_Decks\Non-Cracked\7036-117.jpg,7036-117.jpg,Decks,Non-Cracked,Decks_Non-Cracked,noncracked_high_edges,train
C:\Users\ikerd\Desktop\Vision  Project\Crack-Identification---Group-A\Training_Pool_B_Decks\Non-Cracked\7053-16.jpg,7053-16.jpg,Decks,Non-Cracked,Decks_Non-Cracked,noncracked_high_edges,train
C:\Users\ikerd\Desktop\Vision  Project\Crack-Identification---Group-A\Training_Pool_A_Walls\Non-Cracked\7117-66.jpg,7117-66.jpg,Walls,Non-Cracked,Walls_Non-Cracked,noncracked_high_edges,train
C:\Users\ikerd\Desktop\Vision  Project\Crack-Identification---Group-A\Training_Pool_A_Walls\Non-Cracked\7121-8.jpg,7121-8.jpg,Walls,Non-Cracked,Walls_Non-Cracked,noncracked_high_edges,train
C:\Users\ikerd\Desktop\Vision  Project\Crack-Identification---Group-A\Training_Pool_B_Decks\Non-Cracked\7032-62.jpg,7032-62.jpg,Decks,Non-Cracked,Decks_Non-Cracked,very_bright,train
C:\Users\ikerd\Desktop\Vision  Project\Crack-Identification---Group-A\Training_Pool_B_Decks\Non-Cracked\7052-103.jpg,7052-103.jpg,Decks,Non-Cracked,Decks_Non-Cracked,noncracked_high_edges,train
C:\Users\ikerd\Desktop\Vision  Project\Crack-Identification---Group-A\Training_Pool_B_Decks\Non-Cracked\7054-154.jpg,7054-154.jpg,Decks,Non-Cracked,Decks_Non-Cracked,noncracked_high_edges,train
C:\Users\ikerd\Desktop\Vision  Project\Crack-Identification---Group-A\Training_Pool_B_Decks\Non-Cracked\7016-1.jpg,7016-1.jpg,Decks,Non-Cracked,Decks_Non-Cracked,very_dark,train
C:\Users\ikerd\Desktop\Vision  Project\Crack-Identification---Group-A\Training_Pool_A_Walls\Non-Cracked\7107-11.jpg,7107-11.jpg,Walls,Non-Cracked,Walls_Non-Cracked,noncracked_high_edges,train
C:\Users\ikerd\Desktop\Vision  Project\Crack-Identification---Group-A\Training_Pool_B_Decks\Non-Cracked\7057-18.jpg,7057-18.jpg,Decks,Non-Cracked,Decks_Non-Cracked,very_dark,train
C:\Users\ikerd\Desktop\Vision  Project\Crack-Identification---Group-A\Training_Pool_A_Walls\Cracked\7086-61.jpg,7086-61.jpg,Walls,Cracked,Walls_Cracked,very_bright,train
C:\Users\ikerd\Desktop\Vision  Project\Crack-Identification---Group-A\Training_Pool_A_Walls\Non-Cracked\7116-27.jpg,7116-27.jpg,Walls,Non-Cracked,Walls_Non-Cracked,noncracked_high_edges,train
C:\Users\ikerd\Desktop\Vision  Project\Crack-Identification---Group-A\Training_Pool_B_Decks\Non-Cracked\7022-42.jpg,7022-42.jpg,Decks,Non-Cracked,Decks_Non-Cracked,very_bright,train
C:\Users\ikerd\Desktop\Vision  Project\Crack-Identification---Group-A\Training_Pool_B_Decks\Non-Cracked\7050-79.jpg,7050-79.jpg,Decks,Non-Cracked,Decks_Non-Cracked,noncracked_high_edges,train
C:\Users\ikerd\Desktop\Vision  Project\Crack-Identification---Group-A\Training_Pool_B_Decks\Non-Cracked\7014-9.jpg,7014-9.jpg,Decks,Non-Cracked,Decks_Non-Cracked,very_dark,train
C:\Users\ikerd\Desktop\Vision  Project\Crack-Identification---Group-A\Training_Pool_B_Decks\Non-Cracked\7017-109.jpg,7017-109.jpg,Decks,Non-Cracked,Decks_Non-Cracked,"noncracked_high_edges, very_dark",train
C:\Users\ikerd\Desktop\Vision  Project\Crack-Identification---Group-A\Training_Pool_A_Walls\Non-Cracked\7107-30.jpg,7107-30.jpg,Walls,Non-Cracked,Walls_Non-Cracked,noncracked_high_edges,train
C:\Users\ikerd\Desktop\Vision  Project\Crack-Identification---Group-A\Training_Pool_B_Decks\Non-Cracked\7014-109.jpg,7014-109.jpg,Decks,Non-Cracked,Decks_Non-Cracked,very_bright,train
C:\Users\ikerd\Desktop\Vision  Project\Crack-Identification---Group-A\Training_Pool_B_Decks\Non-Cracked\7048-118.jpg,7048-118.jpg,Decks,Non-Cracked,Decks_Non-Cracked,noncracked_high_edges,train
C:\Users\ikerd\Desktop\Vision  Project\Crack-Identification---Group-A\Training_Pool_B_Decks\Non-Cracked\7033-37.jpg,7033-37.jpg,Decks,Non-Cracked,Decks_Non-Cracked,very_bright,train
C:\Users\ikerd\Desktop\Vision  Project\Crack-Identification---Group-A\Training_Pool_B_Decks\Non-Cracked\7021-134.jpg,7021-134.jpg,Decks,Non-Cracked,Decks_Non-Cracked,noncracked_high_edges,train
C:\Users\ikerd\Desktop\Vision  Project\Crack-Identification---Group-A\Training_Pool_B_Decks\Non-Cracked\7031-55.jpg,7031-55.jpg,Decks,Non-Cracked,Decks_Non-Cracked,"noncracked_high_edges, very_dark",train
C:\Users\ikerd\Desktop\Vision  Project\Crack-Identification---Group-A\Training_Pool_A_Walls\Non-Cracked\7075-49.jpg,7075-49.jpg,Walls,Non-Cracked,Walls_Non-Cracked,very_bright,train
C:\Users\ikerd\Desktop\Vision  Project\Crack-Identification---Group-A\Training_Pool_B_Decks\Non-Cracked\7054-175.jpg,7054-175.jpg,Decks,Non-Cracked,Decks_Non-Cracked,noncracked_high_edges,train
C:\Users\ikerd\Desktop\Vision  Project\Crack-Identification---Group-A\Training_Pool_B_Decks\Non-Cracked\7051-151.jpg,7051-151.jpg,Decks,Non-Cracked,Decks_Non-Cracked,noncracked_high_edges,train
C:\Users\ikerd\Desktop\Vision  Project\Crack-Identification---Group-A\Training_Pool_B_Decks\Non-Cracked\7023-59.jpg,7023-59.jpg,Decks,Non-Cracked,Decks_Non-Cracked,very_bright,train
C:\Users\ikerd\Desktop\Vision  Project\Crack-Identification---Group-A\Training_Pool_B_Decks\Non-Cracked\7014-7.jpg,7014-7.jpg,Decks,Non-Cracked,Decks_Non-Cracked,very_dark,train
C:\Users\ikerd\Desktop\Vision  Project\Crack-Identification---Group-A\Training_Pool_A_Walls\Non-Cracked\7128-29.jpg,7128-29.jpg,Walls,Non-Cracked,Walls_Non-Cracked,noncracked_high_edges,train
C:\Users\ikerd\Desktop\Vision  Project\Crack-Identification---Group-A\Training_Pool_A_Walls\Non-Cracked\7119-136.jpg,7119-136.jpg,Walls,Non-Cracked,Walls_Non-Cracked,noncracked_high_edges,train
C:\Users\ikerd\Desktop\Vision  Project\Crack-Identification---Group-A\Training_Pool_B_Decks\Non-Cracked\7030-108.jpg,7030-108.jpg,Decks,Non-Cracked,Decks_Non-Cracked,noncracked_high_edges,train
C:\Users\ikerd\Desktop\Vision  Project\Crack-Identification---Group-A\Training_Pool_B_Decks\Non-Cracked\7052-246.jpg,7052-246.jpg,Decks,Non-Cracked,Decks_Non-Cracked,very_dark,train
C:\Users\ikerd\Desktop\Vision  Project\Crack-Identification---Group-A\Training_Pool_B_Decks\Non-Cracked\7034-65.jpg,7034-65.jpg,Decks,Non-Cracked,Decks_Non-Cracked,very_bright,train
C:\Users\ikerd\Desktop\Vision  Project\Crack-Identification---Group-A\Training_Pool_B_Decks\Non-Cracked\7016-21.jpg,7016-21.jpg,Decks,Non-Cracked,Decks_Non-Cracked,very_dark,train
C:\Users\ikerd\Desktop\Vision  Project\Crack-Identification---Group-A\Training_Pool_A_Walls\Non-Cracked\7136-98.jpg,7136-98.jpg,Walls,Non-Cracked,Walls_Non-Cracked,noncracked_high_edges,train
C:\Users\ikerd\Desktop\Vision  Project\Crack-Identification---Group-A\Training_Pool_B_Decks\Non-Cracked\7047-71.jpg,7047-71.jpg,Decks,Non-Cracked,Decks_Non-Cracked,noncracked_high_edges,train
C:\Users\ikerd\Desktop\Vision  Project\Crack-Identification---Group-A\Training_Pool_B_Decks\Non-Cracked\7040-250.jpg,7040-250.jpg,Decks,Non-Cracked,Decks_Non-Cracked,noncracked_high_edges,train
C:\Users\ikerd\Desktop\Vision  Project\Crack-Identification---Group-A\Training_Pool_B_Decks\Non-Cracked\7014-19.jpg,7014-19.jpg,Decks,Non-Cracked,Decks_Non-Cracked,very_dark,train
C:\Users\ikerd\Desktop\Vision  Project\Crack-Identification---Group-A\Training_Pool_B_Decks\Non-Cracked\7053-172.jpg,7053-172.jpg,Decks,Non-Cracked,Decks_Non-Cracked,noncracked_high_edges,train
C:\Users\ikerd\Desktop\Vision  Project\Crack-Identification---Group-A\Training_Pool_B_Decks\Non-Cracked\7013-109.jpg,7013-109.jpg,Decks,Non-Cracked,Decks_Non-Cracked,very_bright,train
C:\Users\ikerd\Desktop\Vision  Project\Crack-Identification---Group-A\Training_Pool_A_Walls\Non-Cracked\7107-139.jpg,7107-139.jpg,Walls,Non-Cracked,Walls_Non-Cracked,noncracked_high_edges,train
C:\Users\ikerd\Desktop\Vision  Project\Crack-Identification---Group-A\Training_Pool_B_Decks\Non-Cracked\7047-158.jpg,7047-158.jpg,Decks,Non-Cracked,Decks_Non-Cracked,very_bright,train
C:\Users\ikerd\Desktop\Vision  Project\Crack-Identification---Group-A\Training_Pool_A_Walls\Non-Cracked\7113-155.jpg,7113-155.jpg,Walls,Non-Cracked,Walls_Non-Cracked,noncracked_high_edges,train
C:\Users\ikerd\Desktop\Vision  Project\Crack-Identification---Group-A\Training_Pool_A_Walls\Non-Cracked\7119-111.jpg,7119-111.jpg,Walls,Non-Cracked,Walls_Non-Cracked,noncracked_high_edges,train
C:\Users\ikerd\Desktop\Vision  Project\Crack-Identification---Group-A\Training_Pool_B_Decks\Non-Cracked\7030-198.jpg,7030-198.jpg,Decks,Non-Cracked,Decks_Non-Cracked,noncracked_high_edges,train
C:\Users\ikerd\Desktop\Vision  Project\Crack-Identification---Group-A\Training_Pool_A_Walls\Non-Cracked\7100-196.jpg,7100-196.jpg,Walls,Non-Cracked,Walls_Non-Cracked,noncracked_high_edges,train
C:\Users\ikerd\Desktop\Vision  Project\Crack-Identification---Group-A\Training_Pool_B_Decks\Non-Cracked\7007-163.jpg,7007-163.jpg,Decks,Non-Cracked,Decks_Non-Cracked,very_bright,train
C:\Users\ikerd\Desktop\Vision  Project\Crack-Identification---Group-A\Training_Pool_B_Decks\Non-Cracked\7015-3.jpg,7015-3.jpg,Decks,Non-Cracked,Decks_Non-Cracked,very_dark,train
C:\Users\ikerd\Desktop\Vision  Project\Crack-Identification---Group-A\Training_Pool_B_Decks\Non-Cracked\7017-199.jpg,7017-199.jpg,Decks,Non-Cracked,Decks_Non-Cracked,very_dark,train
C:\Users\ikerd\Desktop\Vision  Project\Crack-Identification---Group-A\Training_Pool_B_Decks\Non-Cracked\7020-9.jpg,7020-9.jpg,Decks,Non-Cracked,Decks_Non-Cracked,very_bright,train
C:\Users\ikerd\Desktop\Vision  Project\Crack-Identification---Group-A\Training_Pool_B_Decks\Non-Cracked\7014-12.jpg,7014-12.jpg,Decks,Non-Cracked,Decks_Non-Cracked,very_dark,train
C:\Users\ikerd\Desktop\Vision  Project\Crack-Identification---Group-A\Training_Pool_B_Decks\Non-Cracked\7003-128.jpg,7003-128.jpg,Decks,Non-Cracked,Decks_Non-Cracked,very_bright,train
C:\Users\ikerd\Desktop\Vision  Project\Crack-Identification---Group-A\Training_Pool_B_Decks\Non-Cracked\7050-101.jpg,7050-101.jpg,Decks,Non-Cracked,Decks_Non-Cracked,noncracked_high_edges,train
C:\Users\ikerd\Desktop\Vision  Project\Crack-Identification---Group-A\Training_Pool_B_Decks\Non-Cracked\7054-84.jpg,7054-84.jpg,Decks,Non-Cracked,Decks_Non-Cracked,noncracked_high_edges,train
C:\Users\ikerd\Desktop\Vision  Project\Crack-Identification---Group-A\Training_Pool_B_Decks\Non-Cracked\7039-87.jpg,7039-87.jpg,Decks,Non-Cracked,Decks_Non-Cracked,noncracked_high_edges,train
C:\Users\ikerd\Desktop\Vision  Project\Crack-Identification---Group-A\Training_Pool_A_Walls\Non-Cracked\7119-99.jpg,7119-99.jpg,Walls,Non-Cracked,Walls_Non-Cracked,noncracked_high_edges,train
C:\Users\ikerd\Desktop\Vision  Project\Crack-Identification---Group-A\Training_Pool_B_Decks\Non-Cracked\7054-141.jpg,7054-141.jpg,Decks,Non-Cracked,Decks_Non-Cracked,noncracked_high_edges,train
C:\Users\ikerd\Desktop\Vision  Project\Crack-Identification---Group-A\Training_Pool_B_Decks\Non-Cracked\7054-157.jpg,7054-157.jpg,Decks,Non-Cracked,Decks_Non-Cracked,noncracked_high_edges,train
C:\Users\ikerd\Desktop\Vision  Project\Crack-Identification---Group-A\Training_Pool_B_Decks\Non-Cracked\7054-208.jpg,7054-208.jpg,Decks,Non-Cracked,Decks_Non-Cracked,noncracked_high_edges,train
C:\Users\ikerd\Desktop\Vision  Project\Crack-Identification---Group-A\Training_Pool_B_Decks\Non-Cracked\7046-134.jpg,7046-134.jpg,Decks,Non-Cracked,Decks_Non-Cracked,noncracked_high_edges,train
C:\Users\ikerd\Desktop\Vision  Project\Crack-Identification---Group-A\Training_Pool_B_Decks\Non-Cracked\7025-166.jpg,7025-166.jpg,Decks,Non-Cracked,Decks_Non-Cracked,very_bright,train
C:\Users\ikerd\Desktop\Vision  Project\Crack-Identification---Group-A\Training_Pool_A_Walls\Non-Cracked\7122-24.jpg,7122-24.jpg,Walls,Non-Cracked,Walls_Non-Cracked,very_bright,train
C:\Users\ikerd\Desktop\Vision  Project\Crack-Identification---Group-A\Training_Pool_B_Decks\Non-Cracked\7039-234.jpg,7039-234.jpg,Decks,Non-Cracked,Decks_Non-Cracked,"noncracked_high_edges, very_dark",train
C:\Users\ikerd\Desktop\Vision  Project\Crack-Identification---Group-A\Training_Pool_B_Decks\Non-Cracked\7053-125.jpg,7053-125.jpg,Decks,Non-Cracked,Decks_Non-Cracked,noncracked_high_edges,train
C:\Users\ikerd\Desktop\Vision  Project\Crack-Identification---Group-A\Training_Pool_A_Walls\Non-Cracked\7075-61.jpg,7075-61.jpg,Walls,Non-Cracked,Walls_Non-Cracked,noncracked_high_edges,train
C:\Users\ikerd\Desktop\Vision  Project\Crack-Identification---Group-A\Training_Pool_A_Walls\Non-Cracked\7136-116.jpg,7136-116.jpg,Walls,Non-Cracked,Walls_Non-Cracked,noncracked_high_edges,train
C:\Users\ikerd\Desktop\Vision  Project\Crack-Identification---Group-A\Training_Pool_B_Decks\Non-Cracked\7003-134.jpg,7003-134.jpg,Decks,Non-Cracked,Decks_Non-Cracked,very_bright,train
C:\Users\ikerd\Desktop\Vision  Project\Crack-Identification---Group-A\Training_Pool_B_Decks\Non-Cracked\7017-1.jpg,7017-1.jpg,Decks,Non-Cracked,Decks_Non-Cracked,"noncracked_high_edges, very_dark",train
C:\Users\ikerd\Desktop\Vision  Project\Crack-Identification---Group-A\Training_Pool_A_Walls\Non-Cracked\7114-170.jpg,7114-170.jpg,Walls,Non-Cracked,Walls_Non-Cracked,noncracked_high_edges,train
C:\Users\ikerd\Desktop\Vision  Project\Crack-Identification---Group-A\Training_Pool_A_Walls\Non-Cracked\7114-94.jpg,7114-94.jpg,Walls,Non-Cracked,Walls_Non-Cracked,noncracked_high_edges,train
C:\Users\ikerd\Desktop\Vision  Project\Crack-Identification---Group-A\Training_Pool_B_Decks\Cracked\7007-146.jpg,7007-146.jpg,Decks,Cracked,Decks_Cracked,very_bright,train
C:\Users\ikerd\Desktop\Vision  Project\Crack-Identification---Group-A\Training_Pool_B_Decks\Non-Cracked\7049-82.jpg,7049-82.jpg,Decks,Non-Cracked,Decks_Non-Cracked,noncracked_high_edges,train
C:\Users\ikerd\Desktop\Vision  Project\Crack-Identification---Group-A\Training_Pool_B_Decks\Non-Cracked\7033-19.jpg,7033-19.jpg,Decks,Non-Cracked,Decks_Non-Cracked,very_bright,train
C:\Users\ikerd\Desktop\Vision  Project\Crack-Identification---Group-A\Training_Pool_B_Decks\Non-Cracked\7014-3.jpg,7014-3.jpg,Decks,Non-Cracked,Decks_Non-Cracked,very_dark,train
C:\Users\ikerd\Desktop\Vision  Project\Crack-Identification---Group-A\Training_Pool_A_Walls\Non-Cracked\7116-22.jpg,7116-22.jpg,Walls,Non-Cracked,Walls_Non-Cracked,noncracked_high_edges,train
C:\Users\ikerd\Desktop\Vision  Project\Crack-Identification---Group-A\Training_Pool_B_Decks\Non-Cracked\7039-142.jpg,7039-142.jpg,Decks,Non-Cracked,Decks_Non-Cracked,noncracked_high_edges,train
C:\Users\ikerd\Desktop\Vision  Project\Crack-Identification---Group-A\Training_Pool_A_Walls\Non-Cracked\7138-30.jpg,7138-30.jpg,Walls,Non-Cracked,Walls_Non-Cracked,noncracked_high_edges,train
C:\Users\ikerd\Desktop\Vision  Project\Crack-Identification---Group-A\Training_Pool_B_Decks\Non-Cracked\7047-126.jpg,7047-126.jpg,Decks,Non-Cracked,Decks_Non-Cracked,noncracked_high_edges,train
C:\Users\ikerd\Desktop\Vision  Project\Crack-Identification---Group-A\Training_Pool_B_Decks\Non-Cracked\7034-18.jpg,7034-18.jpg,Decks,Non-Cracked,Decks_Non-Cracked,"noncracked_high_edges, very_dark",train
C:\Users\ikerd\Desktop\Vision  Project\Crack-Identification---Group-A\Training_Pool_B_Decks\Non-Cracked\7050-47.jpg,7050-47.jpg,Decks,Non-Cracked,Decks_Non-Cracked,noncracked_high_edges,train
C:\Users\ikerd\Desktop\Vision  Project\Crack-Identification---Group-A\Training_Pool_B_Decks\Non-Cracked\7039-36.jpg,7039-36.jpg,Decks,Non-Cracked,Decks_Non-Cracked,"noncracked_high_edges, very_dark",train
C:\Users\ikerd\Desktop\Vision  Project\Crack-Identification---Group-A\Training_Pool_B_Decks\Non-Cracked\7047-53.jpg,7047-53.jpg,Decks,Non-Cracked,Decks_Non-Cracked,noncracked_high_edges,train
C:\Users\ikerd\Desktop\Vision  Project\Crack-Identification---Group-A\Training_Pool_A_Walls\Non-Cracked\7116-45.jpg,7116-45.jpg,Walls,Non-Cracked,Walls_Non-Cracked,noncracked_high_edges,train
C:\Users\ikerd\Desktop\Vision  Project\Crack-Identification---Group-A\Training_Pool_B_Decks\Non-Cracked\7017-37.jpg,7017-37.jpg,Decks,Non-Cracked,Decks_Non-Cracked,very_dark,train
C:\Users\ikerd\Desktop\Vision  Project\Crack-Identification---Group-A\Training_Pool_B_Decks\Non-Cracked\7049-67.jpg,7049-67.jpg,Decks,Non-Cracked,Decks_Non-Cracked,noncracked_high_edges,train
C:\Users\ikerd\Desktop\Vision  Project\Crack-Identification---Group-A\Training_Pool_B_Decks\Non-Cracked\7039-69.jpg,7039-69.jpg,Decks,Non-Cracked,Decks_Non-Cracked,noncracked_high_edges,train
C:\Users\ikerd\Desktop\Vision  Project\Crack-Identification---Group-A\Training_Pool_A_Walls\Non-Cracked\7085-48.jpg,7085-48.jpg,Walls,Non-Cracked,Walls_Non-Cracked,noncracked_high_edges,train
C:\Users\ikerd\Desktop\Vision  Project\Crack-Identification---Group-A\Training_Pool_B_Decks\Non-Cracked\7013-72.jpg,7013-72.jpg,Decks,Non-Cracked,Decks_Non-Cracked,noncracked_high_edges,train
C:\Users\ikerd\Desktop\Vision  Project\Crack-Identification---Group-A\Training_Pool_B_Decks\Non-Cracked\7053-215.jpg,7053-215.jpg,Decks,Non-Cracked,Decks_Non-Cracked,noncracked_high_edges,train
C:\Users\ikerd\Desktop\Vision  Project\Crack-Identification---Group-A\Training_Pool_A_Walls\Cracked\7086-60.jpg,7086-60.jpg,Walls,Cracked,Walls_Cracked,very_bright,train
C:\Users\ikerd\Desktop\Vision  Project\Crack-Identification---Group-A\Training_Pool_A_Walls\Non-Cracked\7098-47.jpg,7098-47.jpg,Walls,Non-Cracked,Walls_Non-Cracked,noncracked_high_edges,train
C:\Users\ikerd\Desktop\Vision  Project\Crack-Identification---Group-A\Training_Pool_A_Walls\Non-Cracked\7116-100.jpg,7116-100.jpg,Walls,Non-Cracked,Walls_Non-Cracked,noncracked_high_edges,train
C:\Users\ikerd\Desktop\Vision  Project\Crack-Identification---Group-A\Training_Pool_B_Decks\Non-Cracked\7044-98.jpg,7044-98.jpg,Decks,Non-Cracked,Decks_Non-Cracked,noncracked_high_edges,train
C:\Users\ikerd\Desktop\Vision  Project\Crack-Identification---Group-A\Training_Pool_B_Decks\Non-Cracked\7030-242.jpg,7030-242.jpg,Decks,Non-Cracked,Decks_Non-Cracked,"noncracked_high_edges, very_dark",train
C:\Users\ikerd\Desktop\Vision  Project\Crack-Identification---Group-A\Training_Pool_A_Walls\Non-Cracked\7098-29.jpg,7098-29.jpg,Walls,Non-Cracked,Walls_Non-Cracked,noncracked_high_edges,train
C:\Users\ikerd\Desktop\Vision  Project\Crack-Identification---Group-A\Training_Pool_B_Decks\Non-Cracked\7034-162.jpg,7034-162.jpg,Decks,Non-Cracked,Decks_Non-Cracked,noncracked_high_edges,train
C:\Users\ikerd\Desktop\Vision  Project\Crack-Identification---Group-A\Training_Pool_A_Walls\Cracked\7090-29.jpg,7090-29.jpg,Walls,Cracked,Walls_Cracked,very_bright,train
C:\Users\ikerd\Desktop\Vision  Project\Crack-Identification---Group-A\Training_Pool_B_Decks\Non-Cracked\7047-162.jpg,7047-162.jpg,Decks,Non-Cracked,Decks_Non-Cracked,noncracked_high_edges,train
C:\Users\ikerd\Desktop\Vision  Project\Crack-Identification---Group-A\Training_Pool_A_Walls\Non-Cracked\7119-117.jpg,7119-117.jpg,Walls,Non-Cracked,Walls_Non-Cracked,noncracked_high_edges,train
C:\Users\ikerd\Desktop\Vision  Project\Crack-Identification---Group-A\Training_Pool_B_Decks\Non-Cracked\7015-1.jpg,7015-1.jpg,Decks,Non-Cracked,Decks_Non-Cracked,very_dark,train
C:\Users\ikerd\Desktop\Vision  Project\Crack-Identification---Group-A\Training_Pool_B_Decks\Non-Cracked\7025-181.jpg,7025-181.jpg,Decks,Non-Cracked,Decks_Non-Cracked,very_bright,train
C:\Users\ikerd\Desktop\Vision  Project\Crack-Identification---Group-A\Training_Pool_B_Decks\Non-Cracked\7051-98.jpg,7051-98.jpg,Decks,Non-Cracked,Decks_Non-Cracked,noncracked_high_edges,train
C:\Users\ikerd\Desktop\Vision  Project\Crack-Identification---Group-A\Training_Pool_A_Walls\Non-Cracked\7123-10.jpg,7123-10.jpg,Walls,Non-Cracked,Walls_Non-Cracked,very_bright,train
C:\Users\ikerd\Desktop\Vision  Project\Crack-Identification---Group-A\Training_Pool_A_Walls\Non-Cracked\7125-62.jpg,7125-62.jpg,Walls,Non-Cracked,Walls_Non-Cracked,noncracked_high_edges,train
C:\Users\ikerd\Desktop\Vision  Project\Crack-Identification---Group-A\Training_Pool_B_Decks\Non-Cracked\7039-126.jpg,7039-126.jpg,Decks,Non-Cracked,Decks_Non-Cracked,"noncracked_high_edges, very_dark",train
C:\Users\ikerd\Desktop\Vision  Project\Crack-Identification---Group-A\Training_Pool_B_Decks\Non-Cracked\7016-145.jpg,7016-145.jpg,Decks,Non-Cracked,Decks_Non-Cracked,very_dark,train
C:\Users\ikerd\Desktop\Vision  Project\Crack-Identification---Group-A\Training_Pool_A_Walls\Non-Cracked\7121-63.jpg,7121-63.jpg,Walls,Non-Cracked,Walls_Non-Cracked,noncracked_high_edges,train
C:\Users\ikerd\Desktop\Vision  Project\Crack-Identification---Group-A\Training_Pool_A_Walls\Non-Cracked\7100-140.jpg,7100-140.jpg,Walls,Non-Cracked,Walls_Non-Cracked,noncracked_high_edges,train
C:\Users\ikerd\Desktop\Vision  Project\Crack-Identification---Group-A\Training_Pool_B_Decks\Non-Cracked\7022-61.jpg,7022-61.jpg,Decks,Non-Cracked,Decks_Non-Cracked,very_bright,train
C:\Users\ikerd\Desktop\Vision  Project\Crack-Identification---Group-A\Training_Pool_B_Decks\Non-Cracked\7052-84.jpg,7052-84.jpg,Decks,Non-Cracked,Decks_Non-Cracked,noncracked_high_edges,train
C:\Users\ikerd\Desktop\Vision  Project\Crack-Identification---Group-A\Training_Pool_A_Walls\Non-Cracked\7106-65.jpg,7106-65.jpg,Walls,Non-Cracked,Walls_Non-Cracked,noncracked_high_edges,train
C:\Users\ikerd\Desktop\Vision  Project\Crack-Identification---Group-A\Training_Pool_A_Walls\Non-Cracked\7101-67.jpg,7101-67.jpg,Walls,Non-Cracked,Walls_Non-Cracked,noncracked_high_edges,train
C:\Users\ikerd\Desktop\Vision  Project\Crack-Identification---Group-A\Training_Pool_A_Walls\Non-Cracked\7123-2.jpg,7123-2.jpg,Walls,Non-Cracked,Walls_Non-Cracked,very_bright,train
C:\Users\ikerd\Desktop\Vision  Project\Crack-Identification---Group-A\Training_Pool_B_Decks\Non-Cracked\7037-195.jpg,7037-195.jpg,Decks,Non-Cracked,Decks_Non-Cracked,noncracked_high_edges,train
C:\Users\ikerd\Desktop\Vision  Project\Crack-Identification---Group-A\Training_Pool_A_Walls\Non-Cracked\7120-130.jpg,7120-130.jpg,Walls,Non-Cracked,Walls_Non-Cracked,noncracked_high_edges,train
C:\Users\ikerd\Desktop\Vision  Project\Crack-Identification---Group-A\Training_Pool_B_Decks\Non-Cracked\7035-134.jpg,7035-134.jpg,Decks,Non-Cracked,Decks_Non-Cracked,very_bright,train
C:\Users\ikerd\Desktop\Vision  Project\Crack-Identification---Group-A\Training_Pool_B_Decks\Non-Cracked\7017-20.jpg,7017-20.jpg,Decks,Non-Cracked,Decks_Non-Cracked,very_dark,train
C:\Users\ikerd\Desktop\Vision  Project\Crack-Identification---Group-A\Training_Pool_B_Decks\Non-Cracked\7052-119.jpg,7052-119.jpg,Decks,Non-Cracked,Decks_Non-Cracked,noncracked_high_edges,train
C:\Users\ikerd\Desktop\Vision  Project\Crack-Identification---Group-A\Training_Pool_A_Walls\Non-Cracked\7101-27.jpg,7101-27.jpg,Walls,Non-Cracked,Walls_Non-Cracked,noncracked_high_edges,train
C:\Users\ikerd\Desktop\Vision  Project\Crack-Identification---Group-A\Training_Pool_B_Decks\Non-Cracked\7051-101.jpg,7051-101.jpg,Decks,Non-Cracked,Decks_Non-Cracked,noncracked_high_edges,train
C:\Users\ikerd\Desktop\Vision  Project\Crack-Identification---Group-A\Training_Pool_A_Walls\Non-Cracked\7095-117.jpg,7095-117.jpg,Walls,Non-Cracked,Walls_Non-Cracked,noncracked_high_edges,train
C:\Users\ikerd\Desktop\Vision  Project\Crack-Identification---Group-A\Training_Pool_A_Walls\Non-Cracked\7139-64.jpg,7139-64.jpg,Walls,Non-Cracked,Walls_Non-Cracked,noncracked_high_edges,train
C:\Users\ikerd\Desktop\Vision  Project\Crack-Identification---Group-A\Training_Pool_B_Decks\Non-Cracked\7029-36.jpg,7029-36.jpg,Decks,Non-Cracked,Decks_Non-Cracked,noncracked_high_edges,train
C:\Users\ikerd\Desktop\Vision  Project\Crack-Identification---Group-A\Training_Pool_A_Walls\Non-Cracked\7125-87.jpg,7125-87.jpg,Walls,Non-Cracked,Walls_Non-Cracked,noncracked_high_edges,train
C:\Users\ikerd\Desktop\Vision  Project\Crack-Identification---Group-A\Training_Pool_B_Decks\Non-Cracked\7030-36.jpg,7030-36.jpg,Decks,Non-Cracked,Decks_Non-Cracked,noncracked_high_edges,train
C:\Users\ikerd\Desktop\Vision  Project\Crack-Identification---Group-A\Training_Pool_B_Decks\Non-Cracked\7017-91.jpg,7017-91.jpg,Decks,Non-Cracked,Decks_Non-Cracked,very_dark,train
C:\Users\ikerd\Desktop\Vision  Project\Crack-Identification---Group-A\Training_Pool_B_Decks\Non-Cracked\7054-86.jpg,7054-86.jpg,Decks,Non-Cracked,Decks_Non-Cracked,noncracked_high_edges,train
C:\Users\ikerd\Desktop\Vision  Project\Crack-Identification---Group-A\Training_Pool_B_Decks\Non-Cracked\7039-51.jpg,7039-51.jpg,Decks,Non-Cracked,Decks_Non-Cracked,noncracked_high_edges,train
C:\Users\ikerd\Desktop\Vision  Project\Crack-Identification---Group-A\Training_Pool_B_Decks\Non-Cracked\7013-144.jpg,7013-144.jpg,Decks,Non-Cracked,Decks_Non-Cracked,noncracked_high_edges,train
C:\Users\ikerd\Desktop\Vision  Project\Crack-Identification---Group-A\Training_Pool_A_Walls\Non-Cracked\7119-29.jpg,7119-29.jpg,Walls,Non-Cracked,Walls_Non-Cracked,noncracked_high_edges,train
C:\Users\ikerd\Desktop\Vision  Project\Crack-Identification---Group-A\Training_Pool_A_Walls\Non-Cracked\7117-104.jpg,7117-104.jpg,Walls,Non-Cracked,Walls_Non-Cracked,noncracked_high_edges,train
C:\Users\ikerd\Desktop\Vision  Project\Crack-Identification---Group-A\Training_Pool_A_Walls\Non-Cracked\7121-134.jpg,7121-134.jpg,Walls,Non-Cracked,Walls_Non-Cracked,noncracked_high_edges,train
C:\Users\ikerd\Desktop\Vision  Project\Crack-Identification---Group-A\Training_Pool_B_Decks\Non-Cracked\7050-114.jpg,7050-114.jpg,Decks,Non-Cracked,Decks_Non-Cracked,noncracked_high_edges,train
C:\Users\ikerd\Desktop\Vision  Project\Crack-Identification---Group-A\Training_Pool_B_Decks\Non-Cracked\7043-67.jpg,7043-67.jpg,Decks,Non-Cracked,Decks_Non-Cracked,very_bright,train
C:\Users\ikerd\Desktop\Vision  Project\Crack-Identification---Group-A\Training_Pool_B_Decks\Non-Cracked\7039-250.jpg,7039-250.jpg,Decks,Non-Cracked,Decks_Non-Cracked,noncracked_high_edges,train
C:\Users\ikerd\Desktop\Vision  Project\Crack-Identification---Group-A\Training_Pool_A_Walls\Non-Cracked\7075-99.jpg,7075-99.jpg,Walls,Non-Cracked,Walls_Non-Cracked,noncracked_high_edges,train
C:\Users\ikerd\Desktop\Vision  Project\Crack-Identification---Group-A\Training_Pool_B_Decks\Non-Cracked\7037-179.jpg,7037-179.jpg,Decks,Non-Cracked,Decks_Non-Cracked,noncracked_high_edges,train
C:\Users\ikerd\Desktop\Vision  Project\Crack-Identification---Group-A\Training_Pool_B_Decks\Non-Cracked\7053-48.jpg,7053-48.jpg,Decks,Non-Cracked,Decks_Non-Cracked,noncracked_high_edges,train
C:\Users\ikerd\Desktop\Vision  Project\Crack-Identification---Group-A\Training_Pool_A_Walls\Non-Cracked\7116-83.jpg,7116-83.jpg,Walls,Non-Cracked,Walls_Non-Cracked,noncracked_high_edges,train
C:\Users\ikerd\Desktop\Vision  Project\Crack-Identification---Group-A\Training_Pool_B_Decks\Non-Cracked\7050-153.jpg,7050-153.jpg,Decks,Non-Cracked,Decks_Non-Cracked,noncracked_high_edges,train
C:\Users\ikerd\Desktop\Vision  Project\Crack-Identification---Group-A\Training_Pool_A_Walls\Non-Cracked\7121-12.jpg,7121-12.jpg,Walls,Non-Cracked,Walls_Non-Cracked,noncracked_high_edges,train
C:\Users\ikerd\Desktop\Vision  Project\Crack-Identification---Group-A\Training_Pool_B_Decks\Non-Cracked\7052-236.jpg,7052-236.jpg,Decks,Non-Cracked,Decks_Non-Cracked,very_dark,train
C:\Users\ikerd\Desktop\Vision  Project\Crack-Identification---Group-A\Training_Pool_B_Decks\Non-Cracked\7041-19.jpg,7041-19.jpg,Decks,Non-Cracked,Decks_Non-Cracked,very_dark,train
C:\Users\ikerd\Desktop\Vision  Project\Crack-Identification---Group-A\Training_Pool_A_Walls\Non-Cracked\7101-100.jpg,7101-100.jpg,Walls,Non-Cracked,Walls_Non-Cracked,noncracked_high_edges,train
C:\Users\ikerd\Desktop\Vision  Project\Crack-Identification---Group-A\Training_Pool_A_Walls\Non-Cracked\7135-188.jpg,7135-188.jpg,Walls,Non-Cracked,Walls_Non-Cracked,noncracked_high_edges,train
C:\Users\ikerd\Desktop\Vision  Project\Crack-Identification---Group-A\Training_Pool_B_Decks\Non-Cracked\7025-36.jpg,7025-36.jpg,Decks,Non-Cracked,Decks_Non-Cracked,noncracked_high_edges,train
C:\Users\ikerd\Desktop\Vision  Project\Crack-Identification---Group-A\Training_Pool_A_Walls\Non-Cracked\7100-174.jpg,7100-174.jpg,Walls,Non-Cracked,Walls_Non-Cracked,noncracked_high_edges,train
C:\Users\ikerd\Desktop\Vision  Project\Crack-Identification---Group-A\Training_Pool_B_Decks\Non-Cracked\7052-81.jpg,7052-81.jpg,Decks,Non-Cracked,Decks_Non-Cracked,noncracked_high_edges,train
C:\Users\ikerd\Desktop\Vision  Project\Crack-Identification---Group-A\Training_Pool_A_Walls\Non-Cracked\7112-133.jpg,7112-133.jpg,Walls,Non-Cracked,Walls_Non-Cracked,noncracked_high_edges,train
C:\Users\ikerd\Desktop\Vision  Project\Crack-Identification---Group-A\Training_Pool_B_Decks\Non-Cracked\7029-18.jpg,7029-18.jpg,Decks,Non-Cracked,Decks_Non-Cracked,"noncracked_high_edges, very_dark",train
C:\Users\ikerd\Desktop\Vision  Project\Crack-Identification---Group-A\Training_Pool_A_Walls\Non-Cracked\7075-48.jpg,7075-48.jpg,Walls,Non-Cracked,Walls_Non-Cracked,very_bright,train
C:\Users\ikerd\Desktop\Vision  Project\Crack-Identification---Group-A\Training_Pool_B_Decks\Non-Cracked\7039-198.jpg,7039-198.jpg,Decks,Non-Cracked,Decks_Non-Cracked,"noncracked_high_edges, very_dark",train
C:\Users\ikerd\Desktop\Vision  Project\Crack-Identification---Group-A\Training_Pool_A_Walls\Non-Cracked\7106-174.jpg,7106-174.jpg,Walls,Non-Cracked,Walls_Non-Cracked,noncracked_high_edges,train
C:\Users\ikerd\Desktop\Vision  Project\Crack-Identification---Group-A\Training_Pool_B_Decks\Non-Cracked\7007-166.jpg,7007-166.jpg,Decks,Non-Cracked,Decks_Non-Cracked,very_bright,train
C:\Users\ikerd\Desktop\Vision  Project\Crack-Identification---Group-A\Training_Pool_B_Decks\Non-Cracked\7053-169.jpg,7053-169.jpg,Decks,Non-Cracked,Decks_Non-Cracked,noncracked_high_edges,train
C:\Users\ikerd\Desktop\Vision  Project\Crack-Identification---Group-A\Training_Pool_B_Decks\Non-Cracked\7016-56.jpg,7016-56.jpg,Decks,Non-Cracked,Decks_Non-Cracked,very_dark,train
C:\Users\ikerd\Desktop\Vision  Project\Crack-Identification---Group-A\Training_Pool_A_Walls\Non-Cracked\7106-150.jpg,7106-150.jpg,Walls,Non-Cracked,Walls_Non-Cracked,noncracked_high_edges,train
C:\Users\ikerd\Desktop\Vision  Project\Crack-Identification---Group-A\Training_Pool_A_Walls\Non-Cracked\7135-171.jpg,7135-171.jpg,Walls,Non-Cracked,Walls_Non-Cracked,noncracked_high_edges,train
C:\Users\ikerd\Desktop\Vision  Project\Crack-Identification---Group-A\Training_Pool_B_Decks\Non-Cracked\7024-92.jpg,7024-92.jpg,Decks,Non-Cracked,Decks_Non-Cracked,very_bright,train
C:\Users\ikerd\Desktop\Vision  Project\Crack-Identification---Group-A\Training_Pool_B_Decks\Non-Cracked\7016-19.jpg,7016-19.jpg,Decks,Non-Cracked,Decks_Non-Cracked,very_dark,train
C:\Users\ikerd\Desktop\Vision  Project\Crack-Identification---Group-A\Training_Pool_B_Decks\Non-Cracked\7008-18.jpg,7008-18.jpg,Decks,Non-Cracked,Decks_Non-Cracked,noncracked_high_edges,train
C:\Users\ikerd\Desktop\Vision  Project\Crack-Identification---Group-A\Training_Pool_B_Decks\Non-Cracked\7053-235.jpg,7053-235.jpg,Decks,Non-Cracked,Decks_Non-Cracked,very_dark,train
C:\Users\ikerd\Desktop\Vision  Project\Crack-Identification---Group-A\Training_Pool_B_Decks\Non-Cracked\7025-148.jpg,7025-148.jpg,Decks,Non-Cracked,Decks_Non-Cracked,very_bright,train
C:\Users\ikerd\Desktop\Vision  Project\Crack-Identification---Group-A\Training_Pool_B_Decks\Non-Cracked\7047-151.jpg,7047-151.jpg,Decks,Non-Cracked,Decks_Non-Cracked,noncracked_high_edges,train
C:\Users\ikerd\Desktop\Vision  Project\Crack-Identification---Group-A\Training_Pool_A_Walls\Non-Cracked\7128-179.jpg,7128-179.jpg,Walls,Non-Cracked,Walls_Non-Cracked,very_dark,train
C:\Users\ikerd\Desktop\Vision  Project\Crack-Identification---Group-A\Training_Pool_A_Walls\Non-Cracked\7100-195.jpg,7100-195.jpg,Walls,Non-Cracked,Walls_Non-Cracked,noncracked_high_edges,train
C:\Users\ikerd\Desktop\Vision  Project\Crack-Identification---Group-A\Training_Pool_B_Decks\Non-Cracked\7050-152.jpg,7050-152.jpg,Decks,Non-Cracked,Decks_Non-Cracked,noncracked_high_edges,train
C:\Users\ikerd\Desktop\Vision  Project\Crack-Identification---Group-A\Training_Pool_B_Decks\Non-Cracked\7053-179.jpg,7053-179.jpg,Decks,Non-Cracked,Decks_Non-Cracked,noncracked_high_edges,train
C:\Users\ikerd\Desktop\Vision  Project\Crack-Identification---Group-A\Training_Pool_B_Decks\Non-Cracked\7031-252.jpg,7031-252.jpg,Decks,Non-Cracked,Decks_Non-Cracked,very_dark,train
C:\Users\ikerd\Desktop\Vision  Project\Crack-Identification---Group-A\Training_Pool_B_Decks\Non-Cracked\7050-154.jpg,7050-154.jpg,Decks,Non-Cracked,Decks_Non-Cracked,noncracked_high_edges,train
C:\Users\ikerd\Desktop\Vision  Project\Crack-Identification---Group-A\Training_Pool_B_Decks\Non-Cracked\7053-17.jpg,7053-17.jpg,Decks,Non-Cracked,Decks_Non-Cracked,noncracked_high_edges,train
C:\Users\ikerd\Desktop\Vision  Project\Crack-Identification---Group-A\Training_Pool_B_Decks\Non-Cracked\7039-27.jpg,7039-27.jpg,Decks,Non-Cracked,Decks_Non-Cracked,noncracked_high_edges,train
C:\Users\ikerd\Desktop\Vision  Project\Crack-Identification---Group-A\Training_Pool_A_Walls\Non-Cracked\7116-171.jpg,7116-171.jpg,Walls,Non-Cracked,Walls_Non-Cracked,noncracked_high_edges,train
C:\Users\ikerd\Desktop\Vision  Project\Crack-Identification---Group-A\Training_Pool_A_Walls\Non-Cracked\7094-47.jpg,7094-47.jpg,Walls,Non-Cracked,Walls_Non-Cracked,noncracked_high_edges,train
C:\Users\ikerd\Desktop\Vision  Project\Crack-Identification---Group-A\Training_Pool_B_Decks\Non-Cracked\7038-229.jpg,7038-229.jpg,Decks,Non-Cracked,Decks_Non-Cracked,noncracked_high_edges,train
C:\Users\ikerd\Desktop\Vision  Project\Crack-Identification---Group-A\Training_Pool_B_Decks\Non-Cracked\7053-170.jpg,7053-170.jpg,Decks,Non-Cracked,Decks_Non-Cracked,noncracked_high_edges,train
C:\Users\ikerd\Desktop\Vision  Project\Crack-Identification---Group-A\Training_Pool_B_Decks\Non-Cracked\7053-29.jpg,7053-29.jpg,Decks,Non-Cracked,Decks_Non-Cracked,noncracked_high_edges,train
C:\Users\ikerd\Desktop\Vision  Project\Crack-Identification---Group-A\Training_Pool_B_Decks\Non-Cracked\7029-12.jpg,7029-12.jpg,Decks,Non-Cracked,Decks_Non-Cracked,very_dark,train
C:\Users\ikerd\Desktop\Vision  Project\Crack-Identification---Group-A\Training_Pool_A_Walls\Non-Cracked\7116-63.jpg,7116-63.jpg,Walls,Non-Cracked,Walls_Non-Cracked,noncracked_high_edges,train
C:\Users\ikerd\Desktop\Vision  Project\Crack-Identification---Group-A\Training_Pool_A_Walls\Non-Cracked\7134-163.jpg,7134-163.jpg,Walls,Non-Cracked,Walls_Non-Cracked,very_dark,train
C:\Users\ikerd\Desktop\Vision  Project\Crack-Identification---Group-A\Training_Pool_B_Decks\Non-Cracked\7014-33.jpg,7014-33.jpg,Decks,Non-Cracked,Decks_Non-Cracked,very_dark,train
C:\Users\ikerd\Desktop\Vision  Project\Crack-Identification---Group-A\Training_Pool_B_Decks\Non-Cracked\7047-153.jpg,7047-153.jpg,Decks,Non-Cracked,Decks_Non-Cracked,noncracked_high_edges,train
C:\Users\ikerd\Desktop\Vision  Project\Crack-Identification---Group-A\Training_Pool_B_Decks\Non-Cracked\7016-17.jpg,7016-17.jpg,Decks,Non-Cracked,Decks_Non-Cracked,very_dark,train
C:\Users\ikerd\Desktop\Vision  Project\Crack-Identification---Group-A\Training_Pool_B_Decks\Non-Cracked\7014-11.jpg,7014-11.jpg,Decks,Non-Cracked,Decks_Non-Cracked,very_dark,train
C:\Users\ikerd\Desktop\Vision  Project\Crack-Identification---Group-A\Training_Pool_A_Walls\Non-Cracked\7107-51.jpg,7107-51.jpg,Walls,Non-Cracked,Walls_Non-Cracked,noncracked_high_edges,train
C:\Users\ikerd\Desktop\Vision  Project\Crack-Identification---Group-A\Training_Pool_B_Decks\Non-Cracked\7045-244.jpg,7045-244.jpg,Decks,Non-Cracked,Decks_Non-Cracked,noncracked_high_edges,train
C:\Users\ikerd\Desktop\Vision  Project\Crack-Identification---Group-A\Training_Pool_B_Decks\Non-Cracked\7018-248.jpg,7018-248.jpg,Decks,Non-Cracked,Decks_Non-Cracked,very_bright,train
C:\Users\ikerd\Desktop\Vision  Project\Crack-Identification---Group-A\Training_Pool_B_Decks\Non-Cracked\7033-55.jpg,7033-55.jpg,Decks,Non-Cracked,Decks_Non-Cracked,very_bright,train
C:\Users\ikerd\Desktop\Vision  Project\Crack-Identification---Group-A\Training_Pool_A_Walls\Non-Cracked\7114-78.jpg,7114-78.jpg,Walls,Non-Cracked,Walls_Non-Cracked,noncracked_high_edges,train
C:\Users\ikerd\Desktop\Vision  Project\Crack-Identification---Group-A\Training_Pool_A_Walls\Non-Cracked\7127-64.jpg,7127-64.jpg,Walls,Non-Cracked,Walls_Non-Cracked,noncracked_high_edges,train
C:\Users\ikerd\Desktop\Vision  Project\Crack-Identification---Group-A\Training_Pool_A_Walls\Non-Cracked\7101-82.jpg,7101-82.jpg,Walls,Non-Cracked,Walls_Non-Cracked,noncracked_high_edges,train
C:\Users\ikerd\Desktop\Vision  Project\Crack-Identification---Group-A\Training_Pool_B_Decks\Non-Cracked\7053-53_2.jpg,7053-53_2.jpg,Decks,Non-Cracked,Decks_Non-Cracked,noncracked_high_edges,train
C:\Users\ikerd\Desktop\Vision  Project\Crack-Identification---Group-A\Training_Pool_B_Decks\Non-Cracked\7034-180.jpg,7034-180.jpg,Decks,Non-Cracked,Decks_Non-Cracked,noncracked_high_edges,train
C:\Users\ikerd\Desktop\Vision  Project\Crack-Identification---Group-A\Training_Pool_B_Decks\Non-Cracked\7032-27.jpg,7032-27.jpg,Decks,Non-Cracked,Decks_Non-Cracked,very_bright,train
C:\Users\ikerd\Desktop\Vision  Project\Crack-Identification---Group-A\Training_Pool_B_Decks\Non-Cracked\7022-76.jpg,7022-76.jpg,Decks,Non-Cracked,Decks_Non-Cracked,very_bright,train
C:\Users\ikerd\Desktop\Vision  Project\Crack-Identification---Group-A\Training_Pool_B_Decks\Non-Cracked\7031-244.jpg,7031-244.jpg,Decks,Non-Cracked,Decks_Non-Cracked,"noncracked_high_edges, very_dark",train
C:\Users\ikerd\Desktop\Vision  Project\Crack-Identification---Group-A\Training_Pool_B_Decks\Non-Cracked\7039-88.jpg,7039-88.jpg,Decks,Non-Cracked,Decks_Non-Cracked,noncracked_high_edges,train
C:\Users\ikerd\Desktop\Vision  Project\Crack-Identification---Group-A\Training_Pool_A_Walls\Non-Cracked\7125-122.jpg,7125-122.jpg,Walls,Non-Cracked,Walls_Non-Cracked,noncracked_high_edges,train
C:\Users\ikerd\Desktop\Vision  Project\Crack-Identification---Group-A\Training_Pool_B_Decks\Non-Cracked\7054-116.jpg,7054-116.jpg,Decks,Non-Cracked,Decks_Non-Cracked,noncracked_high_edges,train
C:\Users\ikerd\Desktop\Vision  Project\Crack-Identification---Group-A\Training_Pool_A_Walls\Non-Cracked\7119-101.jpg,7119-101.jpg,Walls,Non-Cracked,Walls_Non-Cracked,noncracked_high_edges,train
C:\Users\ikerd\Desktop\Vision  Project\Crack-Identification---Group-A\Training_Pool_B_Decks\Non-Cracked\7043-251.jpg,7043-251.jpg,Decks,Non-Cracked,Decks_Non-Cracked,"noncracked_high_edges, very_dark",train
C:\Users\ikerd\Desktop\Vision  Project\Crack-Identification---Group-A\Training_Pool_B_Decks\Non-Cracked\7030-153.jpg,7030-153.jpg,Decks,Non-Cracked,Decks_Non-Cracked,very_bright,train
C:\Users\ikerd\Desktop\Vision  Project\Crack-Identification---Group-A\Training_Pool_B_Decks\Non-Cracked\7050-116.jpg,7050-116.jpg,Decks,Non-Cracked,Decks_Non-Cracked,noncracked_high_edges,train
C:\Users\ikerd\Desktop\Vision  Project\Crack-Identification---Group-A\Training_Pool_B_Decks\Non-Cracked\7051-100.jpg,7051-100.jpg,Decks,Non-Cracked,Decks_Non-Cracked,noncracked_high_edges,train
C:\Users\ikerd\Desktop\Vision  Project\Crack-Identification---Group-A\Training_Pool_A_Walls\Non-Cracked\7139-47.jpg,7139-47.jpg,Walls,Non-Cracked,Walls_Non-Cracked,noncracked_high_edges,train
C:\Users\ikerd\Desktop\Vision  Project\Crack-Identification---Group-A\Training_Pool_B_Decks\Non-Cracked\7030-137.jpg,7030-137.jpg,Decks,Non-Cracked,Decks_Non-Cracked,very_bright,train
C:\Users\ikerd\Desktop\Vision  Project\Crack-Identification---Group-A\Training_Pool_B_Decks\Non-Cracked\7046-80.jpg,7046-80.jpg,Decks,Non-Cracked,Decks_Non-Cracked,noncracked_high_edges,train
C:\Users\ikerd\Desktop\Vision  Project\Crack-Identification---Group-A\Training_Pool_B_Decks\Cracked\7035-40.jpg,7035-40.jpg,Decks,Cracked,Decks_Cracked,very_bright,train
C:\Users\ikerd\Desktop\Vision  Project\Crack-Identification---Group-A\Training_Pool_B_Decks\Non-Cracked\7014-112.jpg,7014-112.jpg,Decks,Non-Cracked,Decks_Non-Cracked,very_bright,train
C:\Users\ikerd\Desktop\Vision  Project\Crack-Identification---Group-A\Training_Pool_B_Decks\Non-Cracked\7032-95.jpg,7032-95.jpg,Decks,Non-Cracked,Decks_Non-Cracked,very_bright,train
C:\Users\ikerd\Desktop\Vision  Project\Crack-Identification---Group-A\Training_Pool_B_Decks\Non-Cracked\7053-30.jpg,7053-30.jpg,Decks,Non-Cracked,Decks_Non-Cracked,noncracked_high_edges,train
C:\Users\ikerd\Desktop\Vision  Project\Crack-Identification---Group-A\Training_Pool_A_Walls\Non-Cracked\7114-135.jpg,7114-135.jpg,Walls,Non-Cracked,Walls_Non-Cracked,noncracked_high_edges,train
C:\Users\ikerd\Desktop\Vision  Project\Crack-Identification---Group-A\Training_Pool_B_Decks\Non-Cracked\7017-250.jpg,7017-250.jpg,Decks,Non-Cracked,Decks_Non-Cracked,very_dark,train
C:\Users\ikerd\Desktop\Vision  Project\Crack-Identification---Group-A\Training_Pool_B_Decks\Non-Cracked\7047-90.jpg,7047-90.jpg,Decks,Non-Cracked,Decks_Non-Cracked,noncracked_high_edges,train
C:\Users\ikerd\Desktop\Vision  Project\Crack-Identification---Group-A\Training_Pool_B_Decks\Non-Cracked\7039-33.jpg,7039-33.jpg,Decks,Non-Cracked,Decks_Non-Cracked,noncracked_high_edges,train
C:\Users\ikerd\Desktop\Vision  Project\Crack-Identification---Group-A\Training_Pool_B_Decks\Non-Cracked\7014-10.jpg,7014-10.jpg,Decks,Non-Cracked,Decks_Non-Cracked,very_dark,train
C:\Users\ikerd\Desktop\Vision  Project\Crack-Identification---Group-A\Training_Pool_B_Decks\Non-Cracked\7048-136.jpg,7048-136.jpg,Decks,Non-Cracked,Decks_Non-Cracked,noncracked_high_edges,train
C:\Users\ikerd\Desktop\Vision  Project\Crack-Identification---Group-A\Training_Pool_A_Walls\Non-Cracked\7119-166.jpg,7119-166.jpg,Walls,Non-Cracked,Walls_Non-Cracked,noncracked_high_edges,train
C:\Users\ikerd\Desktop\Vision  Project\Crack-Identification---Group-A\Training_Pool_B_Decks\Non-Cracked\7054-139.jpg,7054-139.jpg,Decks,Non-Cracked,Decks_Non-Cracked,noncracked_high_edges,train
C:\Users\ikerd\Desktop\Vision  Project\Crack-Identification---Group-A\Training_Pool_B_Decks\Non-Cracked\7052-63.jpg,7052-63.jpg,Decks,Non-Cracked,Decks_Non-Cracked,noncracked_high_edges,train
C:\Users\ikerd\Desktop\Vision  Project\Crack-Identification---Group-A\Training_Pool_B_Decks\Non-Cracked\7014-21.jpg,7014-21.jpg,Decks,Non-Cracked,Decks_Non-Cracked,very_dark,train
C:\Users\ikerd\Desktop\Vision  Project\Crack-Identification---Group-A\Training_Pool_B_Decks\Non-Cracked\7031-73.jpg,7031-73.jpg,Decks,Non-Cracked,Decks_Non-Cracked,"noncracked_high_edges, very_dark",train
C:\Users\ikerd\Desktop\Vision  Project\Crack-Identification---Group-A\Training_Pool_B_Decks\Non-Cracked\7051-81.jpg,7051-81.jpg,Decks,Non-Cracked,Decks_Non-Cracked,noncracked_high_edges,train
C:\Users\ikerd\Desktop\Vision  Project\Crack-Identification---Group-A\Training_Pool_B_Decks\Non-Cracked\7039-9.jpg,7039-9.jpg,Decks,Non-Cracked,Decks_Non-Cracked,noncracked_high_edges,train
C:\Users\ikerd\Desktop\Vision  Project\Crack-Identification---Group-A\Training_Pool_B_Decks\Non-Cracked\7054-119.jpg,7054-119.jpg,Decks,Non-Cracked,Decks_Non-Cracked,noncracked_high_edges,train
C:\Users\ikerd\Desktop\Vision  Project\Crack-Identification---Group-A\Training_Pool_A_Walls\Non-Cracked\7114-171.jpg,7114-171.jpg,Walls,Non-Cracked,Walls_Non-Cracked,noncracked_high_edges,train
C:\Users\ikerd\Desktop\Vision  Project\Crack-Identification---Group-A\Training_Pool_B_Decks\Non-Cracked\7038-245.jpg,7038-245.jpg,Decks,Non-Cracked,Decks_Non-Cracked,noncracked_high_edges,train
C:\Users\ikerd\Desktop\Vision  Project\Crack-Identification---Group-A\Training_Pool_A_Walls\Non-Cracked\7116-5.jpg,7116-5.jpg,Walls,Non-Cracked,Walls_Non-Cracked,noncracked_high_edges,train
C:\Users\ikerd\Desktop\Vision  Project\Crack-Identification---Group-A\Training_Pool_B_Decks\Cracked\7016-184.jpg,7016-184.jpg,Decks,Cracked,Decks_Cracked,very_bright,train
C:\Users\ikerd\Desktop\Vision  Project\Crack-Identification---Group-A\Training_Pool_B_Decks\Non-Cracked\7025-179.jpg,7025-179.jpg,Decks,Non-Cracked,Decks_Non-Cracked,noncracked_high_edges,train
C:\Users\ikerd\Desktop\Vision  Project\Crack-Identification---Group-A\Training_Pool_A_Walls\Non-Cracked\7119-83.jpg,7119-83.jpg,Walls,Non-Cracked,Walls_Non-Cracked,noncracked_high_edges,train
C:\Users\ikerd\Desktop\Vision  Project\Crack-Identification---Group-A\Training_Pool_B_Decks\Non-Cracked\7035-23.jpg,7035-23.jpg,Decks,Non-Cracked,Decks_Non-Cracked,very_bright,train
C:\Users\ikerd\Desktop\Vision  Project\Crack-Identification---Group-A\Training_Pool_B_Decks\Non-Cracked\7046-171.jpg,7046-171.jpg,Decks,Non-Cracked,Decks_Non-Cracked,noncracked_high_edges,train
C:\Users\ikerd\Desktop\Vision  Project\Crack-Identification---Group-A\Training_Pool_B_Decks\Non-Cracked\7007-202.jpg,7007-202.jpg,Decks,Non-Cracked,Decks_Non-Cracked,very_bright,train
C:\Users\ikerd\Desktop\Vision  Project\Crack-Identification---Group-A\Training_Pool_A_Walls\Cracked\7085-85.jpg,7085-85.jpg,Walls,Cracked,Walls_Cracked,very_bright,train
C:\Users\ikerd\Desktop\Vision  Project\Crack-Identification---Group-A\Training_Pool_B_Decks\Non-Cracked\7022-131.jpg,7022-131.jpg,Decks,Non-Cracked,Decks_Non-Cracked,very_bright,train
C:\Users\ikerd\Desktop\Vision  Project\Crack-Identification---Group-A\Training_Pool_A_Walls\Non-Cracked\7098-33.jpg,7098-33.jpg,Walls,Non-Cracked,Walls_Non-Cracked,noncracked_high_edges,train
C:\Users\ikerd\Desktop\Vision  Project\Crack-Identification---Group-A\Training_Pool_B_Decks\Non-Cracked\7014-28.jpg,7014-28.jpg,Decks,Non-Cracked,Decks_Non-Cracked,very_dark,train
C:\Users\ikerd\Desktop\Vision  Project\Crack-Identification---Group-A\Training_Pool_B_Decks\Non-Cracked\7032-25.jpg,7032-25.jpg,Decks,Non-Cracked,Decks_Non-Cracked,very_bright,train
C:\Users\ikerd\Desktop\Vision  Project\Crack-Identification---Group-A\Training_Pool_B_Decks\Non-Cracked\7025-92.jpg,7025-92.jpg,Decks,Non-Cracked,Decks_Non-Cracked,very_bright,train
C:\Users\ikerd\Desktop\Vision  Project\Crack-Identification---Group-A\Training_Pool_B_Decks\Non-Cracked\7017-252.jpg,7017-252.jpg,Decks,Non-Cracked,Decks_Non-Cracked,very_dark,train
C:\Users\ikerd\Desktop\Vision  Project\Crack-Identification---Group-A\Training_Pool_B_Decks\Non-Cracked\7047-234.jpg,7047-234.jpg,Decks,Non-Cracked,Decks_Non-Cracked,"noncracked_high_edges, very_dark",train
C:\Users\ikerd\Desktop\Vision  Project\Crack-Identification---Group-A\Training_Pool_A_Walls\Cracked\7086-65.jpg,7086-65.jpg,Walls,Cracked,Walls_Cracked,very_bright,train
C:\Users\ikerd\Desktop\Vision  Project\Crack-Identification---Group-A\Training_Pool_B_Decks\Non-Cracked\7043-68.jpg,7043-68.jpg,Decks,Non-Cracked,Decks_Non-Cracked,very_bright,train
C:\Users\ikerd\Desktop\Vision  Project\Crack-Identification---Group-A\Training_Pool_B_Decks\Non-Cracked\7014-251.jpg,7014-251.jpg,Decks,Non-Cracked,Decks_Non-Cracked,noncracked_high_edges,train
C:\Users\ikerd\Desktop\Vision  Project\Crack-Identification---Group-A\Training_Pool_B_Decks\Non-Cracked\7053-50.jpg,7053-50.jpg,Decks,Non-Cracked,Decks_Non-Cracked,noncracked_high_edges,train
C:\Users\ikerd\Desktop\Vision  Project\Crack-Identification---Group-A\Training_Pool_A_Walls\Non-Cracked\7101-65.jpg,7101-65.jpg,Walls,Non-Cracked,Walls_Non-Cracked,noncracked_high_edges,train
C:\Users\ikerd\Desktop\Vision  Project\Crack-Identification---Group-A\Training_Pool_B_Decks\Non-Cracked\7053-152.jpg,7053-152.jpg,Decks,Non-Cracked,Decks_Non-Cracked,noncracked_high_edges,train
C:\Users\ikerd\Desktop\Vision  Project\Crack-Identification---Group-A\Training_Pool_B_Decks\Non-Cracked\7044-99.jpg,7044-99.jpg,Decks,Non-Cracked,Decks_Non-Cracked,noncracked_high_edges,train
C:\Users\ikerd\Desktop\Vision  Project\Crack-Identification---Group-A\Training_Pool_B_Decks\Non-Cracked\7057-7.jpg,7057-7.jpg,Decks,Non-Cracked,Decks_Non-Cracked,"noncracked_high_edges, very_dark",train
C:\Users\ikerd\Desktop\Vision  Project\Crack-Identification---Group-A\Training_Pool_B_Decks\Non-Cracked\7049-226.jpg,7049-226.jpg,Decks,Non-Cracked,Decks_Non-Cracked,noncracked_high_edges,train
C:\Users\ikerd\Desktop\Vision  Project\Crack-Identification---Group-A\Training_Pool_B_Decks\Non-Cracked\7037-134.jpg,7037-134.jpg,Decks,Non-Cracked,Decks_Non-Cracked,noncracked_high_edges,train
C:\Users\ikerd\Desktop\Vision  Project\Crack-Identification---Group-A\Training_Pool_B_Decks\Non-Cracked\7053-35.jpg,7053-35.jpg,Decks,Non-Cracked,Decks_Non-Cracked,noncracked_high_edges,train
C:\Users\ikerd\Desktop\Vision  Project\Crack-Identification---Group-A\Training_Pool_B_Decks\Non-Cracked\7024-149.jpg,7024-149.jpg,Decks,Non-Cracked,Decks_Non-Cracked,very_bright,train
C:\Users\ikerd\Desktop\Vision  Project\Crack-Identification---Group-A\Training_Pool_A_Walls\Non-Cracked\7095-135.jpg,7095-135.jpg,Walls,Non-Cracked,Walls_Non-Cracked,noncracked_high_edges,train
C:\Users\ikerd\Desktop\Vision  Project\Crack-Identification---Group-A\Training_Pool_B_Decks\Non-Cracked\7052-118.jpg,7052-118.jpg,Decks,Non-Cracked,Decks_Non-Cracked,noncracked_high_edges,train
C:\Users\ikerd\Desktop\Vision  Project\Crack-Identification---Group-A\Training_Pool_B_Decks\Non-Cracked\7022-78.jpg,7022-78.jpg,Decks,Non-Cracked,Decks_Non-Cracked,very_bright,train
C:\Users\ikerd\Desktop\Vision  Project\Crack-Identification---Group-A\Training_Pool_B_Decks\Non-Cracked\7013-75.jpg,7013-75.jpg,Decks,Non-Cracked,Decks_Non-Cracked,very_bright,train
C:\Users\ikerd\Desktop\Vision  Project\Crack-Identification---Group-A\Training_Pool_B_Decks\Non-Cracked\7054-75.jpg,7054-75.jpg,Decks,Non-Cracked,Decks_Non-Cracked,very_bright,train
C:\Users\ikerd\Desktop\Vision  Project\Crack-Identification---Group-A\Training_Pool_A_Walls\Non-Cracked\7120-112.jpg,7120-112.jpg,Walls,Non-Cracked,Walls_Non-Cracked,noncracked_high_edges,train
C:\Users\ikerd\Desktop\Vision  Project\Crack-Identification---Group-A\Training_Pool_B_Decks\Non-Cracked\7022-79.jpg,7022-79.jpg,Decks,Non-Cracked,Decks_Non-Cracked,very_bright,train
C:\Users\ikerd\Desktop\Vision  Project\Crack-Identification---Group-A\Training_Pool_A_Walls\Non-Cracked\7116-80.jpg,7116-80.jpg,Walls,Non-Cracked,Walls_Non-Cracked,noncracked_high_edges,train
C:\Users\ikerd\Desktop\Vision  Project\Crack-Identification---Group-A\Training_Pool_B_Decks\Non-Cracked\7025-233.jpg,7025-233.jpg,Decks,Non-Cracked,Decks_Non-Cracked,noncracked_high_edges,train
C:\Users\ikerd\Desktop\Vision  Project\Crack-Identification---Group-A\Training_Pool_A_Walls\Non-Cracked\7116-12.jpg,7116-12.jpg,Walls,Non-Cracked,Walls_Non-Cracked,noncracked_high_edges,train
C:\Users\ikerd\Desktop\Vision  Project\Crack-Identification---Group-A\Training_Pool_B_Decks\Non-Cracked\7035-4.jpg,7035-4.jpg,Decks,Non-Cracked,Decks_Non-Cracked,very_bright,train
C:\Users\ikerd\Desktop\Vision  Project\Crack-Identification---Group-A\Training_Pool_A_Walls\Non-Cracked\7121-80.jpg,7121-80.jpg,Walls,Non-Cracked,Walls_Non-Cracked,noncracked_high_edges,train
C:\Users\ikerd\Desktop\Vision  Project\Crack-Identification---Group-A\Training_Pool_B_Decks\Non-Cracked\7047-72.jpg,7047-72.jpg,Decks,Non-Cracked,Decks_Non-Cracked,"noncracked_high_edges, very_dark",train
C:\Users\ikerd\Desktop\Vision  Project\Crack-Identification---Group-A\Training_Pool_B_Decks\Non-Cracked\7014-214.jpg,7014-214.jpg,Decks,Non-Cracked,Decks_Non-Cracked,noncracked_high_edges,train
C:\Users\ikerd\Desktop\Vision  Project\Crack-Identification---Group-A\Training_Pool_A_Walls\Non-Cracked\7124-154.jpg,7124-154.jpg,Walls,Non-Cracked,Walls_Non-Cracked,noncracked_high_edges,train
C:\Users\ikerd\Desktop\Vision  Project\Crack-Identification---Group-A\Training_Pool_B_Decks\Non-Cracked\7053-136.jpg,7053-136.jpg,Decks,Non-Cracked,Decks_Non-Cracked,noncracked_high_edges,train
C:\Users\ikerd\Desktop\Vision  Project\Crack-Identification---Group-A\Training_Pool_A_Walls\Non-Cracked\7114-100.jpg,7114-100.jpg,Walls,Non-Cracked,Walls_Non-Cracked,noncracked_high_edges,train
C:\Users\ikerd\Desktop\Vision  Project\Crack-Identification---Group-A\Training_Pool_A_Walls\Non-Cracked\7101-102.jpg,7101-102.jpg,Walls,Non-Cracked,Walls_Non-Cracked,noncracked_high_edges,train
C:\Users\ikerd\Desktop\Vision  Project\Crack-Identification---Group-A\Training_Pool_A_Walls\Non-Cracked\7119-152.jpg,7119-152.jpg,Walls,Non-Cracked,Walls_Non-Cracked,noncracked_high_edges,train
C:\Users\ikerd\Desktop\Vision  Project\Crack-Identification---Group-A\Training_Pool_A_Walls\Non-Cracked\7116-120.jpg,7116-120.jpg,Walls,Non-Cracked,Walls_Non-Cracked,noncracked_high_edges,train
C:\Users\ikerd\Desktop\Vision  Project\Crack-Identification---Group-A\Training_Pool_B_Decks\Non-Cracked\7039-54.jpg,7039-54.jpg,Decks,Non-Cracked,Decks_Non-Cracked,"noncracked_high_edges, very_dark",train
C:\Users\ikerd\Desktop\Vision  Project\Crack-Identification---Group-A\Training_Pool_B_Decks\Non-Cracked\7051-102.jpg,7051-102.jpg,Decks,Non-Cracked,Decks_Non-Cracked,noncracked_high_edges,train
C:\Users\ikerd\Desktop\Vision  Project\Crack-Identification---Group-A\Training_Pool_A_Walls\Non-Cracked\7101-7.jpg,7101-7.jpg,Walls,Non-Cracked,Walls_Non-Cracked,noncracked_high_edges,train
C:\Users\ikerd\Desktop\Vision  Project\Crack-Identification---Group-A\Training_Pool_A_Walls\Non-Cracked\7121-101.jpg,7121-101.jpg,Walls,Non-Cracked,Walls_Non-Cracked,noncracked_high_edges,train
C:\Users\ikerd\Desktop\Vision  Project\Crack-Identification---Group-A\Training_Pool_A_Walls\Non-Cracked\7114-120.jpg,7114-120.jpg,Walls,Non-Cracked,Walls_Non-Cracked,noncracked_high_edges,train
C:\Users\ikerd\Desktop\Vision  Project\Crack-Identification---Group-A\Training_Pool_B_Decks\Non-Cracked\7008-126.jpg,7008-126.jpg,Decks,Non-Cracked,Decks_Non-Cracked,noncracked_high_edges,train
C:\Users\ikerd\Desktop\Vision  Project\Crack-Identification---Group-A\Training_Pool_B_Decks\Non-Cracked\7045-225.jpg,7045-225.jpg,Decks,Non-Cracked,Decks_Non-Cracked,noncracked_high_edges,train
C:\Users\ikerd\Desktop\Vision  Project\Crack-Identification---Group-A\Training_Pool_B_Decks\Non-Cracked\7033-248.jpg,7033-248.jpg,Decks,Non-Cracked,Decks_Non-Cracked,very_bright,train
C:\Users\ikerd\Desktop\Vision  Project\Crack-Identification---Group-A\Training_Pool_B_Decks\Non-Cracked\7016-6.jpg,7016-6.jpg,Decks,Non-Cracked,Decks_Non-Cracked,very_dark,train
C:\Users\ikerd\Desktop\Vision  Project\Crack-Identification---Group-A\Training_Pool_B_Decks\Non-Cracked\7037-178.jpg,7037-178.jpg,Decks,Non-Cracked,Decks_Non-Cracked,noncracked_high_edges,train
C:\Users\ikerd\Desktop\Vision  Project\Crack-Identification---Group-A\Training_Pool_B_Decks\Non-Cracked\7051-105.jpg,7051-105.jpg,Decks,Non-Cracked,Decks_Non-Cracked,noncracked_high_edges,train
C:\Users\ikerd\Desktop\Vision  Project\Crack-Identification---Group-A\Training_Pool_A_Walls\Non-Cracked\7121-84.jpg,7121-84.jpg,Walls,Non-Cracked,Walls_Non-Cracked,noncracked_high_edges,train
C:\Users\ikerd\Desktop\Vision  Project\Crack-Identification---Group-A\Training_Pool_A_Walls\Non-Cracked\7121-44.jpg,7121-44.jpg,Walls,Non-Cracked,Walls_Non-Cracked,noncracked_high_edges,train
C:\Users\ikerd\Desktop\Vision  Project\Crack-Identification---Group-A\Training_Pool_B_Decks\Non-Cracked\7029-6.jpg,7029-6.jpg,Decks,Non-Cracked,Decks_Non-Cracked,very_dark,train
C:\Users\ikerd\Desktop\Vision  Project\Crack-Identification---Group-A\Training_Pool_B_Decks\Non-Cracked\7023-112.jpg,7023-112.jpg,Decks,Non-Cracked,Decks_Non-Cracked,very_bright,train
C:\Users\ikerd\Desktop\Vision  Project\Crack-Identification---Group-A\Training_Pool_B_Decks\Non-Cracked\7008-180.jpg,7008-180.jpg,Decks,Non-Cracked,Decks_Non-Cracked,noncracked_high_edges,train
C:\Users\ikerd\Desktop\Vision  Project\Crack-Identification---Group-A\Training_Pool_B_Decks\Non-Cracked\7035-111.jpg,7035-111.jpg,Decks,Non-Cracked,Decks_Non-Cracked,very_bright,train
C:\Users\ikerd\Desktop\Vision  Project\Crack-Identification---Group-A\Training_Pool_B_Decks\Non-Cracked\7054-140.jpg,7054-140.jpg,Decks,Non-Cracked,Decks_Non-Cracked,noncracked_high_edges,train
C:\Users\ikerd\Desktop\Vision  Project\Crack-Identification---Group-A\Training_Pool_B_Decks\Non-Cracked\7032-93.jpg,7032-93.jpg,Decks,Non-Cracked,Decks_Non-Cracked,very_bright,train
C:\Users\ikerd\Desktop\Vision  Project\Crack-Identification---Group-A\Training_Pool_B_Decks\Non-Cracked\7054-156.jpg,7054-156.jpg,Decks,Non-Cracked,Decks_Non-Cracked,noncracked_high_edges,train
C:\Users\ikerd\Desktop\Vision  Project\Crack-Identification---Group-A\Training_Pool_A_Walls\Non-Cracked\7101-173.jpg,7101-173.jpg,Walls,Non-Cracked,Walls_Non-Cracked,noncracked_high_edges,train
C:\Users\ikerd\Desktop\Vision  Project\Crack-Identification---Group-A\Training_Pool_A_Walls\Non-Cracked\7119-135.jpg,7119-135.jpg,Walls,Non-Cracked,Walls_Non-Cracked,noncracked_high_edges,train
C:\Users\ikerd\Desktop\Vision  Project\Crack-Identification---Group-A\Training_Pool_B_Decks\Non-Cracked\7022-146.jpg,7022-146.jpg,Decks,Non-Cracked,Decks_Non-Cracked,very_bright,train
C:\Users\ikerd\Desktop\Vision  Project\Crack-Identification---Group-A\Training_Pool_A_Walls\Non-Cracked\7116-82.jpg,7116-82.jpg,Walls,Non-Cracked,Walls_Non-Cracked,noncracked_high_edges,train
C:\Users\ikerd\Desktop\Vision  Project\Crack-Identification---Group-A\Training_Pool_A_Walls\Non-Cracked\7134-164.jpg,7134-164.jpg,Walls,Non-Cracked,Walls_Non-Cracked,very_dark,train
C:\Users\ikerd\Desktop\Vision  Project\Crack-Identification---Group-A\Training_Pool_B_Decks\Non-Cracked\7014-161.jpg,7014-161.jpg,Decks,Non-Cracked,Decks_Non-Cracked,noncracked_high_edges,train
C:\Users\ikerd\Desktop\Vision  Project\Crack-Identification---Group-A\Training_Pool_B_Decks\Non-Cracked\7013-163.jpg,7013-163.jpg,Decks,Non-Cracked,Decks_Non-Cracked,very_bright,train
C:\Users\ikerd\Desktop\Vision  Project\Crack-Identification---Group-A\Training_Pool_B_Decks\Non-Cracked\7047-36.jpg,7047-36.jpg,Decks,Non-Cracked,Decks_Non-Cracked,"noncracked_high_edges, very_dark",train
C:\Users\ikerd\Desktop\Vision  Project\Crack-Identification---Group-A\Training_Pool_B_Decks\Non-Cracked\7030-248.jpg,7030-248.jpg,Decks,Non-Cracked,Decks_Non-Cracked,noncracked_high_edges,train
C:\Users\ikerd\Desktop\Vision  Project\Crack-Identification---Group-A\Training_Pool_A_Walls\Non-Cracked\7116-48.jpg,7116-48.jpg,Walls,Non-Cracked,Walls_Non-Cracked,noncracked_high_edges,train
C:\Users\ikerd\Desktop\Vision  Project\Crack-Identification---Group-A\Training_Pool_B_Decks\Non-Cracked\7022-96.jpg,7022-96.jpg,Decks,Non-Cracked,Decks_Non-Cracked,very_bright,train
C:\Users\ikerd\Desktop\Vision  Project\Crack-Identification---Group-A\Training_Pool_B_Decks\Non-Cracked\7034-83.jpg,7034-83.jpg,Decks,Non-Cracked,Decks_Non-Cracked,noncracked_high_edges,train
C:\Users\ikerd\Desktop\Vision  Project\Crack-Identification---Group-A\Training_Pool_B_Decks\Non-Cracked\7041-2.jpg,7041-2.jpg,Decks,Non-Cracked,Decks_Non-Cracked,very_dark,train
C:\Users\ikerd\Desktop\Vision  Project\Crack-Identification---Group-A\Training_Pool_A_Walls\Non-Cracked\7119-118.jpg,7119-118.jpg,Walls,Non-Cracked,Walls_Non-Cracked,noncracked_high_edges,train
C:\Users\ikerd\Desktop\Vision  Project\Crack-Identification---Group-A\Training_Pool_B_Decks\Non-Cracked\7039-232.jpg,7039-232.jpg,Decks,Non-Cracked,Decks_Non-Cracked,noncracked_high_edges,train
C:\Users\ikerd\Desktop\Vision  Project\Crack-Identification---Group-A\Training_Pool_A_Walls\Non-Cracked\7126-120.jpg,7126-120.jpg,Walls,Non-Cracked,Walls_Non-Cracked,noncracked_high_edges,train
C:\Users\ikerd\Desktop\Vision  Project\Crack-Identification---Group-A\Training_Pool_B_Decks\Non-Cracked\7043-243.jpg,7043-243.jpg,Decks,Non-Cracked,Decks_Non-Cracked,"noncracked_high_edges, very_dark",train
C:\Users\ikerd\Desktop\Vision  Project\Crack-Identification---Group-A\Training_Pool_A_Walls\Non-Cracked\7116-156.jpg,7116-156.jpg,Walls,Non-Cracked,Walls_Non-Cracked,noncracked_high_edges,train
C:\Users\ikerd\Desktop\Vision  Project\Crack-Identification---Group-A\Training_Pool_A_Walls\Non-Cracked\7138-85.jpg,7138-85.jpg,Walls,Non-Cracked,Walls_Non-Cracked,noncracked_high_edges,train
C:\Users\ikerd\Desktop\Vision  Project\Crack-Identification---Group-A\Training_Pool_A_Walls\Non-Cracked\7101-178.jpg,7101-178.jpg,Walls,Non-Cracked,Walls_Non-Cracked,noncracked_high_edges,train
C:\Users\ikerd\Desktop\Vision  Project\Crack-Identification---Group-A\Training_Pool_B_Decks\Non-Cracked\7045-116.jpg,7045-116.jpg,Decks,Non-Cracked,Decks_Non-Cracked,noncracked_high_edges,train
C:\Users\ikerd\Desktop\Vision  Project\Crack-Identification---Group-A\Training_Pool_B_Decks\Non-Cracked\7015-15.jpg,7015-15.jpg,Decks,Non-Cracked,Decks_Non-Cracked,very_dark,train
C:\Users\ikerd\Desktop\Vision  Project\Crack-Identification---Group-A\Training_Pool_B_Decks\Non-Cracked\7031-245.jpg,7031-245.jpg,Decks,Non-Cracked,Decks_Non-Cracked,noncracked_high_edges,train
C:\Users\ikerd\Desktop\Vision  Project\Crack-Identification---Group-A\Training_Pool_B_Decks\Non-Cracked\7039-71.jpg,7039-71.jpg,Decks,Non-Cracked,Decks_Non-Cracked,"noncracked_high_edges, very_dark",train
C:\Users\ikerd\Desktop\Vision  Project\Crack-Identification---Group-A\Training_Pool_B_Decks\Non-Cracked\7038-227.jpg,7038-227.jpg,Decks,Non-Cracked,Decks_Non-Cracked,noncracked_high_edges,train
C:\Users\ikerd\Desktop\Vision  Project\Crack-Identification---Group-A\Training_Pool_B_Decks\Non-Cracked\7017-153.jpg,7017-153.jpg,Decks,Non-Cracked,Decks_Non-Cracked,noncracked_high_edges,train
C:\Users\ikerd\Desktop\Vision  Project\Crack-Identification---Group-A\Training_Pool_A_Walls\Non-Cracked\7132-151.jpg,7132-151.jpg,Walls,Non-Cracked,Walls_Non-Cracked,noncracked_high_edges,train
C:\Users\ikerd\Desktop\Vision  Project\Crack-Identification---Group-A\Training_Pool_A_Walls\Non-Cracked\7122-150.jpg,7122-150.jpg,Walls,Non-Cracked,Walls_Non-Cracked,noncracked_high_edges,train
C:\Users\ikerd\Desktop\Vision  Project\Crack-Identification---Group-A\Training_Pool_A_Walls\Non-Cracked\7100-104.jpg,7100-104.jpg,Walls,Non-Cracked,Walls_Non-Cracked,noncracked_high_edges,train
C:\Users\ikerd\Desktop\Vision  Project\Crack-Identification---Group-A\Training_Pool_A_Walls\Non-Cracked\7119-64.jpg,7119-64.jpg,Walls,Non-Cracked,Walls_Non-Cracked,noncracked_high_edges,train
C:\Users\ikerd\Desktop\Vision  Project\Crack-Identification---Group-A\Training_Pool_B_Decks\Non-Cracked\7049-156.jpg,7049-156.jpg,Decks,Non-Cracked,Decks_Non-Cracked,noncracked_high_edges,train
C:\Users\ikerd\Desktop\Vision  Project\Crack-Identification---Group-A\Training_Pool_B_Decks\Non-Cracked\7007-129.jpg,7007-129.jpg,Decks,Non-Cracked,Decks_Non-Cracked,very_bright,train
C:\Users\ikerd\Desktop\Vision  Project\Crack-Identification---Group-A\Training_Pool_B_Decks\Non-Cracked\7039-123.jpg,7039-123.jpg,Decks,Non-Cracked,Decks_Non-Cracked,noncracked_high_edges,train
C:\Users\ikerd\Desktop\Vision  Project\Crack-Identification---Group-A\Training_Pool_B_Decks\Non-Cracked\7050-211.jpg,7050-211.jpg,Decks,Non-Cracked,Decks_Non-Cracked,noncracked_high_edges,train
C:\Users\ikerd\Desktop\Vision  Project\Crack-Identification---Group-A\Training_Pool_B_Decks\Non-Cracked\7031-1.jpg,7031-1.jpg,Decks,Non-Cracked,Decks_Non-Cracked,"noncracked_high_edges, very_dark",train
C:\Users\ikerd\Desktop\Vision  Project\Crack-Identification---Group-A\Training_Pool_B_Decks\Non-Cracked\7030-138.jpg,7030-138.jpg,Decks,Non-Cracked,Decks_Non-Cracked,very_bright,train
C:\Users\ikerd\Desktop\Vision  Project\Crack-Identification---Group-A\Training_Pool_B_Decks\Cracked\7024-146.jpg,7024-146.jpg,Decks,Cracked,Decks_Cracked,very_bright,train
C:\Users\ikerd\Desktop\Vision  Project\Crack-Identification---Group-A\Training_Pool_A_Walls\Non-Cracked\7139-201.jpg,7139-201.jpg,Walls,Non-Cracked,Walls_Non-Cracked,noncracked_high_edges,train
C:\Users\ikerd\Desktop\Vision  Project\Crack-Identification---Group-A\Training_Pool_B_Decks\Non-Cracked\7039-31.jpg,7039-31.jpg,Decks,Non-Cracked,Decks_Non-Cracked,noncracked_high_edges,train
C:\Users\ikerd\Desktop\Vision  Project\Crack-Identification---Group-A\Training_Pool_A_Walls\Non-Cracked\7119-48.jpg,7119-48.jpg,Walls,Non-Cracked,Walls_Non-Cracked,noncracked_high_edges,train
C:\Users\ikerd\Desktop\Vision  Project\Crack-Identification---Group-A\Training_Pool_B_Decks\Non-Cracked\7054-153.jpg,7054-153.jpg,Decks,Non-Cracked,Decks_Non-Cracked,noncracked_high_edges,train
C:\Users\ikerd\Desktop\Vision  Project\Crack-Identification---Group-A\Training_Pool_B_Decks\Non-Cracked\7051-134.jpg,7051-134.jpg,Decks,Non-Cracked,Decks_Non-Cracked,noncracked_high_edges,train
C:\Users\ikerd\Desktop\Vision  Project\Crack-Identification---Group-A\Training_Pool_B_Decks\Non-Cracked\7047-134.jpg,7047-134.jpg,Decks,Non-Cracked,Decks_Non-Cracked,noncracked_high_edges,train
C:\Users\ikerd\Desktop\Vision  Project\Crack-Identification---Group-A\Training_Pool_B_Decks\Non-Cracked\7032-22.jpg,7032-22.jpg,Decks,Non-Cracked,Decks_Non-Cracked,very_bright,train
C:\Users\ikerd\Desktop\Vision  Project\Crack-Identification---Group-A\Training_Pool_B_Decks\Non-Cracked\7054-98.jpg,7054-98.jpg,Decks,Non-Cracked,Decks_Non-Cracked,noncracked_high_edges,train
C:\Users\ikerd\Desktop\Vision  Project\Crack-Identification---Group-A\Training_Pool_B_Decks\Non-Cracked\7045-153.jpg,7045-153.jpg,Decks,Non-Cracked,Decks_Non-Cracked,noncracked_high_edges,train
C:\Users\ikerd\Desktop\Vision  Project\Crack-Identification---Group-A\Training_Pool_A_Walls\Non-Cracked\7108-13.jpg,7108-13.jpg,Walls,Non-Cracked,Walls_Non-Cracked,noncracked_high_edges,train
C:\Users\ikerd\Desktop\Vision  Project\Crack-Identification---Group-A\Training_Pool_B_Decks\Non-Cracked\7039-178.jpg,7039-178.jpg,Decks,Non-Cracked,Decks_Non-Cracked,noncracked_high_edges,train
C:\Users\ikerd\Desktop\Vision  Project\Crack-Identification---Group-A\Training_Pool_B_Decks\Non-Cracked\7050-117.jpg,7050-117.jpg,Decks,Non-Cracked,Decks_Non-Cracked,noncracked_high_edges,train
C:\Users\ikerd\Desktop\Vision  Project\Crack-Identification---Group-A\Training_Pool_B_Decks\Non-Cracked\7031-243.jpg,7031-243.jpg,Decks,Non-Cracked,Decks_Non-Cracked,noncracked_high_edges,train
C:\Users\ikerd\Desktop\Vision  Project\Crack-Identification---Group-A\Training_Pool_B_Decks\Non-Cracked\7016-22.jpg,7016-22.jpg,Decks,Non-Cracked,Decks_Non-Cracked,very_dark,train
C:\Users\ikerd\Desktop\Vision  Project\Crack-Identification---Group-A\Training_Pool_A_Walls\Cracked\7085-86.jpg,7085-86.jpg,Walls,Cracked,Walls_Cracked,very_bright,train
C:\Users\ikerd\Desktop\Vision  Project\Crack-Identification---Group-A\Training_Pool_A_Walls\Non-Cracked\7116-43.jpg,7116-43.jpg,Walls,Non-Cracked,Walls_Non-Cracked,noncracked_high_edges,train
C:\Users\ikerd\Desktop\Vision  Project\Crack-Identification---Group-A\Training_Pool_B_Decks\Non-Cracked\7052-36.jpg,7052-36.jpg,Decks,Non-Cracked,Decks_Non-Cracked,noncracked_high_edges,train
C:\Users\ikerd\Desktop\Vision  Project\Crack-Identification---Group-A\Training_Pool_B_Decks\Non-Cracked\7014-252.jpg,7014-252.jpg,Decks,Non-Cracked,Decks_Non-Cracked,"noncracked_high_edges, very_dark",train
C:\Users\ikerd\Desktop\Vision  Project\Crack-Identification---Group-A\Training_Pool_B_Decks\Cracked\7016-29.jpg,7016-29.jpg,Decks,Cracked,Decks_Cracked,very_dark,train
C:\Users\ikerd\Desktop\Vision  Project\Crack-Identification---Group-A\Training_Pool_B_Decks\Non-Cracked\7030-121.jpg,7030-121.jpg,Decks,Non-Cracked,Decks_Non-Cracked,very_bright,train
C:\Users\ikerd\Desktop\Vision  Project\Crack-Identification---Group-A\Training_Pool_A_Walls\Non-Cracked\7098-26.jpg,7098-26.jpg,Walls,Non-Cracked,Walls_Non-Cracked,noncracked_high_edges,train
C:\Users\ikerd\Desktop\Vision  Project\Crack-Identification---Group-A\Training_Pool_A_Walls\Non-Cracked\7116-150.jpg,7116-150.jpg,Walls,Non-Cracked,Walls_Non-Cracked,noncracked_high_edges,train
C:\Users\ikerd\Desktop\Vision  Project\Crack-Identification---Group-A\Training_Pool_B_Decks\Non-Cracked\7013-162.jpg,7013-162.jpg,Decks,Non-Cracked,Decks_Non-Cracked,noncracked_high_edges,train
C:\Users\ikerd\Desktop\Vision  Project\Crack-Identification---Group-A\Training_Pool_A_Walls\Non-Cracked\7122-7.jpg,7122-7.jpg,Walls,Non-Cracked,Walls_Non-Cracked,very_bright,train
C:\Users\ikerd\Desktop\Vision  Project\Crack-Identification---Group-A\Training_Pool_A_Walls\Non-Cracked\7101-29.jpg,7101-29.jpg,Walls,Non-Cracked,Walls_Non-Cracked,noncracked_high_edges,train
C:\Users\ikerd\Desktop\Vision  Project\Crack-Identification---Group-A\Training_Pool_B_Decks\Non-Cracked\7014-143.jpg,7014-143.jpg,Decks,Non-Cracked,Decks_Non-Cracked,"noncracked_high_edges, very_dark",train
C:\Users\ikerd\Desktop\Vision  Project\Crack-Identification---Group-A\Training_Pool_B_Decks\Non-Cracked\7050-64.jpg,7050-64.jpg,Decks,Non-Cracked,Decks_Non-Cracked,noncracked_high_edges,train
C:\Users\ikerd\Desktop\Vision  Project\Crack-Identification---Group-A\Training_Pool_B_Decks\Non-Cracked\7046-152.jpg,7046-152.jpg,Decks,Non-Cracked,Decks_Non-Cracked,noncracked_high_edges,train
C:\Users\ikerd\Desktop\Vision  Project\Crack-Identification---Group-A\Training_Pool_B_Decks\Non-Cracked\7014-30.jpg,7014-30.jpg,Decks,Non-Cracked,Decks_Non-Cracked,very_dark,train
C:\Users\ikerd\Desktop\Vision  Project\Crack-Identification---Group-A\Training_Pool_B_Decks\Non-Cracked\7014-199.jpg,7014-199.jpg,Decks,Non-Cracked,Decks_Non-Cracked,very_bright,train
C:\Users\ikerd\Desktop\Vision  Project\Crack-Identification---Group-A\Training_Pool_B_Decks\Cracked\7013-199.jpg,7013-199.jpg,Decks,Cracked,Decks_Cracked,very_bright,train
C:\Users\ikerd\Desktop\Vision  Project\Crack-Identification---Group-A\Training_Pool_B_Decks\Non-Cracked\7024-130.jpg,7024-130.jpg,Decks,Non-Cracked,Decks_Non-Cracked,very_bright,train
C:\Users\ikerd\Desktop\Vision  Project\Crack-Identification---Group-A\Training_Pool_B_Decks\Non-Cracked\7049-118.jpg,7049-118.jpg,Decks,Non-Cracked,Decks_Non-Cracked,noncracked_high_edges,train
C:\Users\ikerd\Desktop\Vision  Project\Crack-Identification---Group-A\Training_Pool_B_Decks\Non-Cracked\7029-33.jpg,7029-33.jpg,Decks,Non-Cracked,Decks_Non-Cracked,noncracked_high_edges,train
C:\Users\ikerd\Desktop\Vision  Project\Crack-Identification---Group-A\Training_Pool_A_Walls\Non-Cracked\7134-181.jpg,7134-181.jpg,Walls,Non-Cracked,Walls_Non-Cracked,very_dark,train
C:\Users\ikerd\Desktop\Vision  Project\Crack-Identification---Group-A\Training_Pool_A_Walls\Non-Cracked\7119-47.jpg,7119-47.jpg,Walls,Non-Cracked,Walls_Non-Cracked,noncracked_high_edges,train
C:\Users\ikerd\Desktop\Vision  Project\Crack-Identification---Group-A\Training_Pool_B_Decks\Non-Cracked\7027-152.jpg,7027-152.jpg,Decks,Non-Cracked,Decks_Non-Cracked,noncracked_high_edges,train
C:\Users\ikerd\Desktop\Vision  Project\Crack-Identification---Group-A\Training_Pool_A_Walls\Non-Cracked\7119-116.jpg,7119-116.jpg,Walls,Non-Cracked,Walls_Non-Cracked,noncracked_high_edges,train
C:\Users\ikerd\Desktop\Vision  Project\Crack-Identification---Group-A\Training_Pool_B_Decks\Non-Cracked\7008-36.jpg,7008-36.jpg,Decks,Non-Cracked,Decks_Non-Cracked,noncracked_high_edges,train
C:\Users\ikerd\Desktop\Vision  Project\Crack-Identification---Group-A\Training_Pool_B_Decks\Non-Cracked\7053-34.jpg,7053-34.jpg,Decks,Non-Cracked,Decks_Non-Cracked,noncracked_high_edges,train
C:\Users\ikerd\Desktop\Vision  Project\Crack-Identification---Group-A\Training_Pool_B_Decks\Non-Cracked\7046-252.jpg,7046-252.jpg,Decks,Non-Cracked,Decks_Non-Cracked,"noncracked_high_edges, very_dark",train
C:\Users\ikerd\Desktop\Vision  Project\Crack-Identification---Group-A\Training_Pool_B_Decks\Non-Cracked\7030-223.jpg,7030-223.jpg,Decks,Non-Cracked,Decks_Non-Cracked,noncracked_high_edges,train
C:\Users\ikerd\Desktop\Vision  Project\Crack-Identification---Group-A\Training_Pool_B_Decks\Non-Cracked\7054-51.jpg,7054-51.jpg,Decks,Non-Cracked,Decks_Non-Cracked,noncracked_high_edges,train
C:\Users\ikerd\Desktop\Vision  Project\Crack-Identification---Group-A\Training_Pool_A_Walls\Non-Cracked\7107-104.jpg,7107-104.jpg,Walls,Non-Cracked,Walls_Non-Cracked,noncracked_high_edges,train
C:\Users\ikerd\Desktop\Vision  Project\Crack-Identification---Group-A\Training_Pool_B_Decks\Non-Cracked\7053-233.jpg,7053-233.jpg,Decks,Non-Cracked,Decks_Non-Cracked,noncracked_high_edges,train
C:\Users\ikerd\Desktop\Vision  Project\Crack-Identification---Group-A\Training_Pool_B_Decks\Non-Cracked\7014-181.jpg,7014-181.jpg,Decks,Non-Cracked,Decks_Non-Cracked,very_bright,train
C:\Users\ikerd\Desktop\Vision  Project\Crack-Identification---Group-A\Training_Pool_B_Decks\Non-Cracked\7054-155.jpg,7054-155.jpg,Decks,Non-Cracked,Decks_Non-Cracked,noncracked_high_edges,train
C:\Users\ikerd\Desktop\Vision  Project\Crack-Identification---Group-A\Training_Pool_A_Walls\Non-Cracked\7101-26.jpg,7101-26.jpg,Walls,Non-Cracked,Walls_Non-Cracked,noncracked_high_edges,train
C:\Users\ikerd\Desktop\Vision  Project\Crack-Identification---Group-A\Training_Pool_A_Walls\Non-Cracked\7133-83.jpg,7133-83.jpg,Walls,Non-Cracked,Walls_Non-Cracked,noncracked_high_edges,train
C:\Users\ikerd\Desktop\Vision  Project\Crack-Identification---Group-A\Training_Pool_B_Decks\Non-Cracked\7013-18.jpg,7013-18.jpg,Decks,Non-Cracked,Decks_Non-Cracked,very_dark,train
C:\Users\ikerd\Desktop\Vision  Project\Crack-Identification---Group-A\Training_Pool_A_Walls\Non-Cracked\7123-29.jpg,7123-29.jpg,Walls,Non-Cracked,Walls_Non-Cracked,very_bright,train
C:\Users\ikerd\Desktop\Vision  Project\Crack-Identification---Group-A\Training_Pool_B_Decks\Non-Cracked\7023-93.jpg,7023-93.jpg,Decks,Non-Cracked,Decks_Non-Cracked,very_bright,train
C:\Users\ikerd\Desktop\Vision  Project\Crack-Identification---Group-A\Training_Pool_A_Walls\Non-Cracked\7138-10.jpg,7138-10.jpg,Walls,Non-Cracked,Walls_Non-Cracked,noncracked_high_edges,train
C:\Users\ikerd\Desktop\Vision  Project\Crack-Identification---Group-A\Training_Pool_A_Walls\Non-Cracked\7101-99.jpg,7101-99.jpg,Walls,Non-Cracked,Walls_Non-Cracked,noncracked_high_edges,train
C:\Users\ikerd\Desktop\Vision  Project\Crack-Identification---Group-A\Training_Pool_B_Decks\Non-Cracked\7030-249.jpg,7030-249.jpg,Decks,Non-Cracked,Decks_Non-Cracked,noncracked_high_edges,train
C:\Users\ikerd\Desktop\Vision  Project\Crack-Identification---Group-A\Training_Pool_A_Walls\Non-Cracked\7098-98.jpg,7098-98.jpg,Walls,Non-Cracked,Walls_Non-Cracked,noncracked_high_edges,train
C:\Users\ikerd\Desktop\Vision  Project\Crack-Identification---Group-A\Training_Pool_B_Decks\Non-Cracked\7030-235.jpg,7030-235.jpg,Decks,Non-Cracked,Decks_Non-Cracked,very_dark,train
C:\Users\ikerd\Desktop\Vision  Project\Crack-Identification---Group-A\Training_Pool_B_Decks\Non-Cracked\7043-233.jpg,7043-233.jpg,Decks,Non-Cracked,Decks_Non-Cracked,noncracked_high_edges,train
C:\Users\ikerd\Desktop\Vision  Project\Crack-Identification---Group-A\Training_Pool_A_Walls\Non-Cracked\7100-123.jpg,7100-123.jpg,Walls,Non-Cracked,Walls_Non-Cracked,noncracked_high_edges,train
C:\Users\ikerd\Desktop\Vision  Project\Crack-Identification---Group-A\Training_Pool_B_Decks\Cracked\7024-93.jpg,7024-93.jpg,Decks,Cracked,Decks_Cracked,very_bright,train
C:\Users\ikerd\Desktop\Vision  Project\Crack-Identification---Group-A\Training_Pool_B_Decks\Non-Cracked\7023-77.jpg,7023-77.jpg,Decks,Non-Cracked,Decks_Non-Cracked,very_bright,train
C:\Users\ikerd\Desktop\Vision  Project\Crack-Identification---Group-A\Training_Pool_B_Decks\Non-Cracked\7051-84.jpg,7051-84.jpg,Decks,Non-Cracked,Decks_Non-Cracked,noncracked_high_edges,train
C:\Users\ikerd\Desktop\Vision  Project\Crack-Identification---Group-A\Training_Pool_B_Decks\Non-Cracked\7030-53.jpg,7030-53.jpg,Decks,Non-Cracked,Decks_Non-Cracked,noncracked_high_edges,train
C:\Users\ikerd\Desktop\Vision  Project\Crack-Identification---Group-A\Training_Pool_B_Decks\Non-Cracked\7014-31.jpg,7014-31.jpg,Decks,Non-Cracked,Decks_Non-Cracked,very_dark,train
C:\Users\ikerd\Desktop\Vision  Project\Crack-Identification---Group-A\Training_Pool_B_Decks\Non-Cracked\7017-110.jpg,7017-110.jpg,Decks,Non-Cracked,Decks_Non-Cracked,noncracked_high_edges,train
C:\Users\ikerd\Desktop\Vision  Project\Crack-Identification---Group-A\Training_Pool_B_Decks\Non-Cracked\7032-58.jpg,7032-58.jpg,Decks,Non-Cracked,Decks_Non-Cracked,very_bright,train
C:\Users\ikerd\Desktop\Vision  Project\Crack-Identification---Group-A\Training_Pool_B_Decks\Non-Cracked\7013-164.jpg,7013-164.jpg,Decks,Non-Cracked,Decks_Non-Cracked,very_bright,train
C:\Users\ikerd\Desktop\Vision  Project\Crack-Identification---Group-A\Training_Pool_B_Decks\Non-Cracked\7014-34.jpg,7014-34.jpg,Decks,Non-Cracked,Decks_Non-Cracked,very_dark,train
C:\Users\ikerd\Desktop\Vision  Project\Crack-Identification---Group-A\Training_Pool_A_Walls\Non-Cracked\7100-193.jpg,7100-193.jpg,Walls,Non-Cracked,Walls_Non-Cracked,noncracked_high_edges,train
C:\Users\ikerd\Desktop\Vision  Project\Crack-Identification---Group-A\Training_Pool_A_Walls\Non-Cracked\7116-65.jpg,7116-65.jpg,Walls,Non-Cracked,Walls_Non-Cracked,noncracked_high_edges,train
C:\Users\ikerd\Desktop\Vision  Project\Crack-Identification---Group-A\Training_Pool_B_Decks\Non-Cracked\7052-117.jpg,7052-117.jpg,Decks,Non-Cracked,Decks_Non-Cracked,noncracked_high_edges,train
C:\Users\ikerd\Desktop\Vision  Project\Crack-Identification---Group-A\Training_Pool_B_Decks\Non-Cracked\7016-33.jpg,7016-33.jpg,Decks,Non-Cracked,Decks_Non-Cracked,very_dark,train
C:\Users\ikerd\Desktop\Vision  Project\Crack-Identification---Group-A\Training_Pool_B_Decks\Non-Cracked\7016-30.jpg,7016-30.jpg,Decks,Non-Cracked,Decks_Non-Cracked,very_dark,train
C:\Users\ikerd\Desktop\Vision  Project\Crack-Identification---Group-A\Training_Pool_B_Decks\Non-Cracked\7053-89_2.jpg,7053-89_2.jpg,Decks,Non-Cracked,Decks_Non-Cracked,noncracked_high_edges,train
C:\Users\ikerd\Desktop\Vision  Project\Crack-Identification---Group-A\Training_Pool_B_Decks\Non-Cracked\7013-180.jpg,7013-180.jpg,Decks,Non-Cracked,Decks_Non-Cracked,noncracked_high_edges,train
C:\Users\ikerd\Desktop\Vision  Project\Crack-Identification---Group-A\Training_Pool_B_Decks\Non-Cracked\7049-212.jpg,7049-212.jpg,Decks,Non-Cracked,Decks_Non-Cracked,noncracked_high_edges,train
C:\Users\ikerd\Desktop\Vision  Project\Crack-Identification---Group-A\Training_Pool_B_Decks\Non-Cracked\7018-69.jpg,7018-69.jpg,Decks,Non-Cracked,Decks_Non-Cracked,very_bright,train
C:\Users\ikerd\Desktop\Vision  Project\Crack-Identification---Group-A\Training_Pool_B_Decks\Non-Cracked\7047-152.jpg,7047-152.jpg,Decks,Non-Cracked,Decks_Non-Cracked,noncracked_high_edges,train
C:\Users\ikerd\Desktop\Vision  Project\Crack-Identification---Group-A\Training_Pool_B_Decks\Non-Cracked\7051-68.jpg,7051-68.jpg,Decks,Non-Cracked,Decks_Non-Cracked,noncracked_high_edges,train
C:\Users\ikerd\Desktop\Vision  Project\Crack-Identification---Group-A\Training_Pool_B_Decks\Non-Cracked\7033-73.jpg,7033-73.jpg,Decks,Non-Cracked,Decks_Non-Cracked,very_bright,train
C:\Users\ikerd\Desktop\Vision  Project\Crack-Identification---Group-A\Training_Pool_B_Decks\Non-Cracked\7043-249.jpg,7043-249.jpg,Decks,Non-Cracked,Decks_Non-Cracked,"noncracked_high_edges, very_dark",train
C:\Users\ikerd\Desktop\Vision  Project\Crack-Identification---Group-A\Training_Pool_A_Walls\Non-Cracked\7106-172.jpg,7106-172.jpg,Walls,Non-Cracked,Walls_Non-Cracked,noncracked_high_edges,train
C:\Users\ikerd\Desktop\Vision  Project\Crack-Identification---Group-A\Training_Pool_B_Decks\Non-Cracked\7030-155.jpg,7030-155.jpg,Decks,Non-Cracked,Decks_Non-Cracked,very_bright,train
C:\Users\ikerd\Desktop\Vision  Project\Crack-Identification---Group-A\Training_Pool_A_Walls\Non-Cracked\7120-139.jpg,7120-139.jpg,Walls,Non-Cracked,Walls_Non-Cracked,noncracked_high_edges,train
C:\Users\ikerd\Desktop\Vision  Project\Crack-Identification---Group-A\Training_Pool_B_Decks\Non-Cracked\7030-143.jpg,7030-143.jpg,Decks,Non-Cracked,Decks_Non-Cracked,noncracked_high_edges,train
C:\Users\ikerd\Desktop\Vision  Project\Crack-Identification---Group-A\Training_Pool_B_Decks\Non-Cracked\7023-58.jpg,7023-58.jpg,Decks,Non-Cracked,Decks_Non-Cracked,very_bright,train
C:\Users\ikerd\Desktop\Vision  Project\Crack-Identification---Group-A\Training_Pool_A_Walls\Non-Cracked\7101-9.jpg,7101-9.jpg,Walls,Non-Cracked,Walls_Non-Cracked,noncracked_high_edges,train
C:\Users\ikerd\Desktop\Vision  Project\Crack-Identification---Group-A\Training_Pool_A_Walls\Non-Cracked\7121-131.jpg,7121-131.jpg,Walls,Non-Cracked,Walls_Non-Cracked,noncracked_high_edges,train
C:\Users\ikerd\Desktop\Vision  Project\Crack-Identification---Group-A\Training_Pool_A_Walls\Non-Cracked\7118-114.jpg,7118-114.jpg,Walls,Non-Cracked,Walls_Non-Cracked,noncracked_high_edges,train
C:\Users\ikerd\Desktop\Vision  Project\Crack-Identification---Group-A\Training_Pool_B_Decks\Non-Cracked\7027-187.jpg,7027-187.jpg,Decks,Non-Cracked,Decks_Non-Cracked,noncracked_high_edges,train
C:\Users\ikerd\Desktop\Vision  Project\Crack-Identification---Group-A\Training_Pool_A_Walls\Non-Cracked\7106-191.jpg,7106-191.jpg,Walls,Non-Cracked,Walls_Non-Cracked,noncracked_high_edges,train
C:\Users\ikerd\Desktop\Vision  Project\Crack-Identification---Group-A\Training_Pool_B_Decks\Non-Cracked\7046-36.jpg,7046-36.jpg,Decks,Non-Cracked,Decks_Non-Cracked,noncracked_high_edges,train
C:\Users\ikerd\Desktop\Vision  Project\Crack-Identification---Group-A\Training_Pool_B_Decks\Non-Cracked\7024-166.jpg,7024-166.jpg,Decks,Non-Cracked,Decks_Non-Cracked,very_bright,train
C:\Users\ikerd\Desktop\Vision  Project\Crack-Identification---Group-A\Training_Pool_B_Decks\Non-Cracked\7046-207.jpg,7046-207.jpg,Decks,Non-Cracked,Decks_Non-Cracked,noncracked_high_edges,train
C:\Users\ikerd\Desktop\Vision  Project\Crack-Identification---Group-A\Training_Pool_B_Decks\Non-Cracked\7039-34.jpg,7039-34.jpg,Decks,Non-Cracked,Decks_Non-Cracked,"noncracked_high_edges, very_dark",train
C:\Users\ikerd\Desktop\Vision  Project\Crack-Identification---Group-A\Training_Pool_A_Walls\Non-Cracked\7101-47.jpg,7101-47.jpg,Walls,Non-Cracked,Walls_Non-Cracked,noncracked_high_edges,train
C:\Users\ikerd\Desktop\Vision  Project\Crack-Identification---Group-A\Training_Pool_B_Decks\Non-Cracked\7014-1.jpg,7014-1.jpg,Decks,Non-Cracked,Decks_Non-Cracked,very_dark,train
C:\Users\ikerd\Desktop\Vision  Project\Crack-Identification---Group-A\Training_Pool_B_Decks\Non-Cracked\7047-251.jpg,7047-251.jpg,Decks,Non-Cracked,Decks_Non-Cracked,noncracked_high_edges,train
C:\Users\ikerd\Desktop\Vision  Project\Crack-Identification---Group-A\Training_Pool_A_Walls\Non-Cracked\7114-101.jpg,7114-101.jpg,Walls,Non-Cracked,Walls_Non-Cracked,noncracked_high_edges,train
C:\Users\ikerd\Desktop\Vision  Project\Crack-Identification---Group-A\Training_Pool_B_Decks\Non-Cracked\7013-76.jpg,7013-76.jpg,Decks,Non-Cracked,Decks_Non-Cracked,very_bright,train
C:\Users\ikerd\Desktop\Vision  Project\Crack-Identification---Group-A\Training_Pool_B_Decks\Non-Cracked\7029-104.jpg,7029-104.jpg,Decks,Non-Cracked,Decks_Non-Cracked,noncracked_high_edges,train
C:\Users\ikerd\Desktop\Vision  Project\Crack-Identification---Group-A\Training_Pool_B_Decks\Cracked\7007-164.jpg,7007-164.jpg,Decks,Cracked,Decks_Cracked,very_bright,train
C:\Users\ikerd\Desktop\Vision  Project\Crack-Identification---Group-A\Training_Pool_B_Decks\Non-Cracked\7033-247.jpg,7033-247.jpg,Decks,Non-Cracked,Decks_Non-Cracked,very_bright,train
C:\Users\ikerd\Desktop\Vision  Project\Crack-Identification---Group-A\Training_Pool_B_Decks\Non-Cracked\7039-29.jpg,7039-29.jpg,Decks,Non-Cracked,Decks_Non-Cracked,noncracked_high_edges,train
C:\Users\ikerd\Desktop\Vision  Project\Crack-Identification---Group-A\Training_Pool_B_Decks\Non-Cracked\7032-96.jpg,7032-96.jpg,Decks,Non-Cracked,Decks_Non-Cracked,very_bright,train
C:\Users\ikerd\Desktop\Vision  Project\Crack-Identification---Group-A\Training_Pool_B_Decks\Non-Cracked\7030-245.jpg,7030-245.jpg,Decks,Non-Cracked,Decks_Non-Cracked,noncracked_high_edges,train
C:\Users\ikerd\Desktop\Vision  Project\Crack-Identification---Group-A\Training_Pool_A_Walls\Non-Cracked\7101-158.jpg,7101-158.jpg,Walls,Non-Cracked,Walls_Non-Cracked,noncracked_high_edges,train
C:\Users\ikerd\Desktop\Vision  Project\Crack-Identification---Group-A\Training_Pool_A_Walls\Non-Cracked\7116-138.jpg,7116-138.jpg,Walls,Non-Cracked,Walls_Non-Cracked,noncracked_high_edges,train
C:\Users\ikerd\Desktop\Vision  Project\Crack-Identification---Group-A\Training_Pool_B_Decks\Non-Cracked\7030-71.jpg,7030-71.jpg,Decks,Non-Cracked,Decks_Non-Cracked,noncracked_high_edges,train
C:\Users\ikerd\Desktop\Vision  Project\Crack-Identification---Group-A\Training_Pool_B_Decks\Non-Cracked\7014-216.jpg,7014-216.jpg,Decks,Non-Cracked,Decks_Non-Cracked,noncracked_high_edges,train
C:\Users\ikerd\Desktop\Vision  Project\Crack-Identification---Group-A\Training_Pool_B_Decks\Non-Cracked\7047-111.jpg,7047-111.jpg,Decks,Non-Cracked,Decks_Non-Cracked,very_bright,train
C:\Users\ikerd\Desktop\Vision  Project\Crack-Identification---Group-A\Training_Pool_B_Decks\Non-Cracked\7016-38.jpg,7016-38.jpg,Decks,Non-Cracked,Decks_Non-Cracked,very_dark,train
C:\Users\ikerd\Desktop\Vision  Project\Crack-Identification---Group-A\Training_Pool_B_Decks\Non-Cracked\7039-11.jpg,7039-11.jpg,Decks,Non-Cracked,Decks_Non-Cracked,noncracked_high_edges,train
C:\Users\ikerd\Desktop\Vision  Project\Crack-Identification---Group-A\Training_Pool_B_Decks\Non-Cracked\7052-97.jpg,7052-97.jpg,Decks,Non-Cracked,Decks_Non-Cracked,noncracked_high_edges,train
C:\Users\ikerd\Desktop\Vision  Project\Crack-Identification---Group-A\Training_Pool_B_Decks\Non-Cracked\7034-84.jpg,7034-84.jpg,Decks,Non-Cracked,Decks_Non-Cracked,noncracked_high_edges,train
C:\Users\ikerd\Desktop\Vision  Project\Crack-Identification---Group-A\Training_Pool_B_Decks\Non-Cracked\7016-128.jpg,7016-128.jpg,Decks,Non-Cracked,Decks_Non-Cracked,very_dark,train
C:\Users\ikerd\Desktop\Vision  Project\Crack-Identification---Group-A\Training_Pool_B_Decks\Non-Cracked\7046-190.jpg,7046-190.jpg,Decks,Non-Cracked,Decks_Non-Cracked,noncracked_high_edges,train
C:\Users\ikerd\Desktop\Vision  Project\Crack-Identification---Group-A\Training_Pool_A_Walls\Non-Cracked\7121-50.jpg,7121-50.jpg,Walls,Non-Cracked,Walls_Non-Cracked,noncracked_high_edges,train
C:\Users\ikerd\Desktop\Vision  Project\Crack-Identification---Group-A\Training_Pool_A_Walls\Non-Cracked\7100-101.jpg,7100-101.jpg,Walls,Non-Cracked,Walls_Non-Cracked,noncracked_high_edges,train
C:\Users\ikerd\Desktop\Vision  Project\Crack-Identification---Group-A\Training_Pool_B_Decks\Non-Cracked\7048-117.jpg,7048-117.jpg,Decks,Non-Cracked,Decks_Non-Cracked,noncracked_high_edges,train
C:\Users\ikerd\Desktop\Vision  Project\Crack-Identification---Group-A\Training_Pool_A_Walls\Non-Cracked\7119-148.jpg,7119-148.jpg,Walls,Non-Cracked,Walls_Non-Cracked,noncracked_high_edges,train
C:\Users\ikerd\Desktop\Vision  Project\Crack-Identification---Group-A\Training_Pool_B_Decks\Non-Cracked\7053-190.jpg,7053-190.jpg,Decks,Non-Cracked,Decks_Non-Cracked,noncracked_high_edges,train
C:\Users\ikerd\Desktop\Vision  Project\Crack-Identification---Group-A\Training_Pool_A_Walls\Non-Cracked\7118-185.jpg,7118-185.jpg,Walls,Non-Cracked,Walls_Non-Cracked,noncracked_high_edges,train
C:\Users\ikerd\Desktop\Vision  Project\Crack-Identification---Group-A\Training_Pool_A_Walls\Non-Cracked\7114-133.jpg,7114-133.jpg,Walls,Non-Cracked,Walls_Non-Cracked,noncracked_high_edges,train
C:\Users\ikerd\Desktop\Vision  Project\Crack-Identification---Group-A\Training_Pool_A_Walls\Non-Cracked\7077-149.jpg,7077-149.jpg,Walls,Non-Cracked,Walls_Non-Cracked,noncracked_high_edges,train
C:\Users\ikerd\Desktop\Vision  Project\Crack-Identification---Group-A\Training_Pool_A_Walls\Non-Cracked\7086-78.jpg,7086-78.jpg,Walls,Non-Cracked,Walls_Non-Cracked,very_bright,train
C:\Users\ikerd\Desktop\Vision  Project\Crack-Identification---Group-A\Training_Pool_B_Decks\Non-Cracked\7039-108.jpg,7039-108.jpg,Decks,Non-Cracked,Decks_Non-Cracked,"noncracked_high_edges, very_dark",train
C:\Users\ikerd\Desktop\Vision  Project\Crack-Identification---Group-A\Training_Pool_A_Walls\Non-Cracked\7121-30.jpg,7121-30.jpg,Walls,Non-Cracked,Walls_Non-Cracked,noncracked_high_edges,train
C:\Users\ikerd\Desktop\Vision  Project\Crack-Identification---Group-A\Training_Pool_B_Decks\Non-Cracked\7029-9.jpg,7029-9.jpg,Decks,Non-Cracked,Decks_Non-Cracked,very_dark,train
C:\Users\ikerd\Desktop\Vision  Project\Crack-Identification---Group-A\Training_Pool_B_Decks\Non-Cracked\7045-245.jpg,7045-245.jpg,Decks,Non-Cracked,Decks_Non-Cracked,noncracked_high_edges,train
C:\Users\ikerd\Desktop\Vision  Project\Crack-Identification---Group-A\Training_Pool_B_Decks\Non-Cracked\7047-215.jpg,7047-215.jpg,Decks,Non-Cracked,Decks_Non-Cracked,noncracked_high_edges,train
C:\Users\ikerd\Desktop\Vision  Project\Crack-Identification---Group-A\Training_Pool_B_Decks\Non-Cracked\7025-163.jpg,7025-163.jpg,Decks,Non-Cracked,Decks_Non-Cracked,very_bright,train
C:\Users\ikerd\Desktop\Vision  Project\Crack-Identification---Group-A\Training_Pool_B_Decks\Non-Cracked\7054-40.jpg,7054-40.jpg,Decks,Non-Cracked,Decks_Non-Cracked,very_bright,train
C:\Users\ikerd\Desktop\Vision  Project\Crack-Identification---Group-A\Training_Pool_B_Decks\Non-Cracked\7025-147.jpg,7025-147.jpg,Decks,Non-Cracked,Decks_Non-Cracked,very_bright,train
C:\Users\ikerd\Desktop\Vision  Project\Crack-Identification---Group-A\Training_Pool_B_Decks\Cracked\7007-201.jpg,7007-201.jpg,Decks,Cracked,Decks_Cracked,very_bright,train
C:\Users\ikerd\Desktop\Vision  Project\Crack-Identification---Group-A\Training_Pool_B_Decks\Non-Cracked\7025-125.jpg,7025-125.jpg,Decks,Non-Cracked,Decks_Non-Cracked,noncracked_high_edges,train
C:\Users\ikerd\Desktop\Vision  Project\Crack-Identification---Group-A\Training_Pool_B_Decks\Non-Cracked\7025-108.jpg,7025-108.jpg,Decks,Non-Cracked,Decks_Non-Cracked,noncracked_high_edges,train
C:\Users\ikerd\Desktop\Vision  Project\Crack-Identification---Group-A\Training_Pool_B_Decks\Non-Cracked\7024-94.jpg,7024-94.jpg,Decks,Non-Cracked,Decks_Non-Cracked,very_bright,train
C:\Users\ikerd\Desktop\Vision  Project\Crack-Identification---Group-A\Training_Pool_B_Decks\Non-Cracked\7026-131.jpg,7026-131.jpg,Decks,Non-Cracked,Decks_Non-Cracked,noncracked_high_edges,train
C:\Users\ikerd\Desktop\Vision  Project\Crack-Identification---Group-A\Training_Pool_B_Decks\Non-Cracked\7024-147.jpg,7024-147.jpg,Decks,Non-Cracked,Decks_Non-Cracked,very_bright,train
C:\Users\ikerd\Desktop\Vision  Project\Crack-Identification---Group-A\Training_Pool_B_Decks\Non-Cracked\7043-232.jpg,7043-232.jpg,Decks,Non-Cracked,Decks_Non-Cracked,noncracked_high_edges,train
C:\Users\ikerd\Desktop\Vision  Project\Crack-Identification---Group-A\Training_Pool_B_Decks\Non-Cracked\7053-62.jpg,7053-62.jpg,Decks,Non-Cracked,Decks_Non-Cracked,noncracked_high_edges,train
C:\Users\ikerd\Desktop\Vision  Project\Crack-Identification---Group-A\Training_Pool_B_Decks\Non-Cracked\7039-144.jpg,7039-144.jpg,Decks,Non-Cracked,Decks_Non-Cracked,"noncracked_high_edges, very_dark",train
C:\Users\ikerd\Desktop\Vision  Project\Crack-Identification---Group-A\Training_Pool_B_Decks\Non-Cracked\7014-234.jpg,7014-234.jpg,Decks,Non-Cracked,Decks_Non-Cracked,noncracked_high_edges,train
C:\Users\ikerd\Desktop\Vision  Project\Crack-Identification---Group-A\Training_Pool_A_Walls\Non-Cracked\7138-103.jpg,7138-103.jpg,Walls,Non-Cracked,Walls_Non-Cracked,noncracked_high_edges,train
C:\Users\ikerd\Desktop\Vision  Project\Crack-Identification---Group-A\Training_Pool_B_Decks\Non-Cracked\7057-8.jpg,7057-8.jpg,Decks,Non-Cracked,Decks_Non-Cracked,"noncracked_high_edges, very_dark",train
C:\Users\ikerd\Desktop\Vision  Project\Crack-Identification---Group-A\Training_Pool_B_Decks\Non-Cracked\7043-248.jpg,7043-248.jpg,Decks,Non-Cracked,Decks_Non-Cracked,"noncracked_high_edges, very_dark",train
C:\Users\ikerd\Desktop\Vision  Project\Crack-Identification---Group-A\Training_Pool_B_Decks\Non-Cracked\7053-137.jpg,7053-137.jpg,Decks,Non-Cracked,Decks_Non-Cracked,noncracked_high_edges,train
C:\Users\ikerd\Desktop\Vision  Project\Crack-Identification---Group-A\Training_Pool_A_Walls\Non-Cracked\7121-81.jpg,7121-81.jpg,Walls,Non-Cracked,Walls_Non-Cracked,noncracked_high_edges,train
C:\Users\ikerd\Desktop\Vision  Project\Crack-Identification---Group-A\Training_Pool_A_Walls\Non-Cracked\7116-49.jpg,7116-49.jpg,Walls,Non-Cracked,Walls_Non-Cracked,noncracked_high_edges,train
C:\Users\ikerd\Desktop\Vision  Project\Crack-Identification---Group-A\Training_Pool_A_Walls\Non-Cracked\7130-153.jpg,7130-153.jpg,Walls,Non-Cracked,Walls_Non-Cracked,noncracked_high_edges,train
C:\Users\ikerd\Desktop\Vision  Project\Crack-Identification---Group-A\Training_Pool_B_Decks\Non-Cracked\7057-2.jpg,7057-2.jpg,Decks,Non-Cracked,Decks_Non-Cracked,very_dark,train
C:\Users\ikerd\Desktop\Vision  Project\Crack-Identification---Group-A\Training_Pool_B_Decks\Non-Cracked\7053-185.jpg,7053-185.jpg,Decks,Non-Cracked,Decks_Non-Cracked,noncracked_high_edges,train
C:\Users\ikerd\Desktop\Vision  Project\Crack-Identification---Group-A\Training_Pool_B_Decks\Non-Cracked\7053-66.jpg,7053-66.jpg,Decks,Non-Cracked,Decks_Non-Cracked,noncracked_high_edges,train
C:\Users\ikerd\Desktop\Vision  Project\Crack-Identification---Group-A\Training_Pool_A_Walls\Non-Cracked\7128-197.jpg,7128-197.jpg,Walls,Non-Cracked,Walls_Non-Cracked,very_dark,train
C:\Users\ikerd\Desktop\Vision  Project\Crack-Identification---Group-A\Training_Pool_B_Decks\Non-Cracked\7029-123.jpg,7029-123.jpg,Decks,Non-Cracked,Decks_Non-Cracked,noncracked_high_edges,train
C:\Users\ikerd\Desktop\Vision  Project\Crack-Identification---Group-A\Training_Pool_A_Walls\Non-Cracked\7116-60.jpg,7116-60.jpg,Walls,Non-Cracked,Walls_Non-Cracked,noncracked_high_edges,train
C:\Users\ikerd\Desktop\Vision  Project\Crack-Identification---Group-A\Training_Pool_B_Decks\Non-Cracked\7049-122.jpg,7049-122.jpg,Decks,Non-Cracked,Decks_Non-Cracked,very_bright,train
C:\Users\ikerd\Desktop\Vision  Project\Crack-Identification---Group-A\Training_Pool_A_Walls\Non-Cracked\7107-32.jpg,7107-32.jpg,Walls,Non-Cracked,Walls_Non-Cracked,noncracked_high_edges,train
C:\Users\ikerd\Desktop\Vision  Project\Crack-Identification---Group-A\Training_Pool_A_Walls\Non-Cracked\7116-119.jpg,7116-119.jpg,Walls,Non-Cracked,Walls_Non-Cracked,noncracked_high_edges,train
C:\Users\ikerd\Desktop\Vision  Project\Crack-Identification---Group-A\Training_Pool_B_Decks\Non-Cracked\7035-93.jpg,7035-93.jpg,Decks,Non-Cracked,Decks_Non-Cracked,very_bright,train
C:\Users\ikerd\Desktop\Vision  Project\Crack-Identification---Group-A\Training_Pool_B_Decks\Non-Cracked\7014-72.jpg,7014-72.jpg,Decks,Non-Cracked,Decks_Non-Cracked,very_dark,train
C:\Users\ikerd\Desktop\Vision  Project\Crack-Identification---Group-A\Training_Pool_A_Walls\Non-Cracked\7119-50.jpg,7119-50.jpg,Walls,Non-Cracked,Walls_Non-Cracked,noncracked_high_edges,train
C:\Users\ikerd\Desktop\Vision  Project\Crack-Identification---Group-A\Training_Pool_B_Decks\Non-Cracked\7015-5.jpg,7015-5.jpg,Decks,Non-Cracked,Decks_Non-Cracked,very_dark,train
C:\Users\ikerd\Desktop\Vision  Project\Crack-Identification---Group-A\Training_Pool_A_Walls\Non-Cracked\7114-63.jpg,7114-63.jpg,Walls,Non-Cracked,Walls_Non-Cracked,noncracked_high_edges,train
C:\Users\ikerd\Desktop\Vision  Project\Crack-Identification---Group-A\Training_Pool_B_Decks\Non-Cracked\7043-234.jpg,7043-234.jpg,Decks,Non-Cracked,Decks_Non-Cracked,noncracked_high_edges,train
C:\Users\ikerd\Desktop\Vision  Project\Crack-Identification---Group-A\Training_Pool_A_Walls\Non-Cracked\7100-173.jpg,7100-173.jpg,Walls,Non-Cracked,Walls_Non-Cracked,noncracked_high_edges,train
C:\Users\ikerd\Desktop\Vision  Project\Crack-Identification---Group-A\Training_Pool_B_Decks\Non-Cracked\7029-122.jpg,7029-122.jpg,Decks,Non-Cracked,Decks_Non-Cracked,noncracked_high_edges,train
C:\Users\ikerd\Desktop\Vision  Project\Crack-Identification---Group-A\Training_Pool_A_Walls\Non-Cracked\7114-119.jpg,7114-119.jpg,Walls,Non-Cracked,Walls_Non-Cracked,noncracked_high_edges,train
C:\Users\ikerd\Desktop\Vision  Project\Crack-Identification---Group-A\Training_Pool_B_Decks\Non-Cracked\7053-84.jpg,7053-84.jpg,Decks,Non-Cracked,Decks_Non-Cracked,noncracked_high_edges,train
C:\Users\ikerd\Desktop\Vision  Project\Crack-Identification---Group-A\Training_Pool_B_Decks\Non-Cracked\7043-241.jpg,7043-241.jpg,Decks,Non-Cracked,Decks_Non-Cracked,noncracked_high_edges,train
C:\Users\ikerd\Desktop\Vision  Project\Crack-Identification---Group-A\Training_Pool_B_Decks\Non-Cracked\7014-54.jpg,7014-54.jpg,Decks,Non-Cracked,Decks_Non-Cracked,very_dark,train
C:\Users\ikerd\Desktop\Vision  Project\Crack-Identification---Group-A\Training_Pool_A_Walls\Non-Cracked\7119-100.jpg,7119-100.jpg,Walls,Non-Cracked,Walls_Non-Cracked,noncracked_high_edges,train
C:\Users\ikerd\Desktop\Vision  Project\Crack-Identification---Group-A\Training_Pool_B_Decks\Non-Cracked\7014-35.jpg,7014-35.jpg,Decks,Non-Cracked,Decks_Non-Cracked,very_dark,train
C:\Users\ikerd\Desktop\Vision  Project\Crack-Identification---Group-A\Training_Pool_A_Walls\Non-Cracked\7106-169.jpg,7106-169.jpg,Walls,Non-Cracked,Walls_Non-Cracked,noncracked_high_edges,train
C:\Users\ikerd\Desktop\Vision  Project\Crack-Identification---Group-A\Training_Pool_B_Decks\Non-Cracked\7014-107.jpg,7014-107.jpg,Decks,Non-Cracked,Decks_Non-Cracked,noncracked_high_edges,train
C:\Users\ikerd\Desktop\Vision  Project\Crack-Identification---Group-A\Training_Pool_B_Decks\Non-Cracked\7013-182.jpg,7013-182.jpg,Decks,Non-Cracked,Decks_Non-Cracked,very_bright,train
C:\Users\ikerd\Desktop\Vision  Project\Crack-Identification---Group-A\Training_Pool_B_Decks\Non-Cracked\7032-41.jpg,7032-41.jpg,Decks,Non-Cracked,Decks_Non-Cracked,very_bright,train
C:\Users\ikerd\Desktop\Vision  Project\Crack-Identification---Group-A\Training_Pool_B_Decks\Non-Cracked\7032-7.jpg,7032-7.jpg,Decks,Non-Cracked,Decks_Non-Cracked,very_bright,train
C:\Users\ikerd\Desktop\Vision  Project\Crack-Identification---Group-A\Training_Pool_A_Walls\Non-Cracked\7094-84.jpg,7094-84.jpg,Walls,Non-Cracked,Walls_Non-Cracked,noncracked_high_edges,train
C:\Users\ikerd\Desktop\Vision  Project\Crack-Identification---Group-A\Training_Pool_A_Walls\Non-Cracked\7126-169.jpg,7126-169.jpg,Walls,Non-Cracked,Walls_Non-Cracked,noncracked_high_edges,train
C:\Users\ikerd\Desktop\Vision  Project\Crack-Identification---Group-A\Training_Pool_B_Decks\Non-Cracked\7025-197.jpg,7025-197.jpg,Decks,Non-Cracked,Decks_Non-Cracked,noncracked_high_edges,train
C:\Users\ikerd\Desktop\Vision  Project\Crack-Identification---Group-A\Training_Pool_A_Walls\Non-Cracked\7116-135.jpg,7116-135.jpg,Walls,Non-Cracked,Walls_Non-Cracked,noncracked_high_edges,train
C:\Users\ikerd\Desktop\Vision  Project\Crack-Identification---Group-A\Training_Pool_B_Decks\Non-Cracked\7039-233.jpg,7039-233.jpg,Decks,Non-Cracked,Decks_Non-Cracked,"noncracked_high_edges, very_dark",train
C:\Users\ikerd\Desktop\Vision  Project\Crack-Identification---Group-A\Training_Pool_B_Decks\Non-Cracked\7015-2.jpg,7015-2.jpg,Decks,Non-Cracked,Decks_Non-Cracked,very_dark,train
C:\Users\ikerd\Desktop\Vision  Project\Crack-Identification---Group-A\Training_Pool_A_Walls\Non-Cracked\7101-60.jpg,7101-60.jpg,Walls,Non-Cracked,Walls_Non-Cracked,noncracked_high_edges,train
C:\Users\ikerd\Desktop\Vision  Project\Crack-Identification---Group-A\Training_Pool_B_Decks\Cracked\7049-160.jpg,7049-160.jpg,Decks,Cracked,Decks_Cracked,very_bright,train
C:\Users\ikerd\Desktop\Vision  Project\Crack-Identification---Group-A\Training_Pool_B_Decks\Non-Cracked\7053-116.jpg,7053-116.jpg,Decks,Non-Cracked,Decks_Non-Cracked,noncracked_high_edges,train
C:\Users\ikerd\Desktop\Vision  Project\Crack-Identification---Group-A\Training_Pool_A_Walls\Non-Cracked\7119-30.jpg,7119-30.jpg,Walls,Non-Cracked,Walls_Non-Cracked,noncracked_high_edges,train
C:\Users\ikerd\Desktop\Vision  Project\Crack-Identification---Group-A\Training_Pool_B_Decks\Non-Cracked\7034-102.jpg,7034-102.jpg,Decks,Non-Cracked,Decks_Non-Cracked,noncracked_high_edges,train
C:\Users\ikerd\Desktop\Vision  Project\Crack-Identification---Group-A\Training_Pool_B_Decks\Non-Cracked\7003-248.jpg,7003-248.jpg,Decks,Non-Cracked,Decks_Non-Cracked,noncracked_high_edges,train
C:\Users\ikerd\Desktop\Vision  Project\Crack-Identification---Group-A\Training_Pool_B_Decks\Non-Cracked\7030-107.jpg,7030-107.jpg,Decks,Non-Cracked,Decks_Non-Cracked,noncracked_high_edges,train
C:\Users\ikerd\Desktop\Vision  Project\Crack-Identification---Group-A\Training_Pool_B_Decks\Non-Cracked\7022-60.jpg,7022-60.jpg,Decks,Non-Cracked,Decks_Non-Cracked,very_bright,train
C:\Users\ikerd\Desktop\Vision  Project\Crack-Identification---Group-A\Training_Pool_A_Walls\Non-Cracked\7107-33.jpg,7107-33.jpg,Walls,Non-Cracked,Walls_Non-Cracked,noncracked_high_edges,train
C:\Users\ikerd\Desktop\Vision  Project\Crack-Identification---Group-A\Training_Pool_B_Decks\Non-Cracked\7022-148.jpg,7022-148.jpg,Decks,Non-Cracked,Decks_Non-Cracked,very_bright,train
C:\Users\ikerd\Desktop\Vision  Project\Crack-Identification---Group-A\Training_Pool_A_Walls\Non-Cracked\7102-11.jpg,7102-11.jpg,Walls,Non-Cracked,Walls_Non-Cracked,noncracked_high_edges,train
C:\Users\ikerd\Desktop\Vision  Project\Crack-Identification---Group-A\Training_Pool_B_Decks\Non-Cracked\7032-21.jpg,7032-21.jpg,Decks,Non-Cracked,Decks_Non-Cracked,very_bright,train
C:\Users\ikerd\Desktop\Vision  Project\Crack-Identification---Group-A\Training_Pool_A_Walls\Non-Cracked\7125-32.jpg,7125-32.jpg,Walls,Non-Cracked,Walls_Non-Cracked,noncracked_high_edges,train
C:\Users\ikerd\Desktop\Vision  Project\Crack-Identification---Group-A\Training_Pool_A_Walls\Non-Cracked\7098-48.jpg,7098-48.jpg,Walls,Non-Cracked,Walls_Non-Cracked,noncracked_high_edges,train
C:\Users\ikerd\Desktop\Vision  Project\Crack-Identification---Group-A\Training_Pool_B_Decks\Non-Cracked\7014-13.jpg,7014-13.jpg,Decks,Non-Cracked,Decks_Non-Cracked,very_dark,train
C:\Users\ikerd\Desktop\Vision  Project\Crack-Identification---Group-A\Training_Pool_A_Walls\Non-Cracked\7119-65.jpg,7119-65.jpg,Walls,Non-Cracked,Walls_Non-Cracked,noncracked_high_edges,train
C:\Users\ikerd\Desktop\Vision  Project\Crack-Identification---Group-A\Training_Pool_B_Decks\Non-Cracked\7029-5.jpg,7029-5.jpg,Decks,Non-Cracked,Decks_Non-Cracked,very_dark,train
C:\Users\ikerd\Desktop\Vision  Project\Crack-Identification---Group-A\Training_Pool_A_Walls\Non-Cracked\7101-44.jpg,7101-44.jpg,Walls,Non-Cracked,Walls_Non-Cracked,noncracked_high_edges,train
C:\Users\ikerd\Desktop\Vision  Project\Crack-Identification---Group-A\Training_Pool_B_Decks\Non-Cracked\7018-70.jpg,7018-70.jpg,Decks,Non-Cracked,Decks_Non-Cracked,very_bright,train
C:\Users\ikerd\Desktop\Vision  Project\Crack-Identification---Group-A\Training_Pool_B_Decks\Non-Cracked\7052-65.jpg,7052-65.jpg,Decks,Non-Cracked,Decks_Non-Cracked,noncracked_high_edges,train
C:\Users\ikerd\Desktop\Vision  Project\Crack-Identification---Group-A\Training_Pool_B_Decks\Non-Cracked\7030-90.jpg,7030-90.jpg,Decks,Non-Cracked,Decks_Non-Cracked,noncracked_high_edges,train
C:\Users\ikerd\Desktop\Vision  Project\Crack-Identification---Group-A\Training_Pool_B_Decks\Non-Cracked\7030-89.jpg,7030-89.jpg,Decks,Non-Cracked,Decks_Non-Cracked,noncracked_high_edges,train
C:\Users\ikerd\Desktop\Vision  Project\Crack-Identification---Group-A\Training_Pool_B_Decks\Non-Cracked\7039-18.jpg,7039-18.jpg,Decks,Non-Cracked,Decks_Non-Cracked,"noncracked_high_edges, very_dark",train
C:\Users\ikerd\Desktop\Vision  Project\Crack-Identification---Group-A\Training_Pool_B_Decks\Non-Cracked\7014-90.jpg,7014-90.jpg,Decks,Non-Cracked,Decks_Non-Cracked,"noncracked_high_edges, very_dark",train
C:\Users\ikerd\Desktop\Vision  Project\Crack-Identification---Group-A\Training_Pool_B_Decks\Non-Cracked\7022-112.jpg,7022-112.jpg,Decks,Non-Cracked,Decks_Non-Cracked,very_bright,train
C:\Users\ikerd\Desktop\Vision  Project\Crack-Identification---Group-A\Training_Pool_B_Decks\Non-Cracked\7039-216.jpg,7039-216.jpg,Decks,Non-Cracked,Decks_Non-Cracked,"noncracked_high_edges, very_dark",train
C:\Users\ikerd\Desktop\Vision  Project\Crack-Identification---Group-A\Training_Pool_B_Decks\Non-Cracked\7057-10.jpg,7057-10.jpg,Decks,Non-Cracked,Decks_Non-Cracked,"noncracked_high_edges, very_dark",train
C:\Users\ikerd\Desktop\Vision  Project\Crack-Identification---Group-A\Training_Pool_B_Decks\Non-Cracked\7039-8.jpg,7039-8.jpg,Decks,Non-Cracked,Decks_Non-Cracked,noncracked_high_edges,train
C:\Users\ikerd\Desktop\Vision  Project\Crack-Identification---Group-A\Training_Pool_B_Decks\Non-Cracked\7053-171.jpg,7053-171.jpg,Decks,Non-Cracked,Decks_Non-Cracked,noncracked_high_edges,train
C:\Users\ikerd\Desktop\Vision  Project\Crack-Identification---Group-A\Training_Pool_B_Decks\Cracked\7007-186.jpg,7007-186.jpg,Decks,Cracked,Decks_Cracked,very_bright,train
C:\Users\ikerd\Desktop\Vision  Project\Crack-Identification---Group-A\Training_Pool_B_Decks\Non-Cracked\7052-98.jpg,7052-98.jpg,Decks,Non-Cracked,Decks_Non-Cracked,noncracked_high_edges,train
C:\Users\ikerd\Desktop\Vision  Project\Crack-Identification---Group-A\Training_Pool_A_Walls\Non-Cracked\7118-203.jpg,7118-203.jpg,Walls,Non-Cracked,Walls_Non-Cracked,noncracked_high_edges,train
C:\Users\ikerd\Desktop\Vision  Project\Crack-Identification---Group-A\Training_Pool_B_Decks\Non-Cracked\7007-167.jpg,7007-167.jpg,Decks,Non-Cracked,Decks_Non-Cracked,very_bright,train
C:\Users\ikerd\Desktop\Vision  Project\Crack-Identification---Group-A\Training_Pool_B_Decks\Non-Cracked\7029-35.jpg,7029-35.jpg,Decks,Non-Cracked,Decks_Non-Cracked,noncracked_high_edges,train
C:\Users\ikerd\Desktop\Vision  Project\Crack-Identification---Group-A\Training_Pool_B_Decks\Non-Cracked\7008-252.jpg,7008-252.jpg,Decks,Non-Cracked,Decks_Non-Cracked,"noncracked_high_edges, very_dark",train
C:\Users\ikerd\Desktop\Vision  Project\Crack-Identification---Group-A\Training_Pool_B_Decks\Non-Cracked\7008-108.jpg,7008-108.jpg,Decks,Non-Cracked,Decks_Non-Cracked,noncracked_high_edges,train
C:\Users\ikerd\Desktop\Vision  Project\Crack-Identification---Group-A\Training_Pool_B_Decks\Non-Cracked\7045-152.jpg,7045-152.jpg,Decks,Non-Cracked,Decks_Non-Cracked,noncracked_high_edges,train
C:\Users\ikerd\Desktop\Vision  Project\Crack-Identification---Group-A\Training_Pool_A_Walls\Non-Cracked\7107-50.jpg,7107-50.jpg,Walls,Non-Cracked,Walls_Non-Cracked,noncracked_high_edges,train
C:\Users\ikerd\Desktop\Vision  Project\Crack-Identification---Group-A\Training_Pool_A_Walls\Non-Cracked\7101-154.jpg,7101-154.jpg,Walls,Non-Cracked,Walls_Non-Cracked,noncracked_high_edges,train
C:\Users\ikerd\Desktop\Vision  Project\Crack-Identification---Group-A\Training_Pool_B_Decks\Non-Cracked\7032-77.jpg,7032-77.jpg,Decks,Non-Cracked,Decks_Non-Cracked,very_bright,train
C:\Users\ikerd\Desktop\Vision  Project\Crack-Identification---Group-A\Training_Pool_B_Decks\Non-Cracked\7016-181.jpg,7016-181.jpg,Decks,Non-Cracked,Decks_Non-Cracked,very_dark,train
C:\Users\ikerd\Desktop\Vision  Project\Crack-Identification---Group-A\Training_Pool_B_Decks\Non-Cracked\7046-170.jpg,7046-170.jpg,Decks,Non-Cracked,Decks_Non-Cracked,noncracked_high_edges,train
C:\Users\ikerd\Desktop\Vision  Project\Crack-Identification---Group-A\Training_Pool_A_Walls\Non-Cracked\7119-115.jpg,7119-115.jpg,Walls,Non-Cracked,Walls_Non-Cracked,noncracked_high_edges,train
C:\Users\ikerd\Desktop\Vision  Project\Crack-Identification---Group-A\Training_Pool_A_Walls\Non-Cracked\7100-112.jpg,7100-112.jpg,Walls,Non-Cracked,Walls_Non-Cracked,noncracked_high_edges,train
C:\Users\ikerd\Desktop\Vision  Project\Crack-Identification---Group-A\Training_Pool_A_Walls\Non-Cracked\7108-11.jpg,7108-11.jpg,Walls,Non-Cracked,Walls_Non-Cracked,noncracked_high_edges,train
C:\Users\ikerd\Desktop\Vision  Project\Crack-Identification---Group-A\Training_Pool_B_Decks\Non-Cracked\7034-91.jpg,7034-91.jpg,Decks,Non-Cracked,Decks_Non-Cracked,very_bright,train
C:\Users\ikerd\Desktop\Vision  Project\Crack-Identification---Group-A\Training_Pool_A_Walls\Non-Cracked\7124-97.jpg,7124-97.jpg,Walls,Non-Cracked,Walls_Non-Cracked,noncracked_high_edges,train
C:\Users\ikerd\Desktop\Vision  Project\Crack-Identification---Group-A\Training_Pool_A_Walls\Non-Cracked\7114-77.jpg,7114-77.jpg,Walls,Non-Cracked,Walls_Non-Cracked,noncracked_high_edges,train
C:\Users\ikerd\Desktop\Vision  Project\Crack-Identification---Group-A\Training_Pool_A_Walls\Non-Cracked\7090-10.jpg,7090-10.jpg,Walls,Non-Cracked,Walls_Non-Cracked,very_bright,train
C:\Users\ikerd\Desktop\Vision  Project\Crack-Identification---Group-A\Training_Pool_B_Decks\Non-Cracked\7014-32.jpg,7014-32.jpg,Decks,Non-Cracked,Decks_Non-Cracked,very_dark,train
C:\Users\ikerd\Desktop\Vision  Project\Crack-Identification---Group-A\Training_Pool_B_Decks\Non-Cracked\7018-236.jpg,7018-236.jpg,Decks,Non-Cracked,Decks_Non-Cracked,very_dark,train
C:\Users\ikerd\Desktop\Vision  Project\Crack-Identification---Group-A\Training_Pool_A_Walls\Non-Cracked\7119-63.jpg,7119-63.jpg,Walls,Non-Cracked,Walls_Non-Cracked,noncracked_high_edges,train
C:\Users\ikerd\Desktop\Vision  Project\Crack-Identification---Group-A\Training_Pool_B_Decks\Non-Cracked\7053-70.jpg,7053-70.jpg,Decks,Non-Cracked,Decks_Non-Cracked,noncracked_high_edges,train
C:\Users\ikerd\Desktop\Vision  Project\Crack-Identification---Group-A\Training_Pool_B_Decks\Non-Cracked\7050-78.jpg,7050-78.jpg,Decks,Non-Cracked,Decks_Non-Cracked,noncracked_high_edges,train
C:\Users\ikerd\Desktop\Vision  Project\Crack-Identification---Group-A\Training_Pool_B_Decks\Non-Cracked\7039-161.jpg,7039-161.jpg,Decks,Non-Cracked,Decks_Non-Cracked,noncracked_high_edges,train
C:\Users\ikerd\Desktop\Vision  Project\Crack-Identification---Group-A\Training_Pool_B_Decks\Non-Cracked\7046-173.jpg,7046-173.jpg,Decks,Non-Cracked,Decks_Non-Cracked,noncracked_high_edges,train
C:\Users\ikerd\Desktop\Vision  Project\Crack-Identification---Group-A\Training_Pool_A_Walls\Non-Cracked\7100-156.jpg,7100-156.jpg,Walls,Non-Cracked,Walls_Non-Cracked,noncracked_high_edges,train
C:\Users\ikerd\Desktop\Vision  Project\Crack-Identification---Group-A\Training_Pool_B_Decks\Non-Cracked\7024-110.jpg,7024-110.jpg,Decks,Non-Cracked,Decks_Non-Cracked,very_bright,train
C:\Users\ikerd\Desktop\Vision  Project\Crack-Identification---Group-A\Training_Pool_A_Walls\Non-Cracked\7114-68.jpg,7114-68.jpg,Walls,Non-Cracked,Walls_Non-Cracked,noncracked_high_edges,train
C:\Users\ikerd\Desktop\Vision  Project\Crack-Identification---Group-A\Training_Pool_B_Decks\Non-Cracked\7054-127.jpg,7054-127.jpg,Decks,Non-Cracked,Decks_Non-Cracked,very_bright,train
C:\Users\ikerd\Desktop\Vision  Project\Crack-Identification---Group-A\Training_Pool_B_Decks\Cracked\7049-68.jpg,7049-68.jpg,Decks,Cracked,Decks_Cracked,very_bright,train
C:\Users\ikerd\Desktop\Vision  Project\Crack-Identification---Group-A\Training_Pool_B_Decks\Non-Cracked\7038-244.jpg,7038-244.jpg,Decks,Non-Cracked,Decks_Non-Cracked,noncracked_high_edges,train
C:\Users\ikerd\Desktop\Vision  Project\Crack-Identification---Group-A\Training_Pool_A_Walls\Non-Cracked\7100-159.jpg,7100-159.jpg,Walls,Non-Cracked,Walls_Non-Cracked,noncracked_high_edges,train
C:\Users\ikerd\Desktop\Vision  Project\Crack-Identification---Group-A\Training_Pool_B_Decks\Non-Cracked\7033-3.jpg,7033-3.jpg,Decks,Non-Cracked,Decks_Non-Cracked,very_bright,train
C:\Users\ikerd\Desktop\Vision  Project\Crack-Identification---Group-A\Training_Pool_A_Walls\Non-Cracked\7101-64.jpg,7101-64.jpg,Walls,Non-Cracked,Walls_Non-Cracked,noncracked_high_edges,train
C:\Users\ikerd\Desktop\Vision  Project\Crack-Identification---Group-A\Training_Pool_A_Walls\Non-Cracked\7100-136.jpg,7100-136.jpg,Walls,Non-Cracked,Walls_Non-Cracked,noncracked_high_edges,train
C:\Users\ikerd\Desktop\Vision  Project\Crack-Identification---Group-A\Training_Pool_B_Decks\Non-Cracked\7049-104.jpg,7049-104.jpg,Decks,Non-Cracked,Decks_Non-Cracked,very_bright,train
C:\Users\ikerd\Desktop\Vision  Project\Crack-Identification---Group-A\Training_Pool_B_Decks\Non-Cracked\7037-151.jpg,7037-151.jpg,Decks,Non-Cracked,Decks_Non-Cracked,noncracked_high_edges,train
C:\Users\ikerd\Desktop\Vision  Project\Crack-Identification---Group-A\Training_Pool_B_Decks\Non-Cracked\7053-162.jpg,7053-162.jpg,Decks,Non-Cracked,Decks_Non-Cracked,"noncracked_high_edges, very_dark",train
C:\Users\ikerd\Desktop\Vision  Project\Crack-Identification---Group-A\Training_Pool_A_Walls\Non-Cracked\7126-95.jpg,7126-95.jpg,Walls,Non-Cracked,Walls_Non-Cracked,noncracked_high_edges,train
C:\Users\ikerd\Desktop\Vision  Project\Crack-Identification---Group-A\Training_Pool_B_Decks\Non-Cracked\7014-71.jpg,7014-71.jpg,Decks,Non-Cracked,Decks_Non-Cracked,very_dark,train
C:\Users\ikerd\Desktop\Vision  Project\Crack-Identification---Group-A\Training_Pool_B_Decks\Non-Cracked\7024-162.jpg,7024-162.jpg,Decks,Non-Cracked,Decks_Non-Cracked,noncracked_high_edges,train
C:\Users\ikerd\Desktop\Vision  Project\Crack-Identification---Group-A\Training_Pool_B_Decks\Non-Cracked\7025-164.jpg,7025-164.jpg,Decks,Non-Cracked,Decks_Non-Cracked,very_bright,train
C:\Users\ikerd\Desktop\Vision  Project\Crack-Identification---Group-A\Training_Pool_B_Decks\Non-Cracked\7053-54.jpg,7053-54.jpg,Decks,Non-Cracked,Decks_Non-Cracked,"noncracked_high_edges, very_dark",train
C:\Users\ikerd\Desktop\Vision  Project\Crack-Identification---Group-A\Training_Pool_B_Decks\Non-Cracked\7025-18.jpg,7025-18.jpg,Decks,Non-Cracked,Decks_Non-Cracked,very_dark,train
C:\Users\ikerd\Desktop\Vision  Project\Crack-Identification---Group-A\Training_Pool_B_Decks\Non-Cracked\7034-85.jpg,7034-85.jpg,Decks,Non-Cracked,Decks_Non-Cracked,noncracked_high_edges,train
C:\Users\ikerd\Desktop\Vision  Project\Crack-Identification---Group-A\Training_Pool_A_Walls\Non-Cracked\7140-135.jpg,7140-135.jpg,Walls,Non-Cracked,Walls_Non-Cracked,noncracked_high_edges,train
C:\Users\ikerd\Desktop\Vision  Project\Crack-Identification---Group-A\Training_Pool_A_Walls\Non-Cracked\7136-134.jpg,7136-134.jpg,Walls,Non-Cracked,Walls_Non-Cracked,noncracked_high_edges,train
C:\Users\ikerd\Desktop\Vision  Project\Crack-Identification---Group-A\Training_Pool_B_Decks\Non-Cracked\7045-135.jpg,7045-135.jpg,Decks,Non-Cracked,Decks_Non-Cracked,noncracked_high_edges,train
C:\Users\ikerd\Desktop\Vision  Project\Crack-Identification---Group-A\Training_Pool_B_Decks\Non-Cracked\7053-153.jpg,7053-153.jpg,Decks,Non-Cracked,Decks_Non-Cracked,noncracked_high_edges,train
C:\Users\ikerd\Desktop\Vision  Project\Crack-Identification---Group-A\Training_Pool_A_Walls\Non-Cracked\7116-61.jpg,7116-61.jpg,Walls,Non-Cracked,Walls_Non-Cracked,noncracked_high_edges,train
C:\Users\ikerd\Desktop\Vision  Project\Crack-Identification---Group-A\Training_Pool_B_Decks\Non-Cracked\7043-250.jpg,7043-250.jpg,Decks,Non-Cracked,Decks_Non-Cracked,"noncracked_high_edges, very_dark",train
C:\Users\ikerd\Desktop\Vision  Project\Crack-Identification---Group-A\Training_Pool_B_Decks\Non-Cracked\7054-138.jpg,7054-138.jpg,Decks,Non-Cracked,Decks_Non-Cracked,noncracked_high_edges,train
C:\Users\ikerd\Desktop\Vision  Project\Crack-Identification---Group-A\Training_Pool_B_Decks\Non-Cracked\7016-77.jpg,7016-77.jpg,Decks,Non-Cracked,Decks_Non-Cracked,very_bright,train
C:\Users\ikerd\Desktop\Vision  Project\Crack-Identification---Group-A\Training_Pool_A_Walls\Non-Cracked\7100-135.jpg,7100-135.jpg,Walls,Non-Cracked,Walls_Non-Cracked,noncracked_high_edges,train
C:\Users\ikerd\Desktop\Vision  Project\Crack-Identification---Group-A\Training_Pool_B_Decks\Non-Cracked\7016-7.jpg,7016-7.jpg,Decks,Non-Cracked,Decks_Non-Cracked,very_dark,train
C:\Users\ikerd\Desktop\Vision  Project\Crack-Identification---Group-A\Training_Pool_B_Decks\Non-Cracked\7039-2.jpg,7039-2.jpg,Decks,Non-Cracked,Decks_Non-Cracked,very_dark,train
C:\Users\ikerd\Desktop\Vision  Project\Crack-Identification---Group-A\Training_Pool_A_Walls\Non-Cracked\7116-32.jpg,7116-32.jpg,Walls,Non-Cracked,Walls_Non-Cracked,noncracked_high_edges,train
C:\Users\ikerd\Desktop\Vision  Project\Crack-Identification---Group-A\Training_Pool_B_Decks\Non-Cracked\7030-144.jpg,7030-144.jpg,Decks,Non-Cracked,Decks_Non-Cracked,noncracked_high_edges,train
C:\Users\ikerd\Desktop\Vision  Project\Crack-Identification---Group-A\Training_Pool_A_Walls\Non-Cracked\7116-101.jpg,7116-101.jpg,Walls,Non-Cracked,Walls_Non-Cracked,noncracked_high_edges,train
C:\Users\ikerd\Desktop\Vision  Project\Crack-Identification---Group-A\Training_Pool_B_Decks\Non-Cracked\7047-171.jpg,7047-171.jpg,Decks,Non-Cracked,Decks_Non-Cracked,noncracked_high_edges,train
C:\Users\ikerd\Desktop\Vision  Project\Crack-Identification---Group-A\Training_Pool_B_Decks\Non-Cracked\7047-107.jpg,7047-107.jpg,Decks,Non-Cracked,Decks_Non-Cracked,noncracked_high_edges,train
C:\Users\ikerd\Desktop\Vision  Project\Crack-Identification---Group-A\Training_Pool_A_Walls\Non-Cracked\7116-149.jpg,7116-149.jpg,Walls,Non-Cracked,Walls_Non-Cracked,noncracked_high_edges,train
C:\Users\ikerd\Desktop\Vision  Project\Crack-Identification---Group-A\Training_Pool_B_Decks\Non-Cracked\7053-168.jpg,7053-168.jpg,Decks,Non-Cracked,Decks_Non-Cracked,noncracked_high_edges,train
C:\Users\ikerd\Desktop\Vision  Project\Crack-Identification---Group-A\Training_Pool_B_Decks\Non-Cracked\7030-240.jpg,7030-240.jpg,Decks,Non-Cracked,Decks_Non-Cracked,noncracked_high_edges,train
C:\Users\ikerd\Desktop\Vision  Project\Crack-Identification---Group-A\Training_Pool_A_Walls\Non-Cracked\7139-26.jpg,7139-26.jpg,Walls,Non-Cracked,Walls_Non-Cracked,noncracked_high_edges,train
C:\Users\ikerd\Desktop\Vision  Project\Crack-Identification---Group-A\Training_Pool_A_Walls\Non-Cracked\7113-152.jpg,7113-152.jpg,Walls,Non-Cracked,Walls_Non-Cracked,noncracked_high_edges,train
C:\Users\ikerd\Desktop\Vision  Project\Crack-Identification---Group-A\Training_Pool_B_Decks\Non-Cracked\7014-108.jpg,7014-108.jpg,Decks,Non-Cracked,Decks_Non-Cracked,noncracked_high_edges,train
C:\Users\ikerd\Desktop\Vision  Project\Crack-Identification---Group-A\Training_Pool_B_Decks\Non-Cracked\7031-251.jpg,7031-251.jpg,Decks,Non-Cracked,Decks_Non-Cracked,"noncracked_high_edges, very_dark",train
C:\Users\ikerd\Desktop\Vision  Project\Crack-Identification---Group-A\Training_Pool_A_Walls\Non-Cracked\7114-27.jpg,7114-27.jpg,Walls,Non-Cracked,Walls_Non-Cracked,noncracked_high_edges,train
C:\Users\ikerd\Desktop\Vision  Project\Crack-Identification---Group-A\Training_Pool_A_Walls\Non-Cracked\7135-209.jpg,7135-209.jpg,Walls,Non-Cracked,Walls_Non-Cracked,noncracked_high_edges,train
C:\Users\ikerd\Desktop\Vision  Project\Crack-Identification---Group-A\Training_Pool_B_Decks\Non-Cracked\7039-14.jpg,7039-14.jpg,Decks,Non-Cracked,Decks_Non-Cracked,noncracked_high_edges,train
C:\Users\ikerd\Desktop\Vision  Project\Crack-Identification---Group-A\Training_Pool_A_Walls\Non-Cracked\7126-202.jpg,7126-202.jpg,Walls,Non-Cracked,Walls_Non-Cracked,noncracked_high_edges,train
C:\Users\ikerd\Desktop\Vision  Project\Crack-Identification---Group-A\Training_Pool_B_Decks\Non-Cracked\7053-85.jpg,7053-85.jpg,Decks,Non-Cracked,Decks_Non-Cracked,noncracked_high_edges,train
C:\Users\ikerd\Desktop\Vision  Project\Crack-Identification---Group-A\Training_Pool_B_Decks\Non-Cracked\7032-57.jpg,7032-57.jpg,Decks,Non-Cracked,Decks_Non-Cracked,very_bright,train
C:\Users\ikerd\Desktop\Vision  Project\Crack-Identification---Group-A\Training_Pool_A_Walls\Non-Cracked\7094-82.jpg,7094-82.jpg,Walls,Non-Cracked,Walls_Non-Cracked,noncracked_high_edges,train
C:\Users\ikerd\Desktop\Vision  Project\Crack-Identification---Group-A\Training_Pool_B_Decks\Non-Cracked\7052-137.jpg,7052-137.jpg,Decks,Non-Cracked,Decks_Non-Cracked,noncracked_high_edges,train
C:\Users\ikerd\Desktop\Vision  Project\Crack-Identification---Group-A\Training_Pool_A_Walls\Non-Cracked\7116-11.jpg,7116-11.jpg,Walls,Non-Cracked,Walls_Non-Cracked,noncracked_high_edges,train
C:\Users\ikerd\Desktop\Vision  Project\Crack-Identification---Group-A\Training_Pool_B_Decks\Non-Cracked\7016-5.jpg,7016-5.jpg,Decks,Non-Cracked,Decks_Non-Cracked,very_dark,train
C:\Users\ikerd\Desktop\Vision  Project\Crack-Identification---Group-A\Training_Pool_B_Decks\Non-Cracked\7016-8.jpg,7016-8.jpg,Decks,Non-Cracked,Decks_Non-Cracked,very_dark,train
C:\Users\ikerd\Desktop\Vision  Project\Crack-Identification---Group-A\Training_Pool_B_Decks\Cracked\7007-165.jpg,7007-165.jpg,Decks,Cracked,Decks_Cracked,very_bright,train
C:\Users\ikerd\Desktop\Vision  Project\Crack-Identification---Group-A\Training_Pool_B_Decks\Non-Cracked\7014-36.jpg,7014-36.jpg,Decks,Non-Cracked,Decks_Non-Cracked,very_dark,train
C:\Users\ikerd\Desktop\Vision  Project\Crack-Identification---Group-A\Training_Pool_B_Decks\Non-Cracked\7043-123.jpg,7043-123.jpg,Decks,Non-Cracked,Decks_Non-Cracked,noncracked_high_edges,train
C:\Users\ikerd\Desktop\Vision  Project\Crack-Identification---Group-A\Training_Pool_B_Decks\Non-Cracked\7043-135.jpg,7043-135.jpg,Decks,Non-Cracked,Decks_Non-Cracked,noncracked_high_edges,train
C:\Users\ikerd\Desktop\Vision  Project\Crack-Identification---Group-A\Training_Pool_A_Walls\Non-Cracked\7113-159.jpg,7113-159.jpg,Walls,Non-Cracked,Walls_Non-Cracked,noncracked_high_edges,train
C:\Users\ikerd\Desktop\Vision  Project\Crack-Identification---Group-A\Training_Pool_B_Decks\Non-Cracked\7016-32.jpg,7016-32.jpg,Decks,Non-Cracked,Decks_Non-Cracked,very_dark,train
C:\Users\ikerd\Desktop\Vision  Project\Crack-Identification---Group-A\Training_Pool_B_Decks\Non-Cracked\7044-207.jpg,7044-207.jpg,Decks,Non-Cracked,Decks_Non-Cracked,noncracked_high_edges,train
C:\Users\ikerd\Desktop\Vision  Project\Crack-Identification---Group-A\Training_Pool_B_Decks\Non-Cracked\7016-35.jpg,7016-35.jpg,Decks,Non-Cracked,Decks_Non-Cracked,very_dark,train
C:\Users\ikerd\Desktop\Vision  Project\Crack-Identification---Group-A\Training_Pool_B_Decks\Non-Cracked\7017-248.jpg,7017-248.jpg,Decks,Non-Cracked,Decks_Non-Cracked,noncracked_high_edges,train
C:\Users\ikerd\Desktop\Vision  Project\Crack-Identification---Group-A\Training_Pool_B_Decks\Non-Cracked\7053-134.jpg,7053-134.jpg,Decks,Non-Cracked,Decks_Non-Cracked,noncracked_high_edges,train
C:\Users\ikerd\Desktop\Vision  Project\Crack-Identification---Group-A\Training_Pool_A_Walls\Non-Cracked\7113-148.jpg,7113-148.jpg,Walls,Non-Cracked,Walls_Non-Cracked,noncracked_high_edges,train
C:\Users\ikerd\Desktop\Vision  Project\Crack-Identification---Group-A\Training_Pool_A_Walls\Cracked\7123-7.jpg,7123-7.jpg,Walls,Cracked,Walls_Cracked,very_bright,train
C:\Users\ikerd\Desktop\Vision  Project\Crack-Identification---Group-A\Training_Pool_B_Decks\Non-Cracked\7017-151.jpg,7017-151.jpg,Decks,Non-Cracked,Decks_Non-Cracked,noncracked_high_edges,train
C:\Users\ikerd\Desktop\Vision  Project\Crack-Identification---Group-A\Training_Pool_B_Decks\Non-Cracked\7054-137.jpg,7054-137.jpg,Decks,Non-Cracked,Decks_Non-Cracked,noncracked_high_edges,train
C:\Users\ikerd\Desktop\Vision  Project\Crack-Identification---Group-A\Training_Pool_B_Decks\Non-Cracked\7031-247.jpg,7031-247.jpg,Decks,Non-Cracked,Decks_Non-Cracked,noncracked_high_edges,train
C:\Users\ikerd\Desktop\Vision  Project\Crack-Identification---Group-A\Training_Pool_A_Walls\Non-Cracked\7116-191.jpg,7116-191.jpg,Walls,Non-Cracked,Walls_Non-Cracked,noncracked_high_edges,train
C:\Users\ikerd\Desktop\Vision  Project\Crack-Identification---Group-A\Training_Pool_A_Walls\Non-Cracked\7102-13.jpg,7102-13.jpg,Walls,Non-Cracked,Walls_Non-Cracked,noncracked_high_edges,train
C:\Users\ikerd\Desktop\Vision  Project\Crack-Identification---Group-A\Training_Pool_B_Decks\Non-Cracked\7032-60.jpg,7032-60.jpg,Decks,Non-Cracked,Decks_Non-Cracked,very_bright,train
C:\Users\ikerd\Desktop\Vision  Project\Crack-Identification---Group-A\Training_Pool_A_Walls\Non-Cracked\7077-154.jpg,7077-154.jpg,Walls,Non-Cracked,Walls_Non-Cracked,noncracked_high_edges,train
C:\Users\ikerd\Desktop\Vision  Project\Crack-Identification---Group-A\Training_Pool_B_Decks\Non-Cracked\7047-198.jpg,7047-198.jpg,Decks,Non-Cracked,Decks_Non-Cracked,"noncracked_high_edges, very_dark",train
C:\Users\ikerd\Desktop\Vision  Project\Crack-Identification---Group-A\Training_Pool_B_Decks\Non-Cracked\7053-31.jpg,7053-31.jpg,Decks,Non-Cracked,Decks_Non-Cracked,noncracked_high_edges,train
C:\Users\ikerd\Desktop\Vision  Project\Crack-Identification---Group-A\Training_Pool_A_Walls\Non-Cracked\7124-100.jpg,7124-100.jpg,Walls,Non-Cracked,Walls_Non-Cracked,noncracked_high_edges,train
C:\Users\ikerd\Desktop\Vision  Project\Crack-Identification---Group-A\Training_Pool_A_Walls\Non-Cracked\7116-10.jpg,7116-10.jpg,Walls,Non-Cracked,Walls_Non-Cracked,noncracked_high_edges,train
C:\Users\ikerd\Desktop\Vision  Project\Crack-Identification---Group-A\Training_Pool_B_Decks\Non-Cracked\7053-119.jpg,7053-119.jpg,Decks,Non-Cracked,Decks_Non-Cracked,noncracked_high_edges,train
C:\Users\ikerd\Desktop\Vision  Project\Crack-Identification---Group-A\Training_Pool_A_Walls\Non-Cracked\7136-114.jpg,7136-114.jpg,Walls,Non-Cracked,Walls_Non-Cracked,noncracked_high_edges,train
C:\Users\ikerd\Desktop\Vision  Project\Crack-Identification---Group-A\Training_Pool_B_Decks\Non-Cracked\7047-35.jpg,7047-35.jpg,Decks,Non-Cracked,Decks_Non-Cracked,"noncracked_high_edges, very_dark",train
C:\Users\ikerd\Desktop\Vision  Project\Crack-Identification---Group-A\Training_Pool_B_Decks\Non-Cracked\7007-147.jpg,7007-147.jpg,Decks,Non-Cracked,Decks_Non-Cracked,very_bright,train
C:\Users\ikerd\Desktop\Vision  Project\Crack-Identification---Group-A\Training_Pool_B_Decks\Non-Cracked\7016-15.jpg,7016-15.jpg,Decks,Non-Cracked,Decks_Non-Cracked,very_dark,train
C:\Users\ikerd\Desktop\Vision  Project\Crack-Identification---Group-A\Training_Pool_A_Walls\Non-Cracked\7116-77.jpg,7116-77.jpg,Walls,Non-Cracked,Walls_Non-Cracked,noncracked_high_edges,train
C:\Users\ikerd\Desktop\Vision  Project\Crack-Identification---Group-A\Training_Pool_B_Decks\Non-Cracked\7034-64.jpg,7034-64.jpg,Decks,Non-Cracked,Decks_Non-Cracked,very_bright,train
C:\Users\ikerd\Desktop\Vision  Project\Crack-Identification---Group-A\Training_Pool_B_Decks\Non-Cracked\7052-153.jpg,7052-153.jpg,Decks,Non-Cracked,Decks_Non-Cracked,noncracked_high_edges,train
C:\Users\ikerd\Desktop\Vision  Project\Crack-Identification---Group-A\Training_Pool_B_Decks\Non-Cracked\7032-24.jpg,7032-24.jpg,Decks,Non-Cracked,Decks_Non-Cracked,very_bright,train
C:\Users\ikerd\Desktop\Vision  Project\Crack-Identification---Group-A\Training_Pool_B_Decks\Non-Cracked\7051-169.jpg,7051-169.jpg,Decks,Non-Cracked,Decks_Non-Cracked,noncracked_high_edges,train
C:\Users\ikerd\Desktop\Vision  Project\Crack-Identification---Group-A\Training_Pool_A_Walls\Non-Cracked\7116-152.jpg,7116-152.jpg,Walls,Non-Cracked,Walls_Non-Cracked,noncracked_high_edges,train
C:\Users\ikerd\Desktop\Vision  Project\Crack-Identification---Group-A\Training_Pool_B_Decks\Non-Cracked\7047-125.jpg,7047-125.jpg,Decks,Non-Cracked,Decks_Non-Cracked,noncracked_high_edges,train
C:\Users\ikerd\Desktop\Vision  Project\Crack-Identification---Group-A\Training_Pool_A_Walls\Non-Cracked\7101-119.jpg,7101-119.jpg,Walls,Non-Cracked,Walls_Non-Cracked,noncracked_high_edges,train
C:\Users\ikerd\Desktop\Vision  Project\Crack-Identification---Group-A\Training_Pool_B_Decks\Non-Cracked\7031-250.jpg,7031-250.jpg,Decks,Non-Cracked,Decks_Non-Cracked,"noncracked_high_edges, very_dark",train
C:\Users\ikerd\Desktop\Vision  Project\Crack-Identification---Group-A\Training_Pool_B_Decks\Non-Cracked\7026-99.jpg,7026-99.jpg,Decks,Non-Cracked,Decks_Non-Cracked,noncracked_high_edges,train
C:\Users\ikerd\Desktop\Vision  Project\Crack-Identification---Group-A\Training_Pool_B_Decks\Non-Cracked\7046-135.jpg,7046-135.jpg,Decks,Non-Cracked,Decks_Non-Cracked,noncracked_high_edges,train
C:\Users\ikerd\Desktop\Vision  Project\Crack-Identification---Group-A\Training_Pool_B_Decks\Non-Cracked\7030-236.jpg,7030-236.jpg,Decks,Non-Cracked,Decks_Non-Cracked,"noncracked_high_edges, very_dark",train
C:\Users\ikerd\Desktop\Vision  Project\Crack-Identification---Group-A\Training_Pool_B_Decks\Non-Cracked\7007-148.jpg,7007-148.jpg,Decks,Non-Cracked,Decks_Non-Cracked,very_bright,train
C:\Users\ikerd\Desktop\Vision  Project\Crack-Identification---Group-A\Training_Pool_B_Decks\Non-Cracked\7046-172.jpg,7046-172.jpg,Decks,Non-Cracked,Decks_Non-Cracked,noncracked_high_edges,train
C:\Users\ikerd\Desktop\Vision  Project\Crack-Identification---Group-A\Training_Pool_A_Walls\Non-Cracked\7095-134.jpg,7095-134.jpg,Walls,Non-Cracked,Walls_Non-Cracked,noncracked_high_edges,train
C:\Users\ikerd\Desktop\Vision  Project\Crack-Identification---Group-A\Training_Pool_B_Decks\Cracked\7049-139.jpg,7049-139.jpg,Decks,Cracked,Decks_Cracked,very_bright,train
C:\Users\ikerd\Desktop\Vision  Project\Crack-Identification---Group-A\Training_Pool_B_Decks\Non-Cracked\7057-4.jpg,7057-4.jpg,Decks,Non-Cracked,Decks_Non-Cracked,"noncracked_high_edges, very_dark",train
C:\Users\ikerd\Desktop\Vision  Project\Crack-Identification---Group-A\Training_Pool_B_Decks\Non-Cracked\7046-209.jpg,7046-209.jpg,Decks,Non-Cracked,Decks_Non-Cracked,noncracked_high_edges,train
C:\Users\ikerd\Desktop\Vision  Project\Crack-Identification---Group-A\Training_Pool_B_Decks\Non-Cracked\7031-226.jpg,7031-226.jpg,Decks,Non-Cracked,Decks_Non-Cracked,noncracked_high_edges,train
C:\Users\ikerd\Desktop\Vision  Project\Crack-Identification---Group-A\Training_Pool_A_Walls\Non-Cracked\7098-30.jpg,7098-30.jpg,Walls,Non-Cracked,Walls_Non-Cracked,noncracked_high_edges,train
C:\Users\ikerd\Desktop\Vision  Project\Crack-Identification---Group-A\Training_Pool_A_Walls\Non-Cracked\7080-116.jpg,7080-116.jpg,Walls,Non-Cracked,Walls_Non-Cracked,noncracked_high_edges,train
C:\Users\ikerd\Desktop\Vision  Project\Crack-Identification---Group-A\Training_Pool_A_Walls\Non-Cracked\7114-118.jpg,7114-118.jpg,Walls,Non-Cracked,Walls_Non-Cracked,noncracked_high_edges,train
C:\Users\ikerd\Desktop\Vision  Project\Crack-Identification---Group-A\Training_Pool_B_Decks\Non-Cracked\7029-88.jpg,7029-88.jpg,Decks,Non-Cracked,Decks_Non-Cracked,noncracked_high_edges,train
C:\Users\ikerd\Desktop\Vision  Project\Crack-Identification---Group-A\Training_Pool_B_Decks\Non-Cracked\7014-52.jpg,7014-52.jpg,Decks,Non-Cracked,Decks_Non-Cracked,very_dark,train
C:\Users\ikerd\Desktop\Vision  Project\Crack-Identification---Group-A\Training_Pool_A_Walls\Non-Cracked\7107-49.jpg,7107-49.jpg,Walls,Non-Cracked,Walls_Non-Cracked,noncracked_high_edges,train
C:\Users\ikerd\Desktop\Vision  Project\Crack-Identification---Group-A\Training_Pool_B_Decks\Non-Cracked\7049-172.jpg,7049-172.jpg,Decks,Non-Cracked,Decks_Non-Cracked,noncracked_high_edges,train
C:\Users\ikerd\Desktop\Vision  Project\Crack-Identification---Group-A\Training_Pool_B_Decks\Non-Cracked\7014-197.jpg,7014-197.jpg,Decks,Non-Cracked,Decks_Non-Cracked,noncracked_high_edges,train
C:\Users\ikerd\Desktop\Vision  Project\Crack-Identification---Group-A\Training_Pool_B_Decks\Non-Cracked\7013-3.jpg,7013-3.jpg,Decks,Non-Cracked,Decks_Non-Cracked,very_bright,train
C:\Users\ikerd\Desktop\Vision  Project\Crack-Identification---Group-A\Training_Pool_B_Decks\Non-Cracked\7047-169.jpg,7047-169.jpg,Decks,Non-Cracked,Decks_Non-Cracked,noncracked_high_edges,train
C:\Users\ikerd\Desktop\Vision  Project\Crack-Identification---Group-A\Training_Pool_B_Decks\Non-Cracked\7044-169.jpg,7044-169.jpg,Decks,Non-Cracked,Decks_Non-Cracked,noncracked_high_edges,train
C:\Users\ikerd\Desktop\Vision  Project\Crack-Identification---Group-A\Training_Pool_A_Walls\Non-Cracked\7101-184.jpg,7101-184.jpg,Walls,Non-Cracked,Walls_Non-Cracked,noncracked_high_edges,train
C:\Users\ikerd\Desktop\Vision  Project\Crack-Identification---Group-A\Training_Pool_A_Walls\Non-Cracked\7100-170.jpg,7100-170.jpg,Walls,Non-Cracked,Walls_Non-Cracked,noncracked_high_edges,train
C:\Users\ikerd\Desktop\Vision  Project\Crack-Identification---Group-A\Training_Pool_B_Decks\Non-Cracked\7024-132.jpg,7024-132.jpg,Decks,Non-Cracked,Decks_Non-Cracked,very_bright,train
C:\Users\ikerd\Desktop\Vision  Project\Crack-Identification---Group-A\Training_Pool_A_Walls\Non-Cracked\7117-84.jpg,7117-84.jpg,Walls,Non-Cracked,Walls_Non-Cracked,noncracked_high_edges,train
C:\Users\ikerd\Desktop\Vision  Project\Crack-Identification---Group-A\Training_Pool_A_Walls\Non-Cracked\7125-204.jpg,7125-204.jpg,Walls,Non-Cracked,Walls_Non-Cracked,noncracked_high_edges,train
C:\Users\ikerd\Desktop\Vision  Project\Crack-Identification---Group-A\Training_Pool_B_Decks\Non-Cracked\7013-57.jpg,7013-57.jpg,Decks,Non-Cracked,Decks_Non-Cracked,very_bright,train
C:\Users\ikerd\Desktop\Vision  Project\Crack-Identification---Group-A\Training_Pool_A_Walls\Non-Cracked\7101-30.jpg,7101-30.jpg,Walls,Non-Cracked,Walls_Non-Cracked,noncracked_high_edges,train
C:\Users\ikerd\Desktop\Vision  Project\Crack-Identification---Group-A\Training_Pool_B_Decks\Non-Cracked\7015-9.jpg,7015-9.jpg,Decks,Non-Cracked,Decks_Non-Cracked,very_dark,train
C:\Users\ikerd\Desktop\Vision  Project\Crack-Identification---Group-A\Training_Pool_B_Decks\Non-Cracked\7053-234.jpg,7053-234.jpg,Decks,Non-Cracked,Decks_Non-Cracked,"noncracked_high_edges, very_dark",train
C:\Users\ikerd\Desktop\Vision  Project\Crack-Identification---Group-A\Training_Pool_A_Walls\Non-Cracked\7094-102.jpg,7094-102.jpg,Walls,Non-Cracked,Walls_Non-Cracked,noncracked_high_edges,train
C:\Users\ikerd\Desktop\Vision  Project\Crack-Identification---Group-A\Training_Pool_A_Walls\Non-Cracked\7116-68.jpg,7116-68.jpg,Walls,Non-Cracked,Walls_Non-Cracked,noncracked_high_edges,train
C:\Users\ikerd\Desktop\Vision  Project\Crack-Identification---Group-A\Training_Pool_B_Decks\Non-Cracked\7049-101.jpg,7049-101.jpg,Decks,Non-Cracked,Decks_Non-Cracked,noncracked_high_edges,train
C:\Users\ikerd\Desktop\Vision  Project\Crack-Identification---Group-A\Training_Pool_A_Walls\Non-Cracked\7139-200.jpg,7139-200.jpg,Walls,Non-Cracked,Walls_Non-Cracked,noncracked_high_edges,train
C:\Users\ikerd\Desktop\Vision  Project\Crack-Identification---Group-A\Training_Pool_B_Decks\Non-Cracked\7025-127.jpg,7025-127.jpg,Decks,Non-Cracked,Decks_Non-Cracked,very_bright,train
C:\Users\ikerd\Desktop\Vision  Project\Crack-Identification---Group-A\Training_Pool_A_Walls\Non-Cracked\7135-226.jpg,7135-226.jpg,Walls,Non-Cracked,Walls_Non-Cracked,noncracked_high_edges,train
C:\Users\ikerd\Desktop\Vision  Project\Crack-Identification---Group-A\Training_Pool_B_Decks\Non-Cracked\7033-20.jpg,7033-20.jpg,Decks,Non-Cracked,Decks_Non-Cracked,very_bright,train
C:\Users\ikerd\Desktop\Vision  Project\Crack-Identification---Group-A\Training_Pool_B_Decks\Cracked\7024-163.jpg,7024-163.jpg,Decks,Cracked,Decks_Cracked,very_dark,train
C:\Users\ikerd\Desktop\Vision  Project\Crack-Identification---Group-A\Training_Pool_B_Decks\Non-Cracked\7035-58.jpg,7035-58.jpg,Decks,Non-Cracked,Decks_Non-Cracked,very_bright,train
C:\Users\ikerd\Desktop\Vision  Project\Crack-Identification---Group-A\Training_Pool_B_Decks\Non-Cracked\7015-8.jpg,7015-8.jpg,Decks,Non-Cracked,Decks_Non-Cracked,very_dark,train
C:\Users\ikerd\Desktop\Vision  Project\Crack-Identification---Group-A\Training_Pool_B_Decks\Non-Cracked\7032-6.jpg,7032-6.jpg,Decks,Non-Cracked,Decks_Non-Cracked,very_bright,train
C:\Users\ikerd\Desktop\Vision  Project\Crack-Identification---Group-A\Training_Pool_A_Walls\Non-Cracked\7101-48.jpg,7101-48.jpg,Walls,Non-Cracked,Walls_Non-Cracked,noncracked_high_edges,train
C:\Users\ikerd\Desktop\Vision  Project\Crack-Identification---Group-A\Training_Pool_A_Walls\Non-Cracked\7136-133.jpg,7136-133.jpg,Walls,Non-Cracked,Walls_Non-Cracked,noncracked_high_edges,train
C:\Users\ikerd\Desktop\Vision  Project\Crack-Identification---Group-A\Training_Pool_A_Walls\Non-Cracked\7101-101.jpg,7101-101.jpg,Walls,Non-Cracked,Walls_Non-Cracked,noncracked_high_edges,train
C:\Users\ikerd\Desktop\Vision  Project\Crack-Identification---Group-A\Training_Pool_B_Decks\Non-Cracked\7047-176.jpg,7047-176.jpg,Decks,Non-Cracked,Decks_Non-Cracked,very_bright,train
C:\Users\ikerd\Desktop\Vision  Project\Crack-Identification---Group-A\Training_Pool_B_Decks\Non-Cracked\7054-190.jpg,7054-190.jpg,Decks,Non-Cracked,Decks_Non-Cracked,noncracked_high_edges,train
C:\Users\ikerd\Desktop\Vision  Project\Crack-Identification---Group-A\Training_Pool_A_Walls\Non-Cracked\7112-132.jpg,7112-132.jpg,Walls,Non-Cracked,Walls_Non-Cracked,noncracked_high_edges,train
C:\Users\ikerd\Desktop\Vision  Project\Crack-Identification---Group-A\Training_Pool_B_Decks\Non-Cracked\7054-76.jpg,7054-76.jpg,Decks,Non-Cracked,Decks_Non-Cracked,very_bright,train
C:\Users\ikerd\Desktop\Vision  Project\Crack-Identification---Group-A\Training_Pool_B_Decks\Non-Cracked\7054-97.jpg,7054-97.jpg,Decks,Non-Cracked,Decks_Non-Cracked,noncracked_high_edges,train
C:\Users\ikerd\Desktop\Vision  Project\Crack-Identification---Group-A\Training_Pool_B_Decks\Non-Cracked\7016-4.jpg,7016-4.jpg,Decks,Non-Cracked,Decks_Non-Cracked,very_dark,train
C:\Users\ikerd\Desktop\Vision  Project\Crack-Identification---Group-A\Training_Pool_B_Decks\Non-Cracked\7014-16.jpg,7014-16.jpg,Decks,Non-Cracked,Decks_Non-Cracked,very_dark,train
C:\Users\ikerd\Desktop\Vision  Project\Crack-Identification---Group-A\Training_Pool_B_Decks\Non-Cracked\7030-244.jpg,7030-244.jpg,Decks,Non-Cracked,Decks_Non-Cracked,noncracked_high_edges,train
C:\Users\ikerd\Desktop\Vision  Project\Crack-Identification---Group-A\Training_Pool_B_Decks\Non-Cracked\7043-109.jpg,7043-109.jpg,Decks,Non-Cracked,Decks_Non-Cracked,very_bright,train
C:\Users\ikerd\Desktop\Vision  Project\Crack-Identification---Group-A\Training_Pool_B_Decks\Non-Cracked\7057-5.jpg,7057-5.jpg,Decks,Non-Cracked,Decks_Non-Cracked,"noncracked_high_edges, very_dark",train
C:\Users\ikerd\Desktop\Vision  Project\Crack-Identification---Group-A\Training_Pool_A_Walls\Non-Cracked\7123-22.jpg,7123-22.jpg,Walls,Non-Cracked,Walls_Non-Cracked,very_bright,train
C:\Users\ikerd\Desktop\Vision  Project\Crack-Identification---Group-A\Training_Pool_B_Decks\Non-Cracked\7044-151.jpg,7044-151.jpg,Decks,Non-Cracked,Decks_Non-Cracked,noncracked_high_edges,train
C:\Users\ikerd\Desktop\Vision  Project\Crack-Identification---Group-A\Training_Pool_B_Decks\Non-Cracked\7043-116.jpg,7043-116.jpg,Decks,Non-Cracked,Decks_Non-Cracked,noncracked_high_edges,train
C:\Users\ikerd\Desktop\Vision  Project\Crack-Identification---Group-A\Training_Pool_B_Decks\Non-Cracked\7024-144.jpg,7024-144.jpg,Decks,Non-Cracked,Decks_Non-Cracked,noncracked_high_edges,train
C:\Users\ikerd\Desktop\Vision  Project\Crack-Identification---Group-A\Training_Pool_B_Decks\Non-Cracked\7039-30.jpg,7039-30.jpg,Decks,Non-Cracked,Decks_Non-Cracked,noncracked_high_edges,train
C:\Users\ikerd\Desktop\Vision  Project\Crack-Identification---Group-A\Training_Pool_A_Walls\Non-Cracked\7119-97.jpg,7119-97.jpg,Walls,Non-Cracked,Walls_Non-Cracked,noncracked_high_edges,train
C:\Users\ikerd\Desktop\Vision  Project\Crack-Identification---Group-A\Training_Pool_A_Walls\Non-Cracked\7101-10.jpg,7101-10.jpg,Walls,Non-Cracked,Walls_Non-Cracked,noncracked_high_edges,train
C:\Users\ikerd\Desktop\Vision  Project\Crack-Identification---Group-A\Training_Pool_B_Decks\Non-Cracked\7039-162.jpg,7039-162.jpg,Decks,Non-Cracked,Decks_Non-Cracked,"noncracked_high_edges, very_dark",train
C:\Users\ikerd\Desktop\Vision  Project\Crack-Identification---Group-A\Training_Pool_B_Decks\Non-Cracked\7046-126.jpg,7046-126.jpg,Decks,Non-Cracked,Decks_Non-Cracked,noncracked_high_edges,train
C:\Users\ikerd\Desktop\Vision  Project\Crack-Identification---Group-A\Training_Pool_B_Decks\Non-Cracked\7050-61.jpg,7050-61.jpg,Decks,Non-Cracked,Decks_Non-Cracked,noncracked_high_edges,train
C:\Users\ikerd\Desktop\Vision  Project\Crack-Identification---Group-A\Training_Pool_A_Walls\Non-Cracked\7085-44.jpg,7085-44.jpg,Walls,Non-Cracked,Walls_Non-Cracked,noncracked_high_edges,train
C:\Users\ikerd\Desktop\Vision  Project\Crack-Identification---Group-A\Training_Pool_B_Decks\Non-Cracked\7041-10.jpg,7041-10.jpg,Decks,Non-Cracked,Decks_Non-Cracked,noncracked_high_edges,train
C:\Users\ikerd\Desktop\Vision  Project\Crack-Identification---Group-A\Training_Pool_B_Decks\Non-Cracked\7017-127.jpg,7017-127.jpg,Decks,Non-Cracked,Decks_Non-Cracked,very_dark,train
C:\Users\ikerd\Desktop\Vision  Project\Crack-Identification---Group-A\Training_Pool_B_Decks\Non-Cracked\7057-14.jpg,7057-14.jpg,Decks,Non-Cracked,Decks_Non-Cracked,"noncracked_high_edges, very_dark",train
C:\Users\ikerd\Desktop\Vision  Project\Crack-Identification---Group-A\Training_Pool_A_Walls\Cracked\7090-13.jpg,7090-13.jpg,Walls,Cracked,Walls_Cracked,very_bright,train
C:\Users\ikerd\Desktop\Vision  Project\Crack-Identification---Group-A\Training_Pool_A_Walls\Non-Cracked\7119-94.jpg,7119-94.jpg,Walls,Non-Cracked,Walls_Non-Cracked,noncracked_high_edges,train
C:\Users\ikerd\Desktop\Vision  Project\Crack-Identification---Group-A\Training_Pool_B_Decks\Non-Cracked\7034-36.jpg,7034-36.jpg,Decks,Non-Cracked,Decks_Non-Cracked,noncracked_high_edges,train
C:\Users\ikerd\Desktop\Vision  Project\Crack-Identification---Group-A\Training_Pool_A_Walls\Non-Cracked\7083-25.jpg,7083-25.jpg,Walls,Non-Cracked,Walls_Non-Cracked,noncracked_high_edges,train
C:\Users\ikerd\Desktop\Vision  Project\Crack-Identification---Group-A\Training_Pool_B_Decks\Non-Cracked\7053-174.jpg,7053-174.jpg,Decks,Non-Cracked,Decks_Non-Cracked,noncracked_high_edges,train
C:\Users\ikerd\Desktop\Vision  Project\Crack-Identification---Group-A\Training_Pool_B_Decks\Non-Cracked\7024-183.jpg,7024-183.jpg,Decks,Non-Cracked,Decks_Non-Cracked,very_bright,train
C:\Users\ikerd\Desktop\Vision  Project\Crack-Identification---Group-A\Training_Pool_B_Decks\Non-Cracked\7039-105.jpg,7039-105.jpg,Decks,Non-Cracked,Decks_Non-Cracked,noncracked_high_edges,train
C:\Users\ikerd\Desktop\Vision  Project\Crack-Identification---Group-A\Training_Pool_B_Decks\Non-Cracked\7030-252.jpg,7030-252.jpg,Decks,Non-Cracked,Decks_Non-Cracked,"noncracked_high_edges, very_dark",train
C:\Users\ikerd\Desktop\Vision  Project\Crack-Identification---Group-A\Training_Pool_B_Decks\Cracked\7024-76.jpg,7024-76.jpg,Decks,Cracked,Decks_Cracked,very_bright,train
C:\Users\ikerd\Desktop\Vision  Project\Crack-Identification---Group-A\Training_Pool_A_Walls\Non-Cracked\7101-176.jpg,7101-176.jpg,Walls,Non-Cracked,Walls_Non-Cracked,noncracked_high_edges,train
C:\Users\ikerd\Desktop\Vision  Project\Crack-Identification---Group-A\Training_Pool_B_Decks\Non-Cracked\7035-72.jpg,7035-72.jpg,Decks,Non-Cracked,Decks_Non-Cracked,very_bright,train
C:\Users\ikerd\Desktop\Vision  Project\Crack-Identification---Group-A\Training_Pool_A_Walls\Non-Cracked\7119-170.jpg,7119-170.jpg,Walls,Non-Cracked,Walls_Non-Cracked,noncracked_high_edges,train
C:\Users\ikerd\Desktop\Vision  Project\Crack-Identification---Group-A\Training_Pool_B_Decks\Non-Cracked\7030-241.jpg,7030-241.jpg,Decks,Non-Cracked,Decks_Non-Cracked,noncracked_high_edges,train
C:\Users\ikerd\Desktop\Vision  Project\Crack-Identification---Group-A\Training_Pool_A_Walls\Non-Cracked\7119-45.jpg,7119-45.jpg,Walls,Non-Cracked,Walls_Non-Cracked,noncracked_high_edges,train
C:\Users\ikerd\Desktop\Vision  Project\Crack-Identification---Group-A\Training_Pool_B_Decks\Non-Cracked\7014-4.jpg,7014-4.jpg,Decks,Non-Cracked,Decks_Non-Cracked,very_dark,train
C:\Users\ikerd\Desktop\Vision  Project\Crack-Identification---Group-A\Training_Pool_B_Decks\Non-Cracked\7052-114.jpg,7052-114.jpg,Decks,Non-Cracked,Decks_Non-Cracked,noncracked_high_edges,train
C:\Users\ikerd\Desktop\Vision  Project\Crack-Identification---Group-A\Training_Pool_B_Decks\Non-Cracked\7016-31.jpg,7016-31.jpg,Decks,Non-Cracked,Decks_Non-Cracked,very_dark,train
C:\Users\ikerd\Desktop\Vision  Project\Crack-Identification---Group-A\Training_Pool_A_Walls\Non-Cracked\7116-157.jpg,7116-157.jpg,Walls,Non-Cracked,Walls_Non-Cracked,noncracked_high_edges,train
C:\Users\ikerd\Desktop\Vision  Project\Crack-Identification---Group-A\Training_Pool_B_Decks\Non-Cracked\7053-154.jpg,7053-154.jpg,Decks,Non-Cracked,Decks_Non-Cracked,noncracked_high_edges,train
C:\Users\ikerd\Desktop\Vision  Project\Crack-Identification---Group-A\Training_Pool_B_Decks\Non-Cracked\7052-48.jpg,7052-48.jpg,Decks,Non-Cracked,Decks_Non-Cracked,noncracked_high_edges,train
C:\Users\ikerd\Desktop\Vision  Project\Crack-Identification---Group-A\Training_Pool_A_Walls\Cracked\7090-11.jpg,7090-11.jpg,Walls,Cracked,Walls_Cracked,very_bright,train
C:\Users\ikerd\Desktop\Vision  Project\Crack-Identification---Group-A\Training_Pool_B_Decks\Non-Cracked\7029-87.jpg,7029-87.jpg,Decks,Non-Cracked,Decks_Non-Cracked,noncracked_high_edges,train
C:\Users\ikerd\Desktop\Vision  Project\Crack-Identification---Group-A\Training_Pool_B_Decks\Non-Cracked\7016-28.jpg,7016-28.jpg,Decks,Non-Cracked,Decks_Non-Cracked,very_dark,train
C:\Users\ikerd\Desktop\Vision  Project\Crack-Identification---Group-A\Training_Pool_A_Walls\Non-Cracked\7139-171.jpg,7139-171.jpg,Walls,Non-Cracked,Walls_Non-Cracked,noncracked_high_edges,train
C:\Users\ikerd\Desktop\Vision  Project\Crack-Identification---Group-A\Training_Pool_B_Decks\Non-Cracked\7041-6.jpg,7041-6.jpg,Decks,Non-Cracked,Decks_Non-Cracked,noncracked_high_edges,train
C:\Users\ikerd\Desktop\Vision  Project\Crack-Identification---Group-A\Training_Pool_B_Decks\Non-Cracked\7001-90.jpg,7001-90.jpg,Decks,Non-Cracked,Decks_Non-Cracked,noncracked_high_edges,train
C:\Users\ikerd\Desktop\Vision  Project\Crack-Identification---Group-A\Training_Pool_A_Walls\Non-Cracked\7119-167.jpg,7119-167.jpg,Walls,Non-Cracked,Walls_Non-Cracked,noncracked_high_edges,train
C:\Users\ikerd\Desktop\Vision  Project\Crack-Identification---Group-A\Training_Pool_A_Walls\Non-Cracked\7116-122.jpg,7116-122.jpg,Walls,Non-Cracked,Walls_Non-Cracked,noncracked_high_edges,train
C:\Users\ikerd\Desktop\Vision  Project\Crack-Identification---Group-A\Training_Pool_B_Decks\Non-Cracked\7013-181.jpg,7013-181.jpg,Decks,Non-Cracked,Decks_Non-Cracked,very_bright,train
C:\Users\ikerd\Desktop\Vision  Project\Crack-Identification---Group-A\Training_Pool_B_Decks\Non-Cracked\7034-252.jpg,7034-252.jpg,Decks,Non-Cracked,Decks_Non-Cracked,noncracked_high_edges,train
C:\Users\ikerd\Desktop\Vision  Project\Crack-Identification---Group-A\Training_Pool_B_Decks\Non-Cracked\7053-52.jpg,7053-52.jpg,Decks,Non-Cracked,Decks_Non-Cracked,noncracked_high_edges,train
C:\Users\ikerd\Desktop\Vision  Project\Crack-Identification---Group-A\Training_Pool_A_Walls\Non-Cracked\7108-12.jpg,7108-12.jpg,Walls,Non-Cracked,Walls_Non-Cracked,noncracked_high_edges,train
C:\Users\ikerd\Desktop\Vision  Project\Crack-Identification---Group-A\Training_Pool_B_Decks\Non-Cracked\7031-236.jpg,7031-236.jpg,Decks,Non-Cracked,Decks_Non-Cracked,noncracked_high_edges,train
C:\Users\ikerd\Desktop\Vision  Project\Crack-Identification---Group-A\Training_Pool_B_Decks\Non-Cracked\7046-216.jpg,7046-216.jpg,Decks,Non-Cracked,Decks_Non-Cracked,noncracked_high_edges,train
C:\Users\ikerd\Desktop\Vision  Project\Crack-Identification---Group-A\Training_Pool_B_Decks\Non-Cracked\7015-18.jpg,7015-18.jpg,Decks,Non-Cracked,Decks_Non-Cracked,very_dark,train
C:\Users\ikerd\Desktop\Vision  Project\Crack-Identification---Group-A\Training_Pool_A_Walls\Non-Cracked\7119-192.jpg,7119-192.jpg,Walls,Non-Cracked,Walls_Non-Cracked,noncracked_high_edges,train
C:\Users\ikerd\Desktop\Vision  Project\Crack-Identification---Group-A\Training_Pool_B_Decks\Non-Cracked\7032-5.jpg,7032-5.jpg,Decks,Non-Cracked,Decks_Non-Cracked,very_bright,train
C:\Users\ikerd\Desktop\Vision  Project\Crack-Identification---Group-A\Training_Pool_A_Walls\Non-Cracked\7116-29.jpg,7116-29.jpg,Walls,Non-Cracked,Walls_Non-Cracked,noncracked_high_edges,train
C:\Users\ikerd\Desktop\Vision  Project\Crack-Identification---Group-A\Training_Pool_B_Decks\Non-Cracked\7046-154.jpg,7046-154.jpg,Decks,Non-Cracked,Decks_Non-Cracked,noncracked_high_edges,train
C:\Users\ikerd\Desktop\Vision  Project\Crack-Identification---Group-A\Training_Pool_A_Walls\Non-Cracked\7119-130.jpg,7119-130.jpg,Walls,Non-Cracked,Walls_Non-Cracked,noncracked_high_edges,train
C:\Users\ikerd\Desktop\Vision  Project\Crack-Identification---Group-A\Training_Pool_B_Decks\Non-Cracked\7032-61.jpg,7032-61.jpg,Decks,Non-Cracked,Decks_Non-Cracked,very_bright,train
C:\Users\ikerd\Desktop\Vision  Project\Crack-Identification---Group-A\Training_Pool_B_Decks\Non-Cracked\7025-89.jpg,7025-89.jpg,Decks,Non-Cracked,Decks_Non-Cracked,noncracked_high_edges,train
C:\Users\ikerd\Desktop\Vision  Project\Crack-Identification---Group-A\Training_Pool_A_Walls\Non-Cracked\7116-15.jpg,7116-15.jpg,Walls,Non-Cracked,Walls_Non-Cracked,noncracked_high_edges,train
C:\Users\ikerd\Desktop\Vision  Project\Crack-Identification---Group-A\Training_Pool_A_Walls\Non-Cracked\7107-31.jpg,7107-31.jpg,Walls,Non-Cracked,Walls_Non-Cracked,noncracked_high_edges,train
C:\Users\ikerd\Desktop\Vision  Project\Crack-Identification---Group-A\Training_Pool_A_Walls\Non-Cracked\7139-44.jpg,7139-44.jpg,Walls,Non-Cracked,Walls_Non-Cracked,noncracked_high_edges,train
C:\Users\ikerd\Desktop\Vision  Project\Crack-Identification---Group-A\Training_Pool_A_Walls\Non-Cracked\7135-170.jpg,7135-170.jpg,Walls,Non-Cracked,Walls_Non-Cracked,noncracked_high_edges,train
C:\Users\ikerd\Desktop\Vision  Project\Crack-Identification---Group-A\Training_Pool_B_Decks\Non-Cracked\7025-90.jpg,7025-90.jpg,Decks,Non-Cracked,Decks_Non-Cracked,"noncracked_high_edges, very_dark",train
C:\Users\ikerd\Desktop\Vision  Project\Crack-Identification---Group-A\Training_Pool_B_Decks\Non-Cracked\7029-31.jpg,7029-31.jpg,Decks,Non-Cracked,Decks_Non-Cracked,noncracked_high_edges,train
C:\Users\ikerd\Desktop\Vision  Project\Crack-Identification---Group-A\Training_Pool_A_Walls\Non-Cracked\7113-147.jpg,7113-147.jpg,Walls,Non-Cracked,Walls_Non-Cracked,noncracked_high_edges,train
C:\Users\ikerd\Desktop\Vision  Project\Crack-Identification---Group-A\Training_Pool_A_Walls\Non-Cracked\7101-46.jpg,7101-46.jpg,Walls,Non-Cracked,Walls_Non-Cracked,noncracked_high_edges,train
C:\Users\ikerd\Desktop\Vision  Project\Crack-Identification---Group-A\Training_Pool_B_Decks\Non-Cracked\7037-197.jpg,7037-197.jpg,Decks,Non-Cracked,Decks_Non-Cracked,noncracked_high_edges,train
C:\Users\ikerd\Desktop\Vision  Project\Crack-Identification---Group-A\Training_Pool_A_Walls\Non-Cracked\7116-139.jpg,7116-139.jpg,Walls,Non-Cracked,Walls_Non-Cracked,noncracked_high_edges,train
C:\Users\ikerd\Desktop\Vision  Project\Crack-Identification---Group-A\Training_Pool_B_Decks\Non-Cracked\7049-189.jpg,7049-189.jpg,Decks,Non-Cracked,Decks_Non-Cracked,noncracked_high_edges,train
C:\Users\ikerd\Desktop\Vision  Project\Crack-Identification---Group-A\Training_Pool_B_Decks\Non-Cracked\7039-16.jpg,7039-16.jpg,Decks,Non-Cracked,Decks_Non-Cracked,"noncracked_high_edges, very_dark",train
C:\Users\ikerd\Desktop\Vision  Project\Crack-Identification---Group-A\Training_Pool_B_Decks\Non-Cracked\7049-171.jpg,7049-171.jpg,Decks,Non-Cracked,Decks_Non-Cracked,noncracked_high_edges,train
C:\Users\ikerd\Desktop\Vision  Project\Crack-Identification---Group-A\Training_Pool_A_Walls\Non-Cracked\7100-141.jpg,7100-141.jpg,Walls,Non-Cracked,Walls_Non-Cracked,noncracked_high_edges,train
C:\Users\ikerd\Desktop\Vision  Project\Crack-Identification---Group-A\Training_Pool_A_Walls\Non-Cracked\7125-139.jpg,7125-139.jpg,Walls,Non-Cracked,Walls_Non-Cracked,noncracked_high_edges,train
C:\Users\ikerd\Desktop\Vision  Project\Crack-Identification---Group-A\Training_Pool_B_Decks\Non-Cracked\7016-36.jpg,7016-36.jpg,Decks,Non-Cracked,Decks_Non-Cracked,very_dark,train
C:\Users\ikerd\Desktop\Vision  Project\Crack-Identification---Group-A\Training_Pool_B_Decks\Non-Cracked\7050-60.jpg,7050-60.jpg,Decks,Non-Cracked,Decks_Non-Cracked,noncracked_high_edges,train
C:\Users\ikerd\Desktop\Vision  Project\Crack-Identification---Group-A\Training_Pool_A_Walls\Non-Cracked\7114-95.jpg,7114-95.jpg,Walls,Non-Cracked,Walls_Non-Cracked,noncracked_high_edges,train
C:\Users\ikerd\Desktop\Vision  Project\Crack-Identification---Group-A\Training_Pool_B_Decks\Non-Cracked\7017-181.jpg,7017-181.jpg,Decks,Non-Cracked,Decks_Non-Cracked,very_dark,train
C:\Users\ikerd\Desktop\Vision  Project\Crack-Identification---Group-A\Training_Pool_A_Walls\Non-Cracked\7100-105.jpg,7100-105.jpg,Walls,Non-Cracked,Walls_Non-Cracked,noncracked_high_edges,train
C:\Users\ikerd\Desktop\Vision  Project\Crack-Identification---Group-A\Training_Pool_B_Decks\Non-Cracked\7034-127.jpg,7034-127.jpg,Decks,Non-Cracked,Decks_Non-Cracked,very_bright,train
C:\Users\ikerd\Desktop\Vision  Project\Crack-Identification---Group-A\Training_Pool_A_Walls\Non-Cracked\7106-131.jpg,7106-131.jpg,Walls,Non-Cracked,Walls_Non-Cracked,noncracked_high_edges,train
C:\Users\ikerd\Desktop\Vision  Project\Crack-Identification---Group-A\Training_Pool_B_Decks\Non-Cracked\7029-4.jpg,7029-4.jpg,Decks,Non-Cracked,Decks_Non-Cracked,very_dark,train
C:\Users\ikerd\Desktop\Vision  Project\Crack-Identification---Group-A\Training_Pool_B_Decks\Non-Cracked\7015-6.jpg,7015-6.jpg,Decks,Non-Cracked,Decks_Non-Cracked,very_dark,train
C:\Users\ikerd\Desktop\Vision  Project\Crack-Identification---Group-A\Training_Pool_B_Decks\Non-Cracked\7052-115.jpg,7052-115.jpg,Decks,Non-Cracked,Decks_Non-Cracked,noncracked_high_edges,train
C:\Users\ikerd\Desktop\Vision  Project\Crack-Identification---Group-A\Training_Pool_B_Decks\Non-Cracked\7007-181.jpg,7007-181.jpg,Decks,Non-Cracked,Decks_Non-Cracked,very_bright,train
C:\Users\ikerd\Desktop\Vision  Project\Crack-Identification---Group-A\Training_Pool_A_Walls\Non-Cracked\7113-158.jpg,7113-158.jpg,Walls,Non-Cracked,Walls_Non-Cracked,noncracked_high_edges,train
C:\Users\ikerd\Desktop\Vision  Project\Crack-Identification---Group-A\Training_Pool_B_Decks\Non-Cracked\7017-163.jpg,7017-163.jpg,Decks,Non-Cracked,Decks_Non-Cracked,very_dark,train
C:\Users\ikerd\Desktop\Vision  Project\Crack-Identification---Group-A\Training_Pool_B_Decks\Non-Cracked\7015-12.jpg,7015-12.jpg,Decks,Non-Cracked,Decks_Non-Cracked,very_dark,train
C:\Users\ikerd\Desktop\Vision  Project\Crack-Identification---Group-A\Training_Pool_B_Decks\Non-Cracked\7025-183.jpg,7025-183.jpg,Decks,Non-Cracked,Decks_Non-Cracked,very_bright,train
C:\Users\ikerd\Desktop\Vision  Project\Crack-Identification---Group-A\Training_Pool_B_Decks\Non-Cracked\7024-109.jpg,7024-109.jpg,Decks,Non-Cracked,Decks_Non-Cracked,very_bright,train
C:\Users\ikerd\Desktop\Vision  Project\Crack-Identification---Group-A\Training_Pool_B_Decks\Cracked\7014-26.jpg,7014-26.jpg,Decks,Cracked,Decks_Cracked,very_dark,train
C:\Users\ikerd\Desktop\Vision  Project\Crack-Identification---Group-A\Training_Pool_B_Decks\Non-Cracked\7053-184.jpg,7053-184.jpg,Decks,Non-Cracked,Decks_Non-Cracked,noncracked_high_edges,train
C:\Users\ikerd\Desktop\Vision  Project\Crack-Identification---Group-A\Training_Pool_B_Decks\Non-Cracked\7039-106.jpg,7039-106.jpg,Decks,Non-Cracked,Decks_Non-Cracked,noncracked_high_edges,train
C:\Users\ikerd\Desktop\Vision  Project\Crack-Identification---Group-A\Training_Pool_B_Decks\Non-Cracked\7052-82.jpg,7052-82.jpg,Decks,Non-Cracked,Decks_Non-Cracked,noncracked_high_edges,train
C:\Users\ikerd\Desktop\Vision  Project\Crack-Identification---Group-A\Training_Pool_B_Decks\Non-Cracked\7030-125.jpg,7030-125.jpg,Decks,Non-Cracked,Decks_Non-Cracked,noncracked_high_edges,train
C:\Users\ikerd\Desktop\Vision  Project\Crack-Identification---Group-A\Training_Pool_B_Decks\Non-Cracked\7030-126.jpg,7030-126.jpg,Decks,Non-Cracked,Decks_Non-Cracked,noncracked_high_edges,train
C:\Users\ikerd\Desktop\Vision  Project\Crack-Identification---Group-A\Training_Pool_B_Decks\Non-Cracked\7052-100.jpg,7052-100.jpg,Decks,Non-Cracked,Decks_Non-Cracked,noncracked_high_edges,train
C:\Users\ikerd\Desktop\Vision  Project\Crack-Identification---Group-A\Training_Pool_B_Decks\Non-Cracked\7014-5.jpg,7014-5.jpg,Decks,Non-Cracked,Decks_Non-Cracked,very_dark,train
C:\Users\ikerd\Desktop\Vision  Project\Crack-Identification---Group-A\Training_Pool_A_Walls\Non-Cracked\7080-117.jpg,7080-117.jpg,Walls,Non-Cracked,Walls_Non-Cracked,noncracked_high_edges,train
C:\Users\ikerd\Desktop\Vision  Project\Crack-Identification---Group-A\Training_Pool_A_Walls\Non-Cracked\7118-183.jpg,7118-183.jpg,Walls,Non-Cracked,Walls_Non-Cracked,noncracked_high_edges,train
C:\Users\ikerd\Desktop\Vision  Project\Crack-Identification---Group-A\Training_Pool_A_Walls\Non-Cracked\7138-45.jpg,7138-45.jpg,Walls,Non-Cracked,Walls_Non-Cracked,noncracked_high_edges,train
C:\Users\ikerd\Desktop\Vision  Project\Crack-Identification---Group-A\Training_Pool_A_Walls\Non-Cracked\7106-154.jpg,7106-154.jpg,Walls,Non-Cracked,Walls_Non-Cracked,noncracked_high_edges,train
C:\Users\ikerd\Desktop\Vision  Project\Crack-Identification---Group-A\Training_Pool_B_Decks\Cracked\7007-200.jpg,7007-200.jpg,Decks,Cracked,Decks_Cracked,very_bright,train
C:\Users\ikerd\Desktop\Vision  Project\Crack-Identification---Group-A\Training_Pool_B_Decks\Non-Cracked\7039-15.jpg,7039-15.jpg,Decks,Non-Cracked,Decks_Non-Cracked,"noncracked_high_edges, very_dark",train
C:\Users\ikerd\Desktop\Vision  Project\Crack-Identification---Group-A\Training_Pool_B_Decks\Non-Cracked\7025-12.jpg,7025-12.jpg,Decks,Non-Cracked,Decks_Non-Cracked,noncracked_high_edges,train
C:\Users\ikerd\Desktop\Vision  Project\Crack-Identification---Group-A\Training_Pool_B_Decks\Non-Cracked\7014-15.jpg,7014-15.jpg,Decks,Non-Cracked,Decks_Non-Cracked,very_dark,train
C:\Users\ikerd\Desktop\Vision  Project\Crack-Identification---Group-A\Training_Pool_A_Walls\Non-Cracked\7101-8.jpg,7101-8.jpg,Walls,Non-Cracked,Walls_Non-Cracked,noncracked_high_edges,train
C:\Users\ikerd\Desktop\Vision  Project\Crack-Identification---Group-A\Training_Pool_A_Walls\Non-Cracked\7098-28.jpg,7098-28.jpg,Walls,Non-Cracked,Walls_Non-Cracked,noncracked_high_edges,train
C:\Users\ikerd\Desktop\Vision  Project\Crack-Identification---Group-A\Training_Pool_A_Walls\Non-Cracked\7106-133.jpg,7106-133.jpg,Walls,Non-Cracked,Walls_Non-Cracked,noncracked_high_edges,train
C:\Users\ikerd\Desktop\Vision  Project\Crack-Identification---Group-A\Training_Pool_A_Walls\Non-Cracked\7120-134.jpg,7120-134.jpg,Walls,Non-Cracked,Walls_Non-Cracked,noncracked_high_edges,train
C:\Users\ikerd\Desktop\Vision  Project\Crack-Identification---Group-A\Training_Pool_B_Decks\Non-Cracked\7049-155.jpg,7049-155.jpg,Decks,Non-Cracked,Decks_Non-Cracked,noncracked_high_edges,train
C:\Users\ikerd\Desktop\Vision  Project\Crack-Identification---Group-A\Training_Pool_A_Walls\Non-Cracked\7107-101.jpg,7107-101.jpg,Walls,Non-Cracked,Walls_Non-Cracked,noncracked_high_edges,train
C:\Users\ikerd\Desktop\Vision  Project\Crack-Identification---Group-A\Training_Pool_B_Decks\Non-Cracked\7022-63.jpg,7022-63.jpg,Decks,Non-Cracked,Decks_Non-Cracked,very_bright,train
C:\Users\ikerd\Desktop\Vision  Project\Crack-Identification---Group-A\Training_Pool_B_Decks\Non-Cracked\7017-19.jpg,7017-19.jpg,Decks,Non-Cracked,Decks_Non-Cracked,"noncracked_high_edges, very_dark",train
C:\Users\ikerd\Desktop\Vision  Project\Crack-Identification---Group-A\Training_Pool_A_Walls\Non-Cracked\7134-182.jpg,7134-182.jpg,Walls,Non-Cracked,Walls_Non-Cracked,very_dark,train
C:\Users\ikerd\Desktop\Vision  Project\Crack-Identification---Group-A\Training_Pool_B_Decks\Non-Cracked\7049-186.jpg,7049-186.jpg,Decks,Non-Cracked,Decks_Non-Cracked,noncracked_high_edges,train
C:\Users\ikerd\Desktop\Vision  Project\Crack-Identification---Group-A\Training_Pool_B_Decks\Non-Cracked\7047-161.jpg,7047-161.jpg,Decks,Non-Cracked,Decks_Non-Cracked,noncracked_high_edges,train
C:\Users\ikerd\Desktop\Vision  Project\Crack-Identification---Group-A\Training_Pool_B_Decks\Non-Cracked\7030-72.jpg,7030-72.jpg,Decks,Non-Cracked,Decks_Non-Cracked,noncracked_high_edges,train
C:\Users\ikerd\Desktop\Vision  Project\Crack-Identification---Group-A\Training_Pool_B_Decks\Non-Cracked\7007-108.jpg,7007-108.jpg,Decks,Non-Cracked,Decks_Non-Cracked,noncracked_high_edges,train
C:\Users\ikerd\Desktop\Vision  Project\Crack-Identification---Group-A\Training_Pool_B_Decks\Non-Cracked\7053-252.jpg,7053-252.jpg,Decks,Non-Cracked,Decks_Non-Cracked,"noncracked_high_edges, very_dark",train
C:\Users\ikerd\Desktop\Vision  Project\Crack-Identification---Group-A\Training_Pool_B_Decks\Non-Cracked\7052-101.jpg,7052-101.jpg,Decks,Non-Cracked,Decks_Non-Cracked,noncracked_high_edges,train
C:\Users\ikerd\Desktop\Vision  Project\Crack-Identification---Group-A\Training_Pool_A_Walls\Non-Cracked\7125-88.jpg,7125-88.jpg,Walls,Non-Cracked,Walls_Non-Cracked,noncracked_high_edges,train
C:\Users\ikerd\Desktop\Vision  Project\Crack-Identification---Group-A\Training_Pool_B_Decks\Non-Cracked\7050-99.jpg,7050-99.jpg,Decks,Non-Cracked,Decks_Non-Cracked,noncracked_high_edges,train
C:\Users\ikerd\Desktop\Vision  Project\Crack-Identification---Group-A\Training_Pool_B_Decks\Non-Cracked\7047-180.jpg,7047-180.jpg,Decks,Non-Cracked,Decks_Non-Cracked,noncracked_high_edges,train
C:\Users\ikerd\Desktop\Vision  Project\Crack-Identification---Group-A\Training_Pool_B_Decks\Non-Cracked\7043-252.jpg,7043-252.jpg,Decks,Non-Cracked,Decks_Non-Cracked,"noncracked_high_edges, very_dark",train
C:\Users\ikerd\Desktop\Vision  Project\Crack-Identification---Group-A\Training_Pool_A_Walls\Non-Cracked\7121-83.jpg,7121-83.jpg,Walls,Non-Cracked,Walls_Non-Cracked,noncracked_high_edges,train
C:\Users\ikerd\Desktop\Vision  Project\Crack-Identification---Group-A\Training_Pool_B_Decks\Non-Cracked\7054-85.jpg,7054-85.jpg,Decks,Non-Cracked,Decks_Non-Cracked,noncracked_high_edges,train
C:\Users\ikerd\Desktop\Vision  Project\Crack-Identification---Group-A\Training_Pool_A_Walls\Non-Cracked\7106-114.jpg,7106-114.jpg,Walls,Non-Cracked,Walls_Non-Cracked,noncracked_high_edges,train
C:\Users\ikerd\Desktop\Vision  Project\Crack-Identification---Group-A\Training_Pool_B_Decks\Non-Cracked\7014-128.jpg,7014-128.jpg,Decks,Non-Cracked,Decks_Non-Cracked,very_bright,train
C:\Users\ikerd\Desktop\Vision  Project\Crack-Identification---Group-A\Training_Pool_B_Decks\Non-Cracked\7023-92.jpg,7023-92.jpg,Decks,Non-Cracked,Decks_Non-Cracked,very_bright,train
C:\Users\ikerd\Desktop\Vision  Project\Crack-Identification---Group-A\Training_Pool_A_Walls\Non-Cracked\7123-11.jpg,7123-11.jpg,Walls,Non-Cracked,Walls_Non-Cracked,very_bright,train
C:\Users\ikerd\Desktop\Vision  Project\Crack-Identification---Group-A\Training_Pool_A_Walls\Non-Cracked\7135-190.jpg,7135-190.jpg,Walls,Non-Cracked,Walls_Non-Cracked,noncracked_high_edges,train
C:\Users\ikerd\Desktop\Vision  Project\Crack-Identification---Group-A\Training_Pool_B_Decks\Non-Cracked\7014-53.jpg,7014-53.jpg,Decks,Non-Cracked,Decks_Non-Cracked,very_dark,train
C:\Users\ikerd\Desktop\Vision  Project\Crack-Identification---Group-A\Training_Pool_B_Decks\Non-Cracked\7018-231.jpg,7018-231.jpg,Decks,Non-Cracked,Decks_Non-Cracked,very_bright,train
C:\Users\ikerd\Desktop\Vision  Project\Crack-Identification---Group-A\Training_Pool_B_Decks\Non-Cracked\7007-182.jpg,7007-182.jpg,Decks,Non-Cracked,Decks_Non-Cracked,very_bright,train
C:\Users\ikerd\Desktop\Vision  Project\Crack-Identification---Group-A\Training_Pool_B_Decks\Non-Cracked\7027-136.jpg,7027-136.jpg,Decks,Non-Cracked,Decks_Non-Cracked,noncracked_high_edges,train
C:\Users\ikerd\Desktop\Vision  Project\Crack-Identification---Group-A\Training_Pool_A_Walls\Non-Cracked\7107-29.jpg,7107-29.jpg,Walls,Non-Cracked,Walls_Non-Cracked,noncracked_high_edges,train
C:\Users\ikerd\Desktop\Vision  Project\Crack-Identification---Group-A\Training_Pool_B_Decks\Non-Cracked\7039-1.jpg,7039-1.jpg,Decks,Non-Cracked,Decks_Non-Cracked,very_dark,train
C:\Users\ikerd\Desktop\Vision  Project\Crack-Identification---Group-A\Training_Pool_A_Walls\Non-Cracked\7121-62.jpg,7121-62.jpg,Walls,Non-Cracked,Walls_Non-Cracked,noncracked_high_edges,train
C:\Users\ikerd\Desktop\Vision  Project\Crack-Identification---Group-A\Training_Pool_A_Walls\Non-Cracked\7075-25.jpg,7075-25.jpg,Walls,Non-Cracked,Walls_Non-Cracked,noncracked_high_edges,train
C:\Users\ikerd\Desktop\Vision  Project\Crack-Identification---Group-A\Training_Pool_B_Decks\Non-Cracked\7039-17.jpg,7039-17.jpg,Decks,Non-Cracked,Decks_Non-Cracked,"noncracked_high_edges, very_dark",train
C:\Users\ikerd\Desktop\Vision  Project\Crack-Identification---Group-A\Training_Pool_B_Decks\Non-Cracked\7016-23.jpg,7016-23.jpg,Decks,Non-Cracked,Decks_Non-Cracked,very_dark,train
C:\Users\ikerd\Desktop\Vision  Project\Crack-Identification---Group-A\Training_Pool_B_Decks\Non-Cracked\7025-17.jpg,7025-17.jpg,Decks,Non-Cracked,Decks_Non-Cracked,very_dark,train
C:\Users\ikerd\Desktop\Vision  Project\Crack-Identification---Group-A\Training_Pool_A_Walls\Non-Cracked\7136-150.jpg,7136-150.jpg,Walls,Non-Cracked,Walls_Non-Cracked,noncracked_high_edges,train
C:\Users\ikerd\Desktop\Vision  Project\Crack-Identification---Group-A\Training_Pool_B_Decks\Non-Cracked\7039-124.jpg,7039-124.jpg,Decks,Non-Cracked,Decks_Non-Cracked,noncracked_high_edges,train
C:\Users\ikerd\Desktop\Vision  Project\Crack-Identification---Group-A\Training_Pool_B_Decks\Non-Cracked\7044-199.jpg,7044-199.jpg,Decks,Non-Cracked,Decks_Non-Cracked,very_dark,train
C:\Users\ikerd\Desktop\Vision  Project\Crack-Identification---Group-A\Training_Pool_A_Walls\Non-Cracked\7085-46.jpg,7085-46.jpg,Walls,Non-Cracked,Walls_Non-Cracked,noncracked_high_edges,train
C:\Users\ikerd\Desktop\Vision  Project\Crack-Identification---Group-A\Training_Pool_B_Decks\Non-Cracked\7048-154.jpg,7048-154.jpg,Decks,Non-Cracked,Decks_Non-Cracked,noncracked_high_edges,train
C:\Users\ikerd\Desktop\Vision  Project\Crack-Identification---Group-A\Training_Pool_B_Decks\Non-Cracked\7032-75.jpg,7032-75.jpg,Decks,Non-Cracked,Decks_Non-Cracked,very_bright,train
C:\Users\ikerd\Desktop\Vision  Project\Crack-Identification---Group-A\Training_Pool_B_Decks\Non-Cracked\7013-126.jpg,7013-126.jpg,Decks,Non-Cracked,Decks_Non-Cracked,noncracked_high_edges,train
C:\Users\ikerd\Desktop\Vision  Project\Crack-Identification---Group-A\Training_Pool_A_Walls\Non-Cracked\7100-160.jpg,7100-160.jpg,Walls,Non-Cracked,Walls_Non-Cracked,noncracked_high_edges,train
C:\Users\ikerd\Desktop\Vision  Project\Crack-Identification---Group-A\Training_Pool_B_Decks\Non-Cracked\7031-238.jpg,7031-238.jpg,Decks,Non-Cracked,Decks_Non-Cracked,noncracked_high_edges,train
C:\Users\ikerd\Desktop\Vision  Project\Crack-Identification---Group-A\Training_Pool_B_Decks\Non-Cracked\7053-106.jpg,7053-106.jpg,Decks,Non-Cracked,Decks_Non-Cracked,noncracked_high_edges,train
C:\Users\ikerd\Desktop\Vision  Project\Crack-Identification---Group-A\Training_Pool_B_Decks\Non-Cracked\7048-155.jpg,7048-155.jpg,Decks,Non-Cracked,Decks_Non-Cracked,noncracked_high_edges,train
C:\Users\ikerd\Desktop\Vision  Project\Crack-Identification---Group-A\Training_Pool_A_Walls\Non-Cracked\7139-60.jpg,7139-60.jpg,Walls,Non-Cracked,Walls_Non-Cracked,noncracked_high_edges,train
C:\Users\ikerd\Desktop\Vision  Project\Crack-Identification---Group-A\Training_Pool_A_Walls\Non-Cracked\7116-131.jpg,7116-131.jpg,Walls,Non-Cracked,Walls_Non-Cracked,noncracked_high_edges,train
C:\Users\ikerd\Desktop\Vision  Project\Crack-Identification---Group-A\Training_Pool_B_Decks\Non-Cracked\7044-154.jpg,7044-154.jpg,Decks,Non-Cracked,Decks_Non-Cracked,noncracked_high_edges,train
C:\Users\ikerd\Desktop\Vision  Project\Crack-Identification---Group-A\Training_Pool_A_Walls\Non-Cracked\7119-138.jpg,7119-138.jpg,Walls,Non-Cracked,Walls_Non-Cracked,noncracked_high_edges,train
C:\Users\ikerd\Desktop\Vision  Project\Crack-Identification---Group-A\Training_Pool_B_Decks\Non-Cracked\7025-234.jpg,7025-234.jpg,Decks,Non-Cracked,Decks_Non-Cracked,"noncracked_high_edges, very_dark",train
C:\Users\ikerd\Desktop\Vision  Project\Crack-Identification---Group-A\Training_Pool_B_Decks\Non-Cracked\7034-109.jpg,7034-109.jpg,Decks,Non-Cracked,Decks_Non-Cracked,very_bright,train
C:\Users\ikerd\Desktop\Vision  Project\Crack-Identification---Group-A\Training_Pool_A_Walls\Non-Cracked\7101-83.jpg,7101-83.jpg,Walls,Non-Cracked,Walls_Non-Cracked,noncracked_high_edges,train
C:\Users\ikerd\Desktop\Vision  Project\Crack-Identification---Group-A\Training_Pool_B_Decks\Non-Cracked\7032-113.jpg,7032-113.jpg,Decks,Non-Cracked,Decks_Non-Cracked,very_bright,train
C:\Users\ikerd\Desktop\Vision  Project\Crack-Identification---Group-A\Training_Pool_B_Decks\Non-Cracked\7035-22.jpg,7035-22.jpg,Decks,Non-Cracked,Decks_Non-Cracked,very_bright,train
C:\Users\ikerd\Desktop\Vision  Project\Crack-Identification---Group-A\Training_Pool_B_Decks\Non-Cracked\7054-50.jpg,7054-50.jpg,Decks,Non-Cracked,Decks_Non-Cracked,noncracked_high_edges,val
C:\Users\ikerd\Desktop\Vision  Project\Crack-Identification---Group-A\Training_Pool_B_Decks\Non-Cracked\7050-191.jpg,7050-191.jpg,Decks,Non-Cracked,Decks_Non-Cracked,noncracked_high_edges,val
C:\Users\ikerd\Desktop\Vision  Project\Crack-Identification---Group-A\Training_Pool_B_Decks\Non-Cracked\7045-209.jpg,7045-209.jpg,Decks,Non-Cracked,Decks_Non-Cracked,noncracked_high_edges,val
C:\Users\ikerd\Desktop\Vision  Project\Crack-Identification---Group-A\Training_Pool_A_Walls\Non-Cracked\7120-111.jpg,7120-111.jpg,Walls,Non-Cracked,Walls_Non-Cracked,noncracked_high_edges,val
C:\Users\ikerd\Desktop\Vision  Project\Crack-Identification---Group-A\Training_Pool_B_Decks\Non-Cracked\7053-135.jpg,7053-135.jpg,Decks,Non-Cracked,Decks_Non-Cracked,noncracked_high_edges,val
C:\Users\ikerd\Desktop\Vision  Project\Crack-Identification---Group-A\Training_Pool_A_Walls\Non-Cracked\7121-47.jpg,7121-47.jpg,Walls,Non-Cracked,Walls_Non-Cracked,noncracked_high_edges,val
C:\Users\ikerd\Desktop\Vision  Project\Crack-Identification---Group-A\Training_Pool_A_Walls\Non-Cracked\7101-11.jpg,7101-11.jpg,Walls,Non-Cracked,Walls_Non-Cracked,noncracked_high_edges,val
C:\Users\ikerd\Desktop\Vision  Project\Crack-Identification---Group-A\Training_Pool_B_Decks\Non-Cracked\7034-100.jpg,7034-100.jpg,Decks,Non-Cracked,Decks_Non-Cracked,noncracked_high_edges,val
C:\Users\ikerd\Desktop\Vision  Project\Crack-Identification---Group-A\Training_Pool_B_Decks\Non-Cracked\7016-16.jpg,7016-16.jpg,Decks,Non-Cracked,Decks_Non-Cracked,very_dark,val
C:\Users\ikerd\Desktop\Vision  Project\Crack-Identification---Group-A\Training_Pool_B_Decks\Non-Cracked\7043-247.jpg,7043-247.jpg,Decks,Non-Cracked,Decks_Non-Cracked,"noncracked_high_edges, very_dark",val
C:\Users\ikerd\Desktop\Vision  Project\Crack-Identification---Group-A\Training_Pool_B_Decks\Non-Cracked\7053-90_2.jpg,7053-90_2.jpg,Decks,Non-Cracked,Decks_Non-Cracked,"noncracked_high_edges, very_dark",val
C:\Users\ikerd\Desktop\Vision  Project\Crack-Identification---Group-A\Training_Pool_A_Walls\Non-Cracked\7112-115.jpg,7112-115.jpg,Walls,Non-Cracked,Walls_Non-Cracked,noncracked_high_edges,val
C:\Users\ikerd\Desktop\Vision  Project\Crack-Identification---Group-A\Training_Pool_B_Decks\Non-Cracked\7014-200.jpg,7014-200.jpg,Decks,Non-Cracked,Decks_Non-Cracked,very_bright,val
C:\Users\ikerd\Desktop\Vision  Project\Crack-Identification---Group-A\Training_Pool_B_Decks\Non-Cracked\7045-173.jpg,7045-173.jpg,Decks,Non-Cracked,Decks_Non-Cracked,noncracked_high_edges,val
C:\Users\ikerd\Desktop\Vision  Project\Crack-Identification---Group-A\Training_Pool_A_Walls\Non-Cracked\7106-132.jpg,7106-132.jpg,Walls,Non-Cracked,Walls_Non-Cracked,noncracked_high_edges,val
C:\Users\ikerd\Desktop\Vision  Project\Crack-Identification---Group-A\Training_Pool_B_Decks\Non-Cracked\7046-54.jpg,7046-54.jpg,Decks,Non-Cracked,Decks_Non-Cracked,noncracked_high_edges,val
C:\Users\ikerd\Desktop\Vision  Project\Crack-Identification---Group-A\Training_Pool_A_Walls\Non-Cracked\7126-187.jpg,7126-187.jpg,Walls,Non-Cracked,Walls_Non-Cracked,noncracked_high_edges,val
C:\Users\ikerd\Desktop\Vision  Project\Crack-Identification---Group-A\Training_Pool_B_Decks\Non-Cracked\7053-188.jpg,7053-188.jpg,Decks,Non-Cracked,Decks_Non-Cracked,noncracked_high_edges,val
C:\Users\ikerd\Desktop\Vision  Project\Crack-Identification---Group-A\Training_Pool_B_Decks\Non-Cracked\7029-16.jpg,7029-16.jpg,Decks,Non-Cracked,Decks_Non-Cracked,noncracked_high_edges,val
C:\Users\ikerd\Desktop\Vision  Project\Crack-Identification---Group-A\Training_Pool_B_Decks\Non-Cracked\7053-80.jpg,7053-80.jpg,Decks,Non-Cracked,Decks_Non-Cracked,noncracked_high_edges,val
C:\Users\ikerd\Desktop\Vision  Project\Crack-Identification---Group-A\Training_Pool_B_Decks\Non-Cracked\7034-198.jpg,7034-198.jpg,Decks,Non-Cracked,Decks_Non-Cracked,noncracked_high_edges,val
C:\Users\ikerd\Desktop\Vision  Project\Crack-Identification---Group-A\Training_Pool_A_Walls\Non-Cracked\7116-154.jpg,7116-154.jpg,Walls,Non-Cracked,Walls_Non-Cracked,noncracked_high_edges,val
C:\Users\ikerd\Desktop\Vision  Project\Crack-Identification---Group-A\Training_Pool_B_Decks\Non-Cracked\7030-180.jpg,7030-180.jpg,Decks,Non-Cracked,Decks_Non-Cracked,noncracked_high_edges,val
C:\Users\ikerd\Desktop\Vision  Project\Crack-Identification---Group-A\Training_Pool_A_Walls\Non-Cracked\7121-85.jpg,7121-85.jpg,Walls,Non-Cracked,Walls_Non-Cracked,noncracked_high_edges,val
C:\Users\ikerd\Desktop\Vision  Project\Crack-Identification---Group-A\Training_Pool_A_Walls\Non-Cracked\7106-79.jpg,7106-79.jpg,Walls,Non-Cracked,Walls_Non-Cracked,noncracked_high_edges,val
C:\Users\ikerd\Desktop\Vision  Project\Crack-Identification---Group-A\Training_Pool_B_Decks\Non-Cracked\7024-167.jpg,7024-167.jpg,Decks,Non-Cracked,Decks_Non-Cracked,very_bright,val
C:\Users\ikerd\Desktop\Vision  Project\Crack-Identification---Group-A\Training_Pool_B_Decks\Non-Cracked\7050-115.jpg,7050-115.jpg,Decks,Non-Cracked,Decks_Non-Cracked,noncracked_high_edges,val
C:\Users\ikerd\Desktop\Vision  Project\Crack-Identification---Group-A\Training_Pool_A_Walls\Non-Cracked\7100-178.jpg,7100-178.jpg,Walls,Non-Cracked,Walls_Non-Cracked,noncracked_high_edges,val
C:\Users\ikerd\Desktop\Vision  Project\Crack-Identification---Group-A\Training_Pool_B_Decks\Non-Cracked\7047-143.jpg,7047-143.jpg,Decks,Non-Cracked,Decks_Non-Cracked,noncracked_high_edges,val
C:\Users\ikerd\Desktop\Vision  Project\Crack-Identification---Group-A\Training_Pool_B_Decks\Non-Cracked\7022-77.jpg,7022-77.jpg,Decks,Non-Cracked,Decks_Non-Cracked,very_bright,val
C:\Users\ikerd\Desktop\Vision  Project\Crack-Identification---Group-A\Training_Pool_B_Decks\Non-Cracked\7053-81.jpg,7053-81.jpg,Decks,Non-Cracked,Decks_Non-Cracked,noncracked_high_edges,val
C:\Users\ikerd\Desktop\Vision  Project\Crack-Identification---Group-A\Training_Pool_B_Decks\Non-Cracked\7025-91.jpg,7025-91.jpg,Decks,Non-Cracked,Decks_Non-Cracked,very_bright,val
C:\Users\ikerd\Desktop\Vision  Project\Crack-Identification---Group-A\Training_Pool_B_Decks\Non-Cracked\7047-233.jpg,7047-233.jpg,Decks,Non-Cracked,Decks_Non-Cracked,noncracked_high_edges,val
C:\Users\ikerd\Desktop\Vision  Project\Crack-Identification---Group-A\Training_Pool_B_Decks\Non-Cracked\7014-233.jpg,7014-233.jpg,Decks,Non-Cracked,Decks_Non-Cracked,noncracked_high_edges,val
C:\Users\ikerd\Desktop\Vision  Project\Crack-Identification---Group-A\Training_Pool_B_Decks\Non-Cracked\7013-252.jpg,7013-252.jpg,Decks,Non-Cracked,Decks_Non-Cracked,noncracked_high_edges,val
C:\Users\ikerd\Desktop\Vision  Project\Crack-Identification---Group-A\Training_Pool_A_Walls\Non-Cracked\7106-115.jpg,7106-115.jpg,Walls,Non-Cracked,Walls_Non-Cracked,noncracked_high_edges,val
C:\Users\ikerd\Desktop\Vision  Project\Crack-Identification---Group-A\Training_Pool_B_Decks\Non-Cracked\7027-135.jpg,7027-135.jpg,Decks,Non-Cracked,Decks_Non-Cracked,noncracked_high_edges,val
C:\Users\ikerd\Desktop\Vision  Project\Crack-Identification---Group-A\Training_Pool_B_Decks\Non-Cracked\7014-18.jpg,7014-18.jpg,Decks,Non-Cracked,Decks_Non-Cracked,very_dark,val
C:\Users\ikerd\Desktop\Vision  Project\Crack-Identification---Group-A\Training_Pool_B_Decks\Non-Cracked\7053-83.jpg,7053-83.jpg,Decks,Non-Cracked,Decks_Non-Cracked,noncracked_high_edges,val
C:\Users\ikerd\Desktop\Vision  Project\Crack-Identification---Group-A\Training_Pool_B_Decks\Non-Cracked\7045-155.jpg,7045-155.jpg,Decks,Non-Cracked,Decks_Non-Cracked,noncracked_high_edges,val
C:\Users\ikerd\Desktop\Vision  Project\Crack-Identification---Group-A\Training_Pool_A_Walls\Non-Cracked\7116-30.jpg,7116-30.jpg,Walls,Non-Cracked,Walls_Non-Cracked,noncracked_high_edges,val
C:\Users\ikerd\Desktop\Vision  Project\Crack-Identification---Group-A\Training_Pool_B_Decks\Non-Cracked\7047-54.jpg,7047-54.jpg,Decks,Non-Cracked,Decks_Non-Cracked,"noncracked_high_edges, very_dark",val
C:\Users\ikerd\Desktop\Vision  Project\Crack-Identification---Group-A\Training_Pool_B_Decks\Non-Cracked\7049-119.jpg,7049-119.jpg,Decks,Non-Cracked,Decks_Non-Cracked,noncracked_high_edges,val
C:\Users\ikerd\Desktop\Vision  Project\Crack-Identification---Group-A\Training_Pool_A_Walls\Cracked\7123-30.jpg,7123-30.jpg,Walls,Cracked,Walls_Cracked,very_bright,val
C:\Users\ikerd\Desktop\Vision  Project\Crack-Identification---Group-A\Training_Pool_B_Decks\Non-Cracked\7041-55.jpg,7041-55.jpg,Decks,Non-Cracked,Decks_Non-Cracked,very_dark,val
C:\Users\ikerd\Desktop\Vision  Project\Crack-Identification---Group-A\Training_Pool_B_Decks\Non-Cracked\7039-197.jpg,7039-197.jpg,Decks,Non-Cracked,Decks_Non-Cracked,noncracked_high_edges,val
C:\Users\ikerd\Desktop\Vision  Project\Crack-Identification---Group-A\Training_Pool_B_Decks\Non-Cracked\7030-35.jpg,7030-35.jpg,Decks,Non-Cracked,Decks_Non-Cracked,noncracked_high_edges,val
C:\Users\ikerd\Desktop\Vision  Project\Crack-Identification---Group-A\Training_Pool_A_Walls\Non-Cracked\7118-202.jpg,7118-202.jpg,Walls,Non-Cracked,Walls_Non-Cracked,noncracked_high_edges,val
C:\Users\ikerd\Desktop\Vision  Project\Crack-Identification---Group-A\Training_Pool_A_Walls\Non-Cracked\7125-170.jpg,7125-170.jpg,Walls,Non-Cracked,Walls_Non-Cracked,noncracked_high_edges,val
C:\Users\ikerd\Desktop\Vision  Project\Crack-Identification---Group-A\Training_Pool_B_Decks\Non-Cracked\7050-175.jpg,7050-175.jpg,Decks,Non-Cracked,Decks_Non-Cracked,noncracked_high_edges,val
C:\Users\ikerd\Desktop\Vision  Project\Crack-Identification---Group-A\Training_Pool_A_Walls\Non-Cracked\7135-174.jpg,7135-174.jpg,Walls,Non-Cracked,Walls_Non-Cracked,noncracked_high_edges,val
C:\Users\ikerd\Desktop\Vision  Project\Crack-Identification---Group-A\Training_Pool_B_Decks\Non-Cracked\7041-73.jpg,7041-73.jpg,Decks,Non-Cracked,Decks_Non-Cracked,very_dark,val
C:\Users\ikerd\Desktop\Vision  Project\Crack-Identification---Group-A\Training_Pool_A_Walls\Cracked\7085-88.jpg,7085-88.jpg,Walls,Cracked,Walls_Cracked,very_bright,val
C:\Users\ikerd\Desktop\Vision  Project\Crack-Identification---Group-A\Training_Pool_B_Decks\Non-Cracked\7053-36_2.jpg,7053-36_2.jpg,Decks,Non-Cracked,Decks_Non-Cracked,"noncracked_high_edges, very_dark",val
C:\Users\ikerd\Desktop\Vision  Project\Crack-Identification---Group-A\Training_Pool_B_Decks\Non-Cracked\7057-9.jpg,7057-9.jpg,Decks,Non-Cracked,Decks_Non-Cracked,"noncracked_high_edges, very_dark",val
C:\Users\ikerd\Desktop\Vision  Project\Crack-Identification---Group-A\Training_Pool_B_Decks\Non-Cracked\7031-19.jpg,7031-19.jpg,Decks,Non-Cracked,Decks_Non-Cracked,"noncracked_high_edges, very_dark",val
C:\Users\ikerd\Desktop\Vision  Project\Crack-Identification---Group-A\Training_Pool_A_Walls\Non-Cracked\7113-151.jpg,7113-151.jpg,Walls,Non-Cracked,Walls_Non-Cracked,noncracked_high_edges,val
C:\Users\ikerd\Desktop\Vision  Project\Crack-Identification---Group-A\Training_Pool_A_Walls\Non-Cracked\7135-135.jpg,7135-135.jpg,Walls,Non-Cracked,Walls_Non-Cracked,noncracked_high_edges,val
C:\Users\ikerd\Desktop\Vision  Project\Crack-Identification---Group-A\Training_Pool_B_Decks\Non-Cracked\7053-144.jpg,7053-144.jpg,Decks,Non-Cracked,Decks_Non-Cracked,"noncracked_high_edges, very_dark",val
C:\Users\ikerd\Desktop\Vision  Project\Crack-Identification---Group-A\Training_Pool_B_Decks\Non-Cracked\7039-180.jpg,7039-180.jpg,Decks,Non-Cracked,Decks_Non-Cracked,"noncracked_high_edges, very_dark",val
C:\Users\ikerd\Desktop\Vision  Project\Crack-Identification---Group-A\Training_Pool_B_Decks\Non-Cracked\7016-218.jpg,7016-218.jpg,Decks,Non-Cracked,Decks_Non-Cracked,very_dark,val
C:\Users\ikerd\Desktop\Vision  Project\Crack-Identification---Group-A\Training_Pool_B_Decks\Non-Cracked\7053-46.jpg,7053-46.jpg,Decks,Non-Cracked,Decks_Non-Cracked,noncracked_high_edges,val
C:\Users\ikerd\Desktop\Vision  Project\Crack-Identification---Group-A\Training_Pool_A_Walls\Non-Cracked\7101-137.jpg,7101-137.jpg,Walls,Non-Cracked,Walls_Non-Cracked,noncracked_high_edges,val
C:\Users\ikerd\Desktop\Vision  Project\Crack-Identification---Group-A\Training_Pool_B_Decks\Non-Cracked\7053-151.jpg,7053-151.jpg,Decks,Non-Cracked,Decks_Non-Cracked,noncracked_high_edges,val
C:\Users\ikerd\Desktop\Vision  Project\Crack-Identification---Group-A\Training_Pool_A_Walls\Non-Cracked\7114-10.jpg,7114-10.jpg,Walls,Non-Cracked,Walls_Non-Cracked,noncracked_high_edges,val
C:\Users\ikerd\Desktop\Vision  Project\Crack-Identification---Group-A\Training_Pool_B_Decks\Non-Cracked\7035-39.jpg,7035-39.jpg,Decks,Non-Cracked,Decks_Non-Cracked,very_bright,val
C:\Users\ikerd\Desktop\Vision  Project\Crack-Identification---Group-A\Training_Pool_B_Decks\Non-Cracked\7016-27.jpg,7016-27.jpg,Decks,Non-Cracked,Decks_Non-Cracked,very_dark,val
C:\Users\ikerd\Desktop\Vision  Project\Crack-Identification---Group-A\Training_Pool_B_Decks\Non-Cracked\7044-171.jpg,7044-171.jpg,Decks,Non-Cracked,Decks_Non-Cracked,noncracked_high_edges,val
C:\Users\ikerd\Desktop\Vision  Project\Crack-Identification---Group-A\Training_Pool_B_Decks\Non-Cracked\7016-34.jpg,7016-34.jpg,Decks,Non-Cracked,Decks_Non-Cracked,very_dark,val
C:\Users\ikerd\Desktop\Vision  Project\Crack-Identification---Group-A\Training_Pool_B_Decks\Non-Cracked\7039-53.jpg,7039-53.jpg,Decks,Non-Cracked,Decks_Non-Cracked,"noncracked_high_edges, very_dark",val
C:\Users\ikerd\Desktop\Vision  Project\Crack-Identification---Group-A\Training_Pool_A_Walls\Non-Cracked\7133-133.jpg,7133-133.jpg,Walls,Non-Cracked,Walls_Non-Cracked,noncracked_high_edges,val
C:\Users\ikerd\Desktop\Vision  Project\Crack-Identification---Group-A\Training_Pool_A_Walls\Non-Cracked\7138-64.jpg,7138-64.jpg,Walls,Non-Cracked,Walls_Non-Cracked,noncracked_high_edges,val
C:\Users\ikerd\Desktop\Vision  Project\Crack-Identification---Group-A\Training_Pool_B_Decks\Non-Cracked\7014-22.jpg,7014-22.jpg,Decks,Non-Cracked,Decks_Non-Cracked,very_dark,val
C:\Users\ikerd\Desktop\Vision  Project\Crack-Identification---Group-A\Training_Pool_B_Decks\Non-Cracked\7014-179.jpg,7014-179.jpg,Decks,Non-Cracked,Decks_Non-Cracked,noncracked_high_edges,val
C:\Users\ikerd\Desktop\Vision  Project\Crack-Identification---Group-A\Training_Pool_B_Decks\Non-Cracked\7053-180.jpg,7053-180.jpg,Decks,Non-Cracked,Decks_Non-Cracked,"noncracked_high_edges, very_dark",val
C:\Users\ikerd\Desktop\Vision  Project\Crack-Identification---Group-A\Training_Pool_B_Decks\Non-Cracked\7030-157.jpg,7030-157.jpg,Decks,Non-Cracked,Decks_Non-Cracked,very_bright,val
C:\Users\ikerd\Desktop\Vision  Project\Crack-Identification---Group-A\Training_Pool_B_Decks\Non-Cracked\7032-59.jpg,7032-59.jpg,Decks,Non-Cracked,Decks_Non-Cracked,very_bright,val
C:\Users\ikerd\Desktop\Vision  Project\Crack-Identification---Group-A\Training_Pool_A_Walls\Non-Cracked\7121-60.jpg,7121-60.jpg,Walls,Non-Cracked,Walls_Non-Cracked,noncracked_high_edges,val
C:\Users\ikerd\Desktop\Vision  Project\Crack-Identification---Group-A\Training_Pool_B_Decks\Non-Cracked\7022-114.jpg,7022-114.jpg,Decks,Non-Cracked,Decks_Non-Cracked,very_bright,val
C:\Users\ikerd\Desktop\Vision  Project\Crack-Identification---Group-A\Training_Pool_A_Walls\Non-Cracked\7106-170.jpg,7106-170.jpg,Walls,Non-Cracked,Walls_Non-Cracked,noncracked_high_edges,val
C:\Users\ikerd\Desktop\Vision  Project\Crack-Identification---Group-A\Training_Pool_B_Decks\Non-Cracked\7016-18.jpg,7016-18.jpg,Decks,Non-Cracked,Decks_Non-Cracked,very_dark,val
C:\Users\ikerd\Desktop\Vision  Project\Crack-Identification---Group-A\Training_Pool_A_Walls\Non-Cracked\7101-136.jpg,7101-136.jpg,Walls,Non-Cracked,Walls_Non-Cracked,noncracked_high_edges,val
C:\Users\ikerd\Desktop\Vision  Project\Crack-Identification---Group-A\Training_Pool_B_Decks\Non-Cracked\7022-22.jpg,7022-22.jpg,Decks,Non-Cracked,Decks_Non-Cracked,very_bright,val
C:\Users\ikerd\Desktop\Vision  Project\Crack-Identification---Group-A\Training_Pool_B_Decks\Non-Cracked\7035-117.jpg,7035-117.jpg,Decks,Non-Cracked,Decks_Non-Cracked,"noncracked_high_edges, very_bright",val
C:\Users\ikerd\Desktop\Vision  Project\Crack-Identification---Group-A\Training_Pool_B_Decks\Non-Cracked\7039-90.jpg,7039-90.jpg,Decks,Non-Cracked,Decks_Non-Cracked,"noncracked_high_edges, very_dark",val
C:\Users\ikerd\Desktop\Vision  Project\Crack-Identification---Group-A\Training_Pool_B_Decks\Non-Cracked\7025-126.jpg,7025-126.jpg,Decks,Non-Cracked,Decks_Non-Cracked,noncracked_high_edges,val
C:\Users\ikerd\Desktop\Vision  Project\Crack-Identification---Group-A\Training_Pool_B_Decks\Non-Cracked\7016-73.jpg,7016-73.jpg,Decks,Non-Cracked,Decks_Non-Cracked,very_dark,val
C:\Users\ikerd\Desktop\Vision  Project\Crack-Identification---Group-A\Training_Pool_A_Walls\Non-Cracked\7125-13.jpg,7125-13.jpg,Walls,Non-Cracked,Walls_Non-Cracked,noncracked_high_edges,val
C:\Users\ikerd\Desktop\Vision  Project\Crack-Identification---Group-A\Training_Pool_B_Decks\Non-Cracked\7043-242.jpg,7043-242.jpg,Decks,Non-Cracked,Decks_Non-Cracked,noncracked_high_edges,val
C:\Users\ikerd\Desktop\Vision  Project\Crack-Identification---Group-A\Training_Pool_B_Decks\Non-Cracked\7014-201.jpg,7014-201.jpg,Decks,Non-Cracked,Decks_Non-Cracked,very_bright,val
C:\Users\ikerd\Desktop\Vision  Project\Crack-Identification---Group-A\Training_Pool_A_Walls\Non-Cracked\7100-120.jpg,7100-120.jpg,Walls,Non-Cracked,Walls_Non-Cracked,noncracked_high_edges,val
C:\Users\ikerd\Desktop\Vision  Project\Crack-Identification---Group-A\Training_Pool_A_Walls\Non-Cracked\7119-27.jpg,7119-27.jpg,Walls,Non-Cracked,Walls_Non-Cracked,noncracked_high_edges,val
C:\Users\ikerd\Desktop\Vision  Project\Crack-Identification---Group-A\Training_Pool_B_Decks\Non-Cracked\7031-237.jpg,7031-237.jpg,Decks,Non-Cracked,Decks_Non-Cracked,noncracked_high_edges,val
C:\Users\ikerd\Desktop\Vision  Project\Crack-Identification---Group-A\Training_Pool_B_Decks\Non-Cracked\7053-191.jpg,7053-191.jpg,Decks,Non-Cracked,Decks_Non-Cracked,noncracked_high_edges,val
C:\Users\ikerd\Desktop\Vision  Project\Crack-Identification---Group-A\Training_Pool_B_Decks\Non-Cracked\7048-193.jpg,7048-193.jpg,Decks,Non-Cracked,Decks_Non-Cracked,noncracked_high_edges,val
C:\Users\ikerd\Desktop\Vision  Project\Crack-Identification---Group-A\Training_Pool_B_Decks\Non-Cracked\7049-142.jpg,7049-142.jpg,Decks,Non-Cracked,Decks_Non-Cracked,very_bright,val
C:\Users\ikerd\Desktop\Vision  Project\Crack-Identification---Group-A\Training_Pool_B_Decks\Non-Cracked\7014-160.jpg,7014-160.jpg,Decks,Non-Cracked,Decks_Non-Cracked,noncracked_high_edges,val
C:\Users\ikerd\Desktop\Vision  Project\Crack-Identification---Group-A\Training_Pool_B_Decks\Non-Cracked\7025-93.jpg,7025-93.jpg,Decks,Non-Cracked,Decks_Non-Cracked,very_bright,val
C:\Users\ikerd\Desktop\Vision  Project\Crack-Identification---Group-A\Training_Pool_B_Decks\Non-Cracked\7053-36.jpg,7053-36.jpg,Decks,Non-Cracked,Decks_Non-Cracked,"noncracked_high_edges, very_dark",val
C:\Users\ikerd\Desktop\Vision  Project\Crack-Identification---Group-A\Training_Pool_A_Walls\Non-Cracked\7121-65.jpg,7121-65.jpg,Walls,Non-Cracked,Walls_Non-Cracked,noncracked_high_edges,val
C:\Users\ikerd\Desktop\Vision  Project\Crack-Identification---Group-A\Training_Pool_B_Decks\Non-Cracked\7031-91.jpg,7031-91.jpg,Decks,Non-Cracked,Decks_Non-Cracked,very_dark,val
C:\Users\ikerd\Desktop\Vision  Project\Crack-Identification---Group-A\Training_Pool_B_Decks\Non-Cracked\7014-27.jpg,7014-27.jpg,Decks,Non-Cracked,Decks_Non-Cracked,very_dark,val
C:\Users\ikerd\Desktop\Vision  Project\Crack-Identification---Group-A\Training_Pool_B_Decks\Non-Cracked\7050-134.jpg,7050-134.jpg,Decks,Non-Cracked,Decks_Non-Cracked,noncracked_high_edges,val
C:\Users\ikerd\Desktop\Vision  Project\Crack-Identification---Group-A\Training_Pool_B_Decks\Non-Cracked\7053-90.jpg,7053-90.jpg,Decks,Non-Cracked,Decks_Non-Cracked,"noncracked_high_edges, very_dark",val
C:\Users\ikerd\Desktop\Vision  Project\Crack-Identification---Group-A\Training_Pool_A_Walls\Non-Cracked\7118-115.jpg,7118-115.jpg,Walls,Non-Cracked,Walls_Non-Cracked,noncracked_high_edges,val
C:\Users\ikerd\Desktop\Vision  Project\Crack-Identification---Group-A\Training_Pool_B_Decks\Non-Cracked\7048-101.jpg,7048-101.jpg,Decks,Non-Cracked,Decks_Non-Cracked,noncracked_high_edges,val
C:\Users\ikerd\Desktop\Vision  Project\Crack-Identification---Group-A\Training_Pool_B_Decks\Non-Cracked\7041-37.jpg,7041-37.jpg,Decks,Non-Cracked,Decks_Non-Cracked,very_dark,val
C:\Users\ikerd\Desktop\Vision  Project\Crack-Identification---Group-A\Training_Pool_B_Decks\Non-Cracked\7039-70.jpg,7039-70.jpg,Decks,Non-Cracked,Decks_Non-Cracked,"noncracked_high_edges, very_dark",val
C:\Users\ikerd\Desktop\Vision  Project\Crack-Identification---Group-A\Training_Pool_B_Decks\Non-Cracked\7044-217.jpg,7044-217.jpg,Decks,Non-Cracked,Decks_Non-Cracked,"noncracked_high_edges, very_dark",val
C:\Users\ikerd\Desktop\Vision  Project\Crack-Identification---Group-A\Training_Pool_B_Decks\Non-Cracked\7017-246.jpg,7017-246.jpg,Decks,Non-Cracked,Decks_Non-Cracked,noncracked_high_edges,val
C:\Users\ikerd\Desktop\Vision  Project\Crack-Identification---Group-A\Training_Pool_B_Decks\Non-Cracked\7008-54.jpg,7008-54.jpg,Decks,Non-Cracked,Decks_Non-Cracked,noncracked_high_edges,val
C:\Users\ikerd\Desktop\Vision  Project\Crack-Identification---Group-A\Training_Pool_A_Walls\Non-Cracked\7139-131.jpg,7139-131.jpg,Walls,Non-Cracked,Walls_Non-Cracked,noncracked_high_edges,val
C:\Users\ikerd\Desktop\Vision  Project\Crack-Identification---Group-A\Training_Pool_B_Decks\Non-Cracked\7054-74.jpg,7054-74.jpg,Decks,Non-Cracked,Decks_Non-Cracked,very_bright,val
C:\Users\ikerd\Desktop\Vision  Project\Crack-Identification---Group-A\Training_Pool_B_Decks\Non-Cracked\7032-44.jpg,7032-44.jpg,Decks,Non-Cracked,Decks_Non-Cracked,very_bright,val
C:\Users\ikerd\Desktop\Vision  Project\Crack-Identification---Group-A\Training_Pool_A_Walls\Non-Cracked\7107-48.jpg,7107-48.jpg,Walls,Non-Cracked,Walls_Non-Cracked,noncracked_high_edges,val
C:\Users\ikerd\Desktop\Vision  Project\Crack-Identification---Group-A\Training_Pool_A_Walls\Non-Cracked\7123-49.jpg,7123-49.jpg,Walls,Non-Cracked,Walls_Non-Cracked,very_bright,val
C:\Users\ikerd\Desktop\Vision  Project\Crack-Identification---Group-A\Training_Pool_A_Walls\Non-Cracked\7125-12.jpg,7125-12.jpg,Walls,Non-Cracked,Walls_Non-Cracked,noncracked_high_edges,val
C:\Users\ikerd\Desktop\Vision  Project\Crack-Identification---Group-A\Training_Pool_B_Decks\Non-Cracked\7050-80.jpg,7050-80.jpg,Decks,Non-Cracked,Decks_Non-Cracked,noncracked_high_edges,val
C:\Users\ikerd\Desktop\Vision  Project\Crack-Identification---Group-A\Training_Pool_B_Decks\Non-Cracked\7054-193.jpg,7054-193.jpg,Decks,Non-Cracked,Decks_Non-Cracked,noncracked_high_edges,val
C:\Users\ikerd\Desktop\Vision  Project\Crack-Identification---Group-A\Training_Pool_B_Decks\Non-Cracked\7052-66.jpg,7052-66.jpg,Decks,Non-Cracked,Decks_Non-Cracked,noncracked_high_edges,val
C:\Users\ikerd\Desktop\Vision  Project\Crack-Identification---Group-A\Training_Pool_B_Decks\Non-Cracked\7039-28.jpg,7039-28.jpg,Decks,Non-Cracked,Decks_Non-Cracked,noncracked_high_edges,val
C:\Users\ikerd\Desktop\Vision  Project\Crack-Identification---Group-A\Training_Pool_B_Decks\Non-Cracked\7051-46.jpg,7051-46.jpg,Decks,Non-Cracked,Decks_Non-Cracked,noncracked_high_edges,val
C:\Users\ikerd\Desktop\Vision  Project\Crack-Identification---Group-A\Training_Pool_B_Decks\Non-Cracked\7014-144.jpg,7014-144.jpg,Decks,Non-Cracked,Decks_Non-Cracked,"noncracked_high_edges, very_dark",val
C:\Users\ikerd\Desktop\Vision  Project\Crack-Identification---Group-A\Training_Pool_B_Decks\Non-Cracked\7030-216.jpg,7030-216.jpg,Decks,Non-Cracked,Decks_Non-Cracked,noncracked_high_edges,val
C:\Users\ikerd\Desktop\Vision  Project\Crack-Identification---Group-A\Training_Pool_B_Decks\Non-Cracked\7025-149.jpg,7025-149.jpg,Decks,Non-Cracked,Decks_Non-Cracked,very_bright,val
C:\Users\ikerd\Desktop\Vision  Project\Crack-Identification---Group-A\Training_Pool_B_Decks\Non-Cracked\7016-74.jpg,7016-74.jpg,Decks,Non-Cracked,Decks_Non-Cracked,very_dark,val
C:\Users\ikerd\Desktop\Vision  Project\Crack-Identification---Group-A\Training_Pool_A_Walls\Non-Cracked\7119-168.jpg,7119-168.jpg,Walls,Non-Cracked,Walls_Non-Cracked,noncracked_high_edges,val
C:\Users\ikerd\Desktop\Vision  Project\Crack-Identification---Group-A\Training_Pool_A_Walls\Non-Cracked\7119-119.jpg,7119-119.jpg,Walls,Non-Cracked,Walls_Non-Cracked,noncracked_high_edges,val
C:\Users\ikerd\Desktop\Vision  Project\Crack-Identification---Group-A\Training_Pool_A_Walls\Non-Cracked\7101-131.jpg,7101-131.jpg,Walls,Non-Cracked,Walls_Non-Cracked,noncracked_high_edges,val
C:\Users\ikerd\Desktop\Vision  Project\Crack-Identification---Group-A\Training_Pool_B_Decks\Non-Cracked\7050-193.jpg,7050-193.jpg,Decks,Non-Cracked,Decks_Non-Cracked,noncracked_high_edges,val
C:\Users\ikerd\Desktop\Vision  Project\Crack-Identification---Group-A\Training_Pool_A_Walls\Non-Cracked\7117-13.jpg,7117-13.jpg,Walls,Non-Cracked,Walls_Non-Cracked,noncracked_high_edges,val
C:\Users\ikerd\Desktop\Vision  Project\Crack-Identification---Group-A\Training_Pool_B_Decks\Non-Cracked\7052-235.jpg,7052-235.jpg,Decks,Non-Cracked,Decks_Non-Cracked,very_dark,val
C:\Users\ikerd\Desktop\Vision  Project\Crack-Identification---Group-A\Training_Pool_B_Decks\Non-Cracked\7029-7.jpg,7029-7.jpg,Decks,Non-Cracked,Decks_Non-Cracked,very_dark,val
C:\Users\ikerd\Desktop\Vision  Project\Crack-Identification---Group-A\Training_Pool_B_Decks\Non-Cracked\7051-82.jpg,7051-82.jpg,Decks,Non-Cracked,Decks_Non-Cracked,noncracked_high_edges,val
C:\Users\ikerd\Desktop\Vision  Project\Crack-Identification---Group-A\Training_Pool_B_Decks\Non-Cracked\7039-52.jpg,7039-52.jpg,Decks,Non-Cracked,Decks_Non-Cracked,"noncracked_high_edges, very_dark",val
C:\Users\ikerd\Desktop\Vision  Project\Crack-Identification---Group-A\Training_Pool_A_Walls\Non-Cracked\7116-50.jpg,7116-50.jpg,Walls,Non-Cracked,Walls_Non-Cracked,noncracked_high_edges,val
C:\Users\ikerd\Desktop\Vision  Project\Crack-Identification---Group-A\Training_Pool_B_Decks\Non-Cracked\7032-4.jpg,7032-4.jpg,Decks,Non-Cracked,Decks_Non-Cracked,very_bright,val
C:\Users\ikerd\Desktop\Vision  Project\Crack-Identification---Group-A\Training_Pool_A_Walls\Non-Cracked\7102-63.jpg,7102-63.jpg,Walls,Non-Cracked,Walls_Non-Cracked,noncracked_high_edges,val
C:\Users\ikerd\Desktop\Vision  Project\Crack-Identification---Group-A\Training_Pool_A_Walls\Non-Cracked\7118-201.jpg,7118-201.jpg,Walls,Non-Cracked,Walls_Non-Cracked,noncracked_high_edges,val
C:\Users\ikerd\Desktop\Vision  Project\Crack-Identification---Group-A\Training_Pool_B_Decks\Non-Cracked\7051-85.jpg,7051-85.jpg,Decks,Non-Cracked,Decks_Non-Cracked,noncracked_high_edges,val
C:\Users\ikerd\Desktop\Vision  Project\Crack-Identification---Group-A\Training_Pool_B_Decks\Non-Cracked\7025-35.jpg,7025-35.jpg,Decks,Non-Cracked,Decks_Non-Cracked,very_dark,val
C:\Users\ikerd\Desktop\Vision  Project\Crack-Identification---Group-A\Training_Pool_A_Walls\Non-Cracked\7116-16.jpg,7116-16.jpg,Walls,Non-Cracked,Walls_Non-Cracked,noncracked_high_edges,val
C:\Users\ikerd\Desktop\Vision  Project\Crack-Identification---Group-A\Training_Pool_A_Walls\Non-Cracked\7126-135.jpg,7126-135.jpg,Walls,Non-Cracked,Walls_Non-Cracked,noncracked_high_edges,val
C:\Users\ikerd\Desktop\Vision  Project\Crack-Identification---Group-A\Training_Pool_B_Decks\Non-Cracked\7050-133.jpg,7050-133.jpg,Decks,Non-Cracked,Decks_Non-Cracked,noncracked_high_edges,val
C:\Users\ikerd\Desktop\Vision  Project\Crack-Identification---Group-A\Training_Pool_B_Decks\Non-Cracked\7014-198.jpg,7014-198.jpg,Decks,Non-Cracked,Decks_Non-Cracked,noncracked_high_edges,val
C:\Users\ikerd\Desktop\Vision  Project\Crack-Identification---Group-A\Training_Pool_B_Decks\Non-Cracked\7053-133.jpg,7053-133.jpg,Decks,Non-Cracked,Decks_Non-Cracked,noncracked_high_edges,val
C:\Users\ikerd\Desktop\Vision  Project\Crack-Identification---Group-A\Training_Pool_B_Decks\Non-Cracked\7034-74.jpg,7034-74.jpg,Decks,Non-Cracked,Decks_Non-Cracked,very_bright,val
C:\Users\ikerd\Desktop\Vision  Project\Crack-Identification---Group-A\Training_Pool_B_Decks\Non-Cracked\7043-91.jpg,7043-91.jpg,Decks,Non-Cracked,Decks_Non-Cracked,very_bright,val
C:\Users\ikerd\Desktop\Vision  Project\Crack-Identification---Group-A\Training_Pool_B_Decks\Non-Cracked\7051-136.jpg,7051-136.jpg,Decks,Non-Cracked,Decks_Non-Cracked,noncracked_high_edges,val
C:\Users\ikerd\Desktop\Vision  Project\Crack-Identification---Group-A\Training_Pool_B_Decks\Non-Cracked\7014-163.jpg,7014-163.jpg,Decks,Non-Cracked,Decks_Non-Cracked,very_bright,val
C:\Users\ikerd\Desktop\Vision  Project\Crack-Identification---Group-A\Training_Pool_A_Walls\Non-Cracked\7101-81.jpg,7101-81.jpg,Walls,Non-Cracked,Walls_Non-Cracked,noncracked_high_edges,val
C:\Users\ikerd\Desktop\Vision  Project\Crack-Identification---Group-A\Training_Pool_A_Walls\Non-Cracked\7080-98.jpg,7080-98.jpg,Walls,Non-Cracked,Walls_Non-Cracked,noncracked_high_edges,val
C:\Users\ikerd\Desktop\Vision  Project\Crack-Identification---Group-A\Training_Pool_B_Decks\Non-Cracked\7050-174.jpg,7050-174.jpg,Decks,Non-Cracked,Decks_Non-Cracked,noncracked_high_edges,val
C:\Users\ikerd\Desktop\Vision  Project\Crack-Identification---Group-A\Training_Pool_B_Decks\Non-Cracked\7043-117.jpg,7043-117.jpg,Decks,Non-Cracked,Decks_Non-Cracked,noncracked_high_edges,val
C:\Users\ikerd\Desktop\Vision  Project\Crack-Identification---Group-A\Training_Pool_A_Walls\Non-Cracked\7128-47.jpg,7128-47.jpg,Walls,Non-Cracked,Walls_Non-Cracked,noncracked_high_edges,val
C:\Users\ikerd\Desktop\Vision  Project\Crack-Identification---Group-A\Training_Pool_A_Walls\Non-Cracked\7119-112.jpg,7119-112.jpg,Walls,Non-Cracked,Walls_Non-Cracked,noncracked_high_edges,val
C:\Users\ikerd\Desktop\Vision  Project\Crack-Identification---Group-A\Training_Pool_B_Decks\Non-Cracked\7017-56.jpg,7017-56.jpg,Decks,Non-Cracked,Decks_Non-Cracked,very_dark,val
C:\Users\ikerd\Desktop\Vision  Project\Crack-Identification---Group-A\Training_Pool_B_Decks\Non-Cracked\7052-135.jpg,7052-135.jpg,Decks,Non-Cracked,Decks_Non-Cracked,noncracked_high_edges,val
C:\Users\ikerd\Desktop\Vision  Project\Crack-Identification---Group-A\Training_Pool_A_Walls\Non-Cracked\7098-66.jpg,7098-66.jpg,Walls,Non-Cracked,Walls_Non-Cracked,noncracked_high_edges,val
C:\Users\ikerd\Desktop\Vision  Project\Crack-Identification---Group-A\Training_Pool_A_Walls\Non-Cracked\7116-24.jpg,7116-24.jpg,Walls,Non-Cracked,Walls_Non-Cracked,noncracked_high_edges,val
C:\Users\ikerd\Desktop\Vision  Project\Crack-Identification---Group-A\Training_Pool_A_Walls\Non-Cracked\7106-96.jpg,7106-96.jpg,Walls,Non-Cracked,Walls_Non-Cracked,noncracked_high_edges,val
C:\Users\ikerd\Desktop\Vision  Project\Crack-Identification---Group-A\Training_Pool_B_Decks\Non-Cracked\7030-136.jpg,7030-136.jpg,Decks,Non-Cracked,Decks_Non-Cracked,"noncracked_high_edges, very_bright",val
C:\Users\ikerd\Desktop\Vision  Project\Crack-Identification---Group-A\Training_Pool_B_Decks\Non-Cracked\7022-80.jpg,7022-80.jpg,Decks,Non-Cracked,Decks_Non-Cracked,very_bright,val
C:\Users\ikerd\Desktop\Vision  Project\Crack-Identification---Group-A\Training_Pool_B_Decks\Non-Cracked\7044-227.jpg,7044-227.jpg,Decks,Non-Cracked,Decks_Non-Cracked,noncracked_high_edges,val
C:\Users\ikerd\Desktop\Vision  Project\Crack-Identification---Group-A\Training_Pool_B_Decks\Non-Cracked\7052-72.jpg,7052-72.jpg,Decks,Non-Cracked,Decks_Non-Cracked,noncracked_high_edges,val
C:\Users\ikerd\Desktop\Vision  Project\Crack-Identification---Group-A\Training_Pool_B_Decks\Non-Cracked\7030-250.jpg,7030-250.jpg,Decks,Non-Cracked,Decks_Non-Cracked,noncracked_high_edges,val
C:\Users\ikerd\Desktop\Vision  Project\Crack-Identification---Group-A\Training_Pool_B_Decks\Non-Cracked\7016-76.jpg,7016-76.jpg,Decks,Non-Cracked,Decks_Non-Cracked,very_bright,val
C:\Users\ikerd\Desktop\Vision  Project\Crack-Identification---Group-A\Training_Pool_B_Decks\Cracked\7013-183.jpg,7013-183.jpg,Decks,Cracked,Decks_Cracked,very_bright,val
C:\Users\ikerd\Desktop\Vision  Project\Crack-Identification---Group-A\Training_Pool_B_Decks\Non-Cracked\7046-81.jpg,7046-81.jpg,Decks,Non-Cracked,Decks_Non-Cracked,noncracked_high_edges,val
C:\Users\ikerd\Desktop\Vision  Project\Crack-Identification---Group-A\Training_Pool_B_Decks\Non-Cracked\7014-17.jpg,7014-17.jpg,Decks,Non-Cracked,Decks_Non-Cracked,very_dark,val
C:\Users\ikerd\Desktop\Vision  Project\Crack-Identification---Group-A\Training_Pool_B_Decks\Non-Cracked\7030-162.jpg,7030-162.jpg,Decks,Non-Cracked,Decks_Non-Cracked,noncracked_high_edges,val
C:\Users\ikerd\Desktop\Vision  Project\Crack-Identification---Group-A\Training_Pool_B_Decks\Non-Cracked\7029-17.jpg,7029-17.jpg,Decks,Non-Cracked,Decks_Non-Cracked,noncracked_high_edges,val
C:\Users\ikerd\Desktop\Vision  Project\Crack-Identification---Group-A\Training_Pool_B_Decks\Non-Cracked\7022-132.jpg,7022-132.jpg,Decks,Non-Cracked,Decks_Non-Cracked,very_bright,val
C:\Users\ikerd\Desktop\Vision  Project\Crack-Identification---Group-A\Training_Pool_B_Decks\Non-Cracked\7021-79.jpg,7021-79.jpg,Decks,Non-Cracked,Decks_Non-Cracked,noncracked_high_edges,val
C:\Users\ikerd\Desktop\Vision  Project\Crack-Identification---Group-A\Training_Pool_A_Walls\Non-Cracked\7127-10.jpg,7127-10.jpg,Walls,Non-Cracked,Walls_Non-Cracked,noncracked_high_edges,val
C:\Users\ikerd\Desktop\Vision  Project\Crack-Identification---Group-A\Training_Pool_B_Decks\Non-Cracked\7046-82.jpg,7046-82.jpg,Decks,Non-Cracked,Decks_Non-Cracked,noncracked_high_edges,val
C:\Users\ikerd\Desktop\Vision  Project\Crack-Identification---Group-A\Training_Pool_B_Decks\Non-Cracked\7054-172.jpg,7054-172.jpg,Decks,Non-Cracked,Decks_Non-Cracked,noncracked_high_edges,val
C:\Users\ikerd\Desktop\Vision  Project\Crack-Identification---Group-A\Training_Pool_A_Walls\Non-Cracked\7125-42.jpg,7125-42.jpg,Walls,Non-Cracked,Walls_Non-Cracked,noncracked_high_edges,val
C:\Users\ikerd\Desktop\Vision  Project\Crack-Identification---Group-A\Training_Pool_A_Walls\Non-Cracked\7126-118.jpg,7126-118.jpg,Walls,Non-Cracked,Walls_Non-Cracked,noncracked_high_edges,val
C:\Users\ikerd\Desktop\Vision  Project\Crack-Identification---Group-A\Training_Pool_A_Walls\Non-Cracked\7102-118.jpg,7102-118.jpg,Walls,Non-Cracked,Walls_Non-Cracked,noncracked_high_edges,val
C:\Users\ikerd\Desktop\Vision  Project\Crack-Identification---Group-A\Training_Pool_B_Decks\Non-Cracked\7016-109.jpg,7016-109.jpg,Decks,Non-Cracked,Decks_Non-Cracked,very_dark,val
C:\Users\ikerd\Desktop\Vision  Project\Crack-Identification---Group-A\Training_Pool_A_Walls\Non-Cracked\7116-114.jpg,7116-114.jpg,Walls,Non-Cracked,Walls_Non-Cracked,noncracked_high_edges,val
C:\Users\ikerd\Desktop\Vision  Project\Crack-Identification---Group-A\Training_Pool_B_Decks\Non-Cracked\7045-227.jpg,7045-227.jpg,Decks,Non-Cracked,Decks_Non-Cracked,noncracked_high_edges,val
C:\Users\ikerd\Desktop\Vision  Project\Crack-Identification---Group-A\Training_Pool_B_Decks\Non-Cracked\7033-11.jpg,7033-11.jpg,Decks,Non-Cracked,Decks_Non-Cracked,very_bright,val
C:\Users\ikerd\Desktop\Vision  Project\Crack-Identification---Group-A\Training_Pool_B_Decks\Non-Cracked\7049-157.jpg,7049-157.jpg,Decks,Non-Cracked,Decks_Non-Cracked,very_bright,val
C:\Users\ikerd\Desktop\Vision  Project\Crack-Identification---Group-A\Training_Pool_B_Decks\Non-Cracked\7054-83.jpg,7054-83.jpg,Decks,Non-Cracked,Decks_Non-Cracked,noncracked_high_edges,val
C:\Users\ikerd\Desktop\Vision  Project\Crack-Identification---Group-A\Training_Pool_B_Decks\Non-Cracked\7039-251.jpg,7039-251.jpg,Decks,Non-Cracked,Decks_Non-Cracked,"noncracked_high_edges, very_dark",val
C:\Users\ikerd\Desktop\Vision  Project\Crack-Identification---Group-A\Training_Pool_A_Walls\Non-Cracked\7119-32.jpg,7119-32.jpg,Walls,Non-Cracked,Walls_Non-Cracked,noncracked_high_edges,val
C:\Users\ikerd\Desktop\Vision  Project\Crack-Identification---Group-A\Training_Pool_B_Decks\Non-Cracked\7032-97.jpg,7032-97.jpg,Decks,Non-Cracked,Decks_Non-Cracked,very_bright,val
C:\Users\ikerd\Desktop\Vision  Project\Crack-Identification---Group-A\Training_Pool_B_Decks\Non-Cracked\7036-115.jpg,7036-115.jpg,Decks,Non-Cracked,Decks_Non-Cracked,noncracked_high_edges,val
C:\Users\ikerd\Desktop\Vision  Project\Crack-Identification---Group-A\Training_Pool_B_Decks\Non-Cracked\7008-162.jpg,7008-162.jpg,Decks,Non-Cracked,Decks_Non-Cracked,noncracked_high_edges,val
C:\Users\ikerd\Desktop\Vision  Project\Crack-Identification---Group-A\Training_Pool_B_Decks\Non-Cracked\7034-136.jpg,7034-136.jpg,Decks,Non-Cracked,Decks_Non-Cracked,very_bright,val
C:\Users\ikerd\Desktop\Vision  Project\Crack-Identification---Group-A\Training_Pool_B_Decks\Non-Cracked\7053-72.jpg,7053-72.jpg,Decks,Non-Cracked,Decks_Non-Cracked,"noncracked_high_edges, very_dark",val
C:\Users\ikerd\Desktop\Vision  Project\Crack-Identification---Group-A\Training_Pool_A_Walls\Non-Cracked\7139-170.jpg,7139-170.jpg,Walls,Non-Cracked,Walls_Non-Cracked,noncracked_high_edges,val
C:\Users\ikerd\Desktop\Vision  Project\Crack-Identification---Group-A\Training_Pool_A_Walls\Non-Cracked\7139-149.jpg,7139-149.jpg,Walls,Non-Cracked,Walls_Non-Cracked,noncracked_high_edges,val
C:\Users\ikerd\Desktop\Vision  Project\Crack-Identification---Group-A\Training_Pool_B_Decks\Non-Cracked\7016-182.jpg,7016-182.jpg,Decks,Non-Cracked,Decks_Non-Cracked,very_dark,val
C:\Users\ikerd\Desktop\Vision  Project\Crack-Identification---Group-A\Training_Pool_B_Decks\Non-Cracked\7054-104.jpg,7054-104.jpg,Decks,Non-Cracked,Decks_Non-Cracked,noncracked_high_edges,val
C:\Users\ikerd\Desktop\Vision  Project\Crack-Identification---Group-A\Training_Pool_B_Decks\Non-Cracked\7033-2.jpg,7033-2.jpg,Decks,Non-Cracked,Decks_Non-Cracked,very_bright,val
C:\Users\ikerd\Desktop\Vision  Project\Crack-Identification---Group-A\Training_Pool_B_Decks\Non-Cracked\7053-173.jpg,7053-173.jpg,Decks,Non-Cracked,Decks_Non-Cracked,noncracked_high_edges,val
C:\Users\ikerd\Desktop\Vision  Project\Crack-Identification---Group-A\Training_Pool_A_Walls\Non-Cracked\7101-79.jpg,7101-79.jpg,Walls,Non-Cracked,Walls_Non-Cracked,noncracked_high_edges,val
C:\Users\ikerd\Desktop\Vision  Project\Crack-Identification---Group-A\Training_Pool_B_Decks\Non-Cracked\7057-13.jpg,7057-13.jpg,Decks,Non-Cracked,Decks_Non-Cracked,"noncracked_high_edges, very_dark",val
C:\Users\ikerd\Desktop\Vision  Project\Crack-Identification---Group-A\Training_Pool_B_Decks\Non-Cracked\7049-154.jpg,7049-154.jpg,Decks,Non-Cracked,Decks_Non-Cracked,noncracked_high_edges,val
C:\Users\ikerd\Desktop\Vision  Project\Crack-Identification---Group-A\Training_Pool_B_Decks\Non-Cracked\7035-57.jpg,7035-57.jpg,Decks,Non-Cracked,Decks_Non-Cracked,very_bright,val
C:\Users\ikerd\Desktop\Vision  Project\Crack-Identification---Group-A\Training_Pool_B_Decks\Non-Cracked\7032-43.jpg,7032-43.jpg,Decks,Non-Cracked,Decks_Non-Cracked,very_bright,val
C:\Users\ikerd\Desktop\Vision  Project\Crack-Identification---Group-A\Training_Pool_B_Decks\Non-Cracked\7034-72.jpg,7034-72.jpg,Decks,Non-Cracked,Decks_Non-Cracked,noncracked_high_edges,val
C:\Users\ikerd\Desktop\Vision  Project\Crack-Identification---Group-A\Training_Pool_B_Decks\Non-Cracked\7030-154.jpg,7030-154.jpg,Decks,Non-Cracked,Decks_Non-Cracked,very_bright,val
C:\Users\ikerd\Desktop\Vision  Project\Crack-Identification---Group-A\Training_Pool_B_Decks\Non-Cracked\7053-143.jpg,7053-143.jpg,Decks,Non-Cracked,Decks_Non-Cracked,noncracked_high_edges,val
C:\Users\ikerd\Desktop\Vision  Project\Crack-Identification---Group-A\Training_Pool_A_Walls\Non-Cracked\7113-156.jpg,7113-156.jpg,Walls,Non-Cracked,Walls_Non-Cracked,noncracked_high_edges,val
C:\Users\ikerd\Desktop\Vision  Project\Crack-Identification---Group-A\Training_Pool_B_Decks\Non-Cracked\7025-251.jpg,7025-251.jpg,Decks,Non-Cracked,Decks_Non-Cracked,noncracked_high_edges,val
C:\Users\ikerd\Desktop\Vision  Project\Crack-Identification---Group-A\Training_Pool_B_Decks\Non-Cracked\7051-135.jpg,7051-135.jpg,Decks,Non-Cracked,Decks_Non-Cracked,noncracked_high_edges,val
C:\Users\ikerd\Desktop\Vision  Project\Crack-Identification---Group-A\Training_Pool_B_Decks\Non-Cracked\7039-13.jpg,7039-13.jpg,Decks,Non-Cracked,Decks_Non-Cracked,noncracked_high_edges,val
C:\Users\ikerd\Desktop\Vision  Project\Crack-Identification---Group-A\Training_Pool_A_Walls\Non-Cracked\7100-85.jpg,7100-85.jpg,Walls,Non-Cracked,Walls_Non-Cracked,noncracked_high_edges,val
C:\Users\ikerd\Desktop\Vision  Project\Crack-Identification---Group-A\Training_Pool_B_Decks\Non-Cracked\7016-91.jpg,7016-91.jpg,Decks,Non-Cracked,Decks_Non-Cracked,very_dark,val
C:\Users\ikerd\Desktop\Vision  Project\Crack-Identification---Group-A\Training_Pool_B_Decks\Non-Cracked\7044-82.jpg,7044-82.jpg,Decks,Non-Cracked,Decks_Non-Cracked,noncracked_high_edges,val
C:\Users\ikerd\Desktop\Vision  Project\Crack-Identification---Group-A\Training_Pool_A_Walls\Non-Cracked\7119-46.jpg,7119-46.jpg,Walls,Non-Cracked,Walls_Non-Cracked,noncracked_high_edges,val
C:\Users\ikerd\Desktop\Vision  Project\Crack-Identification---Group-A\Training_Pool_B_Decks\Non-Cracked\7049-208.jpg,7049-208.jpg,Decks,Non-Cracked,Decks_Non-Cracked,noncracked_high_edges,val
C:\Users\ikerd\Desktop\Vision  Project\Crack-Identification---Group-A\Training_Pool_B_Decks\Non-Cracked\7051-83.jpg,7051-83.jpg,Decks,Non-Cracked,Decks_Non-Cracked,noncracked_high_edges,val
C:\Users\ikerd\Desktop\Vision  Project\Crack-Identification---Group-A\Training_Pool_A_Walls\Non-Cracked\7119-134.jpg,7119-134.jpg,Walls,Non-Cracked,Walls_Non-Cracked,noncracked_high_edges,val
C:\Users\ikerd\Desktop\Vision  Project\Crack-Identification---Group-A\Training_Pool_B_Decks\Non-Cracked\7035-135.jpg,7035-135.jpg,Decks,Non-Cracked,Decks_Non-Cracked,"noncracked_high_edges, very_bright",val
C:\Users\ikerd\Desktop\Vision  Project\Crack-Identification---Group-A\Training_Pool_A_Walls\Non-Cracked\7101-45.jpg,7101-45.jpg,Walls,Non-Cracked,Walls_Non-Cracked,noncracked_high_edges,val
C:\Users\ikerd\Desktop\Vision  Project\Crack-Identification---Group-A\Training_Pool_A_Walls\Non-Cracked\7116-102.jpg,7116-102.jpg,Walls,Non-Cracked,Walls_Non-Cracked,noncracked_high_edges,val
C:\Users\ikerd\Desktop\Vision  Project\Crack-Identification---Group-A\Training_Pool_A_Walls\Non-Cracked\7070-64.jpg,7070-64.jpg,Walls,Non-Cracked,Walls_Non-Cracked,very_bright,val
C:\Users\ikerd\Desktop\Vision  Project\Crack-Identification---Group-A\Training_Pool_A_Walls\Non-Cracked\7116-42.jpg,7116-42.jpg,Walls,Non-Cracked,Walls_Non-Cracked,noncracked_high_edges,val
C:\Users\ikerd\Desktop\Vision  Project\Crack-Identification---Group-A\Training_Pool_B_Decks\Cracked\7054-80.jpg,7054-80.jpg,Decks,Cracked,Decks_Cracked,very_bright,val
C:\Users\ikerd\Desktop\Vision  Project\Crack-Identification---Group-A\Training_Pool_B_Decks\Non-Cracked\7023-111.jpg,7023-111.jpg,Decks,Non-Cracked,Decks_Non-Cracked,very_bright,val
C:\Users\ikerd\Desktop\Vision  Project\Crack-Identification---Group-A\Training_Pool_A_Walls\Non-Cracked\7114-64.jpg,7114-64.jpg,Walls,Non-Cracked,Walls_Non-Cracked,noncracked_high_edges,val
C:\Users\ikerd\Desktop\Vision  Project\Crack-Identification---Group-A\Training_Pool_B_Decks\Non-Cracked\7054-159.jpg,7054-159.jpg,Decks,Non-Cracked,Decks_Non-Cracked,noncracked_high_edges,val
C:\Users\ikerd\Desktop\Vision  Project\Crack-Identification---Group-A\Training_Pool_B_Decks\Non-Cracked\7018-247.jpg,7018-247.jpg,Decks,Non-Cracked,Decks_Non-Cracked,very_bright,val
C:\Users\ikerd\Desktop\Vision  Project\Crack-Identification---Group-A\Training_Pool_A_Walls\Non-Cracked\7101-118.jpg,7101-118.jpg,Walls,Non-Cracked,Walls_Non-Cracked,noncracked_high_edges,val
C:\Users\ikerd\Desktop\Vision  Project\Crack-Identification---Group-A\Training_Pool_A_Walls\Non-Cracked\7095-116.jpg,7095-116.jpg,Walls,Non-Cracked,Walls_Non-Cracked,noncracked_high_edges,val
C:\Users\ikerd\Desktop\Vision  Project\Crack-Identification---Group-A\Training_Pool_A_Walls\Non-Cracked\7113-157.jpg,7113-157.jpg,Walls,Non-Cracked,Walls_Non-Cracked,noncracked_high_edges,val
C:\Users\ikerd\Desktop\Vision  Project\Crack-Identification---Group-A\Training_Pool_B_Decks\Non-Cracked\7052-237.jpg,7052-237.jpg,Decks,Non-Cracked,Decks_Non-Cracked,very_dark,val
C:\Users\ikerd\Desktop\Vision  Project\Crack-Identification---Group-A\Training_Pool_A_Walls\Non-Cracked\7138-129.jpg,7138-129.jpg,Walls,Non-Cracked,Walls_Non-Cracked,noncracked_high_edges,val
C:\Users\ikerd\Desktop\Vision  Project\Crack-Identification---Group-A\Training_Pool_B_Decks\Non-Cracked\7054-23.jpg,7054-23.jpg,Decks,Non-Cracked,Decks_Non-Cracked,very_bright,val
C:\Users\ikerd\Desktop\Vision  Project\Crack-Identification---Group-A\Training_Pool_B_Decks\Non-Cracked\7049-173.jpg,7049-173.jpg,Decks,Non-Cracked,Decks_Non-Cracked,noncracked_high_edges,val
C:\Users\ikerd\Desktop\Vision  Project\Crack-Identification---Group-A\Training_Pool_B_Decks\Non-Cracked\7016-37.jpg,7016-37.jpg,Decks,Non-Cracked,Decks_Non-Cracked,very_dark,val
C:\Users\ikerd\Desktop\Vision  Project\Crack-Identification---Group-A\Training_Pool_B_Decks\Non-Cracked\7052-155.jpg,7052-155.jpg,Decks,Non-Cracked,Decks_Non-Cracked,noncracked_high_edges,val
C:\Users\ikerd\Desktop\Vision  Project\Crack-Identification---Group-A\Training_Pool_B_Decks\Non-Cracked\7014-183.jpg,7014-183.jpg,Decks,Non-Cracked,Decks_Non-Cracked,very_bright,val
C:\Users\ikerd\Desktop\Vision  Project\Crack-Identification---Group-A\Training_Pool_A_Walls\Non-Cracked\7135-83.jpg,7135-83.jpg,Walls,Non-Cracked,Walls_Non-Cracked,noncracked_high_edges,val
C:\Users\ikerd\Desktop\Vision  Project\Crack-Identification---Group-A\Training_Pool_B_Decks\Non-Cracked\7014-23.jpg,7014-23.jpg,Decks,Non-Cracked,Decks_Non-Cracked,very_dark,val
C:\Users\ikerd\Desktop\Vision  Project\Crack-Identification---Group-A\Training_Pool_A_Walls\Non-Cracked\7116-134.jpg,7116-134.jpg,Walls,Non-Cracked,Walls_Non-Cracked,noncracked_high_edges,val
C:\Users\ikerd\Desktop\Vision  Project\Crack-Identification---Group-A\Training_Pool_B_Decks\Non-Cracked\7023-40.jpg,7023-40.jpg,Decks,Non-Cracked,Decks_Non-Cracked,very_bright,val
C:\Users\ikerd\Desktop\Vision  Project\Crack-Identification---Group-A\Training_Pool_B_Decks\Non-Cracked\7025-252.jpg,7025-252.jpg,Decks,Non-Cracked,Decks_Non-Cracked,"noncracked_high_edges, very_dark",val
C:\Users\ikerd\Desktop\Vision  Project\Crack-Identification---Group-A\Training_Pool_B_Decks\Non-Cracked\7046-90.jpg,7046-90.jpg,Decks,Non-Cracked,Decks_Non-Cracked,noncracked_high_edges,val
C:\Users\ikerd\Desktop\Vision  Project\Crack-Identification---Group-A\Training_Pool_B_Decks\Non-Cracked\7052-64.jpg,7052-64.jpg,Decks,Non-Cracked,Decks_Non-Cracked,noncracked_high_edges,val
C:\Users\ikerd\Desktop\Vision  Project\Crack-Identification---Group-A\Training_Pool_A_Walls\Non-Cracked\7116-104.jpg,7116-104.jpg,Walls,Non-Cracked,Walls_Non-Cracked,noncracked_high_edges,val
C:\Users\ikerd\Desktop\Vision  Project\Crack-Identification---Group-A\Training_Pool_A_Walls\Non-Cracked\7126-132.jpg,7126-132.jpg,Walls,Non-Cracked,Walls_Non-Cracked,noncracked_high_edges,val
C:\Users\ikerd\Desktop\Vision  Project\Crack-Identification---Group-A\Training_Pool_B_Decks\Non-Cracked\7017-152.jpg,7017-152.jpg,Decks,Non-Cracked,Decks_Non-Cracked,noncracked_high_edges,val
C:\Users\ikerd\Desktop\Vision  Project\Crack-Identification---Group-A\Training_Pool_B_Decks\Non-Cracked\7046-189.jpg,7046-189.jpg,Decks,Non-Cracked,Decks_Non-Cracked,noncracked_high_edges,val
C:\Users\ikerd\Desktop\Vision  Project\Crack-Identification---Group-A\Training_Pool_B_Decks\Non-Cracked\7016-14.jpg,7016-14.jpg,Decks,Non-Cracked,Decks_Non-Cracked,very_dark,val
C:\Users\ikerd\Desktop\Vision  Project\Crack-Identification---Group-A\Training_Pool_A_Walls\Non-Cracked\7116-46.jpg,7116-46.jpg,Walls,Non-Cracked,Walls_Non-Cracked,noncracked_high_edges,val
C:\Users\ikerd\Desktop\Vision  Project\Crack-Identification---Group-A\Training_Pool_B_Decks\Non-Cracked\7034-82.jpg,7034-82.jpg,Decks,Non-Cracked,Decks_Non-Cracked,very_bright,val
C:\Users\ikerd\Desktop\Vision  Project\Crack-Identification---Group-A\Training_Pool_A_Walls\Non-Cracked\7126-173.jpg,7126-173.jpg,Walls,Non-Cracked,Walls_Non-Cracked,noncracked_high_edges,val
C:\Users\ikerd\Desktop\Vision  Project\Crack-Identification---Group-A\Training_Pool_B_Decks\Non-Cracked\7034-154.jpg,7034-154.jpg,Decks,Non-Cracked,Decks_Non-Cracked,noncracked_high_edges,val
C:\Users\ikerd\Desktop\Vision  Project\Crack-Identification---Group-A\Training_Pool_B_Decks\Non-Cracked\7032-112.jpg,7032-112.jpg,Decks,Non-Cracked,Decks_Non-Cracked,very_bright,val
C:\Users\ikerd\Desktop\Vision  Project\Crack-Identification---Group-A\Training_Pool_A_Walls\Non-Cracked\7106-173.jpg,7106-173.jpg,Walls,Non-Cracked,Walls_Non-Cracked,noncracked_high_edges,val
C:\Users\ikerd\Desktop\Vision  Project\Crack-Identification---Group-A\Training_Pool_A_Walls\Non-Cracked\7121-26.jpg,7121-26.jpg,Walls,Non-Cracked,Walls_Non-Cracked,noncracked_high_edges,val
C:\Users\ikerd\Desktop\Vision  Project\Crack-Identification---Group-A\Training_Pool_A_Walls\Non-Cracked\7119-129.jpg,7119-129.jpg,Walls,Non-Cracked,Walls_Non-Cracked,noncracked_high_edges,val
C:\Users\ikerd\Desktop\Vision  Project\Crack-Identification---Group-A\Training_Pool_B_Decks\Non-Cracked\7045-226.jpg,7045-226.jpg,Decks,Non-Cracked,Decks_Non-Cracked,noncracked_high_edges,val
C:\Users\ikerd\Desktop\Vision  Project\Crack-Identification---Group-A\Training_Pool_B_Decks\Non-Cracked\7033-1.jpg,7033-1.jpg,Decks,Non-Cracked,Decks_Non-Cracked,very_bright,val
C:\Users\ikerd\Desktop\Vision  Project\Crack-Identification---Group-A\Training_Pool_B_Decks\Non-Cracked\7054-95.jpg,7054-95.jpg,Decks,Non-Cracked,Decks_Non-Cracked,very_bright,test
C:\Users\ikerd\Desktop\Vision  Project\Crack-Identification---Group-A\Training_Pool_B_Decks\Non-Cracked\7023-75.jpg,7023-75.jpg,Decks,Non-Cracked,Decks_Non-Cracked,very_bright,test
C:\Users\ikerd\Desktop\Vision  Project\Crack-Identification---Group-A\Training_Pool_A_Walls\Non-Cracked\7136-117.jpg,7136-117.jpg,Walls,Non-Cracked,Walls_Non-Cracked,noncracked_high_edges,test
C:\Users\ikerd\Desktop\Vision  Project\Crack-Identification---Group-A\Training_Pool_A_Walls\Non-Cracked\7116-28.jpg,7116-28.jpg,Walls,Non-Cracked,Walls_Non-Cracked,noncracked_high_edges,test
C:\Users\ikerd\Desktop\Vision  Project\Crack-Identification---Group-A\Training_Pool_B_Decks\Non-Cracked\7049-66.jpg,7049-66.jpg,Decks,Non-Cracked,Decks_Non-Cracked,noncracked_high_edges,test
C:\Users\ikerd\Desktop\Vision  Project\Crack-Identification---Group-A\Training_Pool_B_Decks\Non-Cracked\7030-234.jpg,7030-234.jpg,Decks,Non-Cracked,Decks_Non-Cracked,noncracked_high_edges,test
C:\Users\ikerd\Desktop\Vision  Project\Crack-Identification---Group-A\Training_Pool_B_Decks\Non-Cracked\7052-46.jpg,7052-46.jpg,Decks,Non-Cracked,Decks_Non-Cracked,noncracked_high_edges,test
C:\Users\ikerd\Desktop\Vision  Project\Crack-Identification---Group-A\Training_Pool_A_Walls\Non-Cracked\7094-66.jpg,7094-66.jpg,Walls,Non-Cracked,Walls_Non-Cracked,noncracked_high_edges,test
C:\Users\ikerd\Desktop\Vision  Project\Crack-Identification---Group-A\Training_Pool_B_Decks\Non-Cracked\7030-243.jpg,7030-243.jpg,Decks,Non-Cracked,Decks_Non-Cracked,"noncracked_high_edges, very_dark",test
C:\Users\ikerd\Desktop\Vision  Project\Crack-Identification---Group-A\Training_Pool_B_Decks\Non-Cracked\7032-26.jpg,7032-26.jpg,Decks,Non-Cracked,Decks_Non-Cracked,very_bright,test
C:\Users\ikerd\Desktop\Vision  Project\Crack-Identification---Group-A\Training_Pool_A_Walls\Non-Cracked\7116-79.jpg,7116-79.jpg,Walls,Non-Cracked,Walls_Non-Cracked,noncracked_high_edges,test
C:\Users\ikerd\Desktop\Vision  Project\Crack-Identification---Group-A\Training_Pool_A_Walls\Non-Cracked\7114-103.jpg,7114-103.jpg,Walls,Non-Cracked,Walls_Non-Cracked,noncracked_high_edges,test
C:\Users\ikerd\Desktop\Vision  Project\Crack-Identification---Group-A\Training_Pool_B_Decks\Non-Cracked\7016-236.jpg,7016-236.jpg,Decks,Non-Cracked,Decks_Non-Cracked,very_dark,test
C:\Users\ikerd\Desktop\Vision  Project\Crack-Identification---Group-A\Training_Pool_B_Decks\Non-Cracked\7025-161.jpg,7025-161.jpg,Decks,Non-Cracked,Decks_Non-Cracked,noncracked_high_edges,test
C:\Users\ikerd\Desktop\Vision  Project\Crack-Identification---Group-A\Training_Pool_B_Decks\Cracked\7020-8.jpg,7020-8.jpg,Decks,Cracked,Decks_Cracked,very_bright,test
C:\Users\ikerd\Desktop\Vision  Project\Crack-Identification---Group-A\Training_Pool_B_Decks\Non-Cracked\7038-226.jpg,7038-226.jpg,Decks,Non-Cracked,Decks_Non-Cracked,noncracked_high_edges,test
C:\Users\ikerd\Desktop\Vision  Project\Crack-Identification---Group-A\Training_Pool_A_Walls\Non-Cracked\7138-65.jpg,7138-65.jpg,Walls,Non-Cracked,Walls_Non-Cracked,noncracked_high_edges,test
C:\Users\ikerd\Desktop\Vision  Project\Crack-Identification---Group-A\Training_Pool_B_Decks\Cracked\7020-27.jpg,7020-27.jpg,Decks,Cracked,Decks_Cracked,very_bright,test
C:\Users\ikerd\Desktop\Vision  Project\Crack-Identification---Group-A\Training_Pool_B_Decks\Non-Cracked\7053-97.jpg,7053-97.jpg,Decks,Non-Cracked,Decks_Non-Cracked,noncracked_high_edges,test
C:\Users\ikerd\Desktop\Vision  Project\Crack-Identification---Group-A\Training_Pool_B_Decks\Non-Cracked\7039-32.jpg,7039-32.jpg,Decks,Non-Cracked,Decks_Non-Cracked,noncracked_high_edges,test
C:\Users\ikerd\Desktop\Vision  Project\Crack-Identification---Group-A\Training_Pool_A_Walls\Non-Cracked\7119-28.jpg,7119-28.jpg,Walls,Non-Cracked,Walls_Non-Cracked,noncracked_high_edges,test
C:\Users\ikerd\Desktop\Vision  Project\Crack-Identification---Group-A\Training_Pool_A_Walls\Non-Cracked\7101-194.jpg,7101-194.jpg,Walls,Non-Cracked,Walls_Non-Cracked,noncracked_high_edges,test
C:\Users\ikerd\Desktop\Vision  Project\Crack-Identification---Group-A\Training_Pool_B_Decks\Non-Cracked\7029-189.jpg,7029-189.jpg,Decks,Non-Cracked,Decks_Non-Cracked,noncracked_high_edges,test
C:\Users\ikerd\Desktop\Vision  Project\Crack-Identification---Group-A\Training_Pool_A_Walls\Non-Cracked\7132-170.jpg,7132-170.jpg,Walls,Non-Cracked,Walls_Non-Cracked,noncracked_high_edges,test
C:\Users\ikerd\Desktop\Vision  Project\Crack-Identification---Group-A\Training_Pool_B_Decks\Non-Cracked\7015-10.jpg,7015-10.jpg,Decks,Non-Cracked,Decks_Non-Cracked,very_dark,test
C:\Users\ikerd\Desktop\Vision  Project\Crack-Identification---Group-A\Training_Pool_B_Decks\Non-Cracked\7054-33.jpg,7054-33.jpg,Decks,Non-Cracked,Decks_Non-Cracked,noncracked_high_edges,test
C:\Users\ikerd\Desktop\Vision  Project\Crack-Identification---Group-A\Training_Pool_A_Walls\Non-Cracked\7138-12.jpg,7138-12.jpg,Walls,Non-Cracked,Walls_Non-Cracked,noncracked_high_edges,test
C:\Users\ikerd\Desktop\Vision  Project\Crack-Identification---Group-A\Training_Pool_B_Decks\Non-Cracked\7054-158.jpg,7054-158.jpg,Decks,Non-Cracked,Decks_Non-Cracked,noncracked_high_edges,test
C:\Users\ikerd\Desktop\Vision  Project\Crack-Identification---Group-A\Training_Pool_B_Decks\Non-Cracked\7045-134.jpg,7045-134.jpg,Decks,Non-Cracked,Decks_Non-Cracked,noncracked_high_edges,test
C:\Users\ikerd\Desktop\Vision  Project\Crack-Identification---Group-A\Training_Pool_A_Walls\Non-Cracked\7126-119.jpg,7126-119.jpg,Walls,Non-Cracked,Walls_Non-Cracked,noncracked_high_edges,test
C:\Users\ikerd\Desktop\Vision  Project\Crack-Identification---Group-A\Training_Pool_A_Walls\Non-Cracked\7100-155.jpg,7100-155.jpg,Walls,Non-Cracked,Walls_Non-Cracked,noncracked_high_edges,test
C:\Users\ikerd\Desktop\Vision  Project\Crack-Identification---Group-A\Training_Pool_A_Walls\Non-Cracked\7135-153.jpg,7135-153.jpg,Walls,Non-Cracked,Walls_Non-Cracked,noncracked_high_edges,test
C:\Users\ikerd\Desktop\Vision  Project\Crack-Identification---Group-A\Training_Pool_B_Decks\Non-Cracked\7025-167.jpg,7025-167.jpg,Decks,Non-Cracked,Decks_Non-Cracked,very_bright,test
C:\Users\ikerd\Desktop\Vision  Project\Crack-Identification---Group-A\Training_Pool_B_Decks\Non-Cracked\7050-97.jpg,7050-97.jpg,Decks,Non-Cracked,Decks_Non-Cracked,noncracked_high_edges,test
C:\Users\ikerd\Desktop\Vision  Project\Crack-Identification---Group-A\Training_Pool_B_Decks\Non-Cracked\7029-14.jpg,7029-14.jpg,Decks,Non-Cracked,Decks_Non-Cracked,very_dark,test
C:\Users\ikerd\Desktop\Vision  Project\Crack-Identification---Group-A\Training_Pool_B_Decks\Non-Cracked\7013-216.jpg,7013-216.jpg,Decks,Non-Cracked,Decks_Non-Cracked,noncracked_high_edges,test
C:\Users\ikerd\Desktop\Vision  Project\Crack-Identification---Group-A\Training_Pool_B_Decks\Non-Cracked\7052-99.jpg,7052-99.jpg,Decks,Non-Cracked,Decks_Non-Cracked,noncracked_high_edges,test
C:\Users\ikerd\Desktop\Vision  Project\Crack-Identification---Group-A\Training_Pool_B_Decks\Non-Cracked\7018-175.jpg,7018-175.jpg,Decks,Non-Cracked,Decks_Non-Cracked,very_bright,test
C:\Users\ikerd\Desktop\Vision  Project\Crack-Identification---Group-A\Training_Pool_B_Decks\Non-Cracked\7028-210.jpg,7028-210.jpg,Decks,Non-Cracked,Decks_Non-Cracked,noncracked_high_edges,test
C:\Users\ikerd\Desktop\Vision  Project\Crack-Identification---Group-A\Training_Pool_B_Decks\Non-Cracked\7031-240.jpg,7031-240.jpg,Decks,Non-Cracked,Decks_Non-Cracked,noncracked_high_edges,test
C:\Users\ikerd\Desktop\Vision  Project\Crack-Identification---Group-A\Training_Pool_B_Decks\Non-Cracked\7018-51.jpg,7018-51.jpg,Decks,Non-Cracked,Decks_Non-Cracked,very_bright,test
C:\Users\ikerd\Desktop\Vision  Project\Crack-Identification---Group-A\Training_Pool_A_Walls\Non-Cracked\7080-99.jpg,7080-99.jpg,Walls,Non-Cracked,Walls_Non-Cracked,noncracked_high_edges,test
C:\Users\ikerd\Desktop\Vision  Project\Crack-Identification---Group-A\Training_Pool_B_Decks\Non-Cracked\7053-49.jpg,7053-49.jpg,Decks,Non-Cracked,Decks_Non-Cracked,noncracked_high_edges,test
C:\Users\ikerd\Desktop\Vision  Project\Crack-Identification---Group-A\Training_Pool_B_Decks\Non-Cracked\7054-41.jpg,7054-41.jpg,Decks,Non-Cracked,Decks_Non-Cracked,very_bright,test
C:\Users\ikerd\Desktop\Vision  Project\Crack-Identification---Group-A\Training_Pool_B_Decks\Non-Cracked\7023-56.jpg,7023-56.jpg,Decks,Non-Cracked,Decks_Non-Cracked,very_bright,test
C:\Users\ikerd\Desktop\Vision  Project\Crack-Identification---Group-A\Training_Pool_A_Walls\Non-Cracked\7114-83.jpg,7114-83.jpg,Walls,Non-Cracked,Walls_Non-Cracked,noncracked_high_edges,test
C:\Users\ikerd\Desktop\Vision  Project\Crack-Identification---Group-A\Training_Pool_A_Walls\Non-Cracked\7118-211.jpg,7118-211.jpg,Walls,Non-Cracked,Walls_Non-Cracked,noncracked_high_edges,test
C:\Users\ikerd\Desktop\Vision  Project\Crack-Identification---Group-A\Training_Pool_A_Walls\Non-Cracked\7114-69.jpg,7114-69.jpg,Walls,Non-Cracked,Walls_Non-Cracked,noncracked_high_edges,test
C:\Users\ikerd\Desktop\Vision  Project\Crack-Identification---Group-A\Training_Pool_B_Decks\Non-Cracked\7052-49.jpg,7052-49.jpg,Decks,Non-Cracked,Decks_Non-Cracked,noncracked_high_edges,test
C:\Users\ikerd\Desktop\Vision  Project\Crack-Identification---Group-A\Training_Pool_A_Walls\Non-Cracked\7098-51.jpg,7098-51.jpg,Walls,Non-Cracked,Walls_Non-Cracked,noncracked_high_edges,test
C:\Users\ikerd\Desktop\Vision  Project\Crack-Identification---Group-A\Training_Pool_A_Walls\Non-Cracked\7101-28.jpg,7101-28.jpg,Walls,Non-Cracked,Walls_Non-Cracked,noncracked_high_edges,test
C:\Users\ikerd\Desktop\Vision  Project\Crack-Identification---Group-A\Training_Pool_B_Decks\Non-Cracked\7031-235.jpg,7031-235.jpg,Decks,Non-Cracked,Decks_Non-Cracked,noncracked_high_edges,test
C:\Users\ikerd\Desktop\Vision  Project\Crack-Identification---Group-A\Training_Pool_B_Decks\Non-Cracked\7015-4.jpg,7015-4.jpg,Decks,Non-Cracked,Decks_Non-Cracked,very_dark,test
C:\Users\ikerd\Desktop\Vision  Project\Crack-Identification---Group-A\Training_Pool_B_Decks\Non-Cracked\7023-110.jpg,7023-110.jpg,Decks,Non-Cracked,Decks_Non-Cracked,very_bright,test
C:\Users\ikerd\Desktop\Vision  Project\Crack-Identification---Group-A\Training_Pool_A_Walls\Non-Cracked\7135-155.jpg,7135-155.jpg,Walls,Non-Cracked,Walls_Non-Cracked,noncracked_high_edges,test
C:\Users\ikerd\Desktop\Vision  Project\Crack-Identification---Group-A\Training_Pool_B_Decks\Non-Cracked\7037-214.jpg,7037-214.jpg,Decks,Non-Cracked,Decks_Non-Cracked,noncracked_high_edges,test
C:\Users\ikerd\Desktop\Vision  Project\Crack-Identification---Group-A\Training_Pool_B_Decks\Non-Cracked\7013-234.jpg,7013-234.jpg,Decks,Non-Cracked,Decks_Non-Cracked,noncracked_high_edges,test
C:\Users\ikerd\Desktop\Vision  Project\Crack-Identification---Group-A\Training_Pool_B_Decks\Non-Cracked\7015-13.jpg,7015-13.jpg,Decks,Non-Cracked,Decks_Non-Cracked,very_dark,test
C:\Users\ikerd\Desktop\Vision  Project\Crack-Identification---Group-A\Training_Pool_B_Decks\Non-Cracked\7047-89.jpg,7047-89.jpg,Decks,Non-Cracked,Decks_Non-Cracked,noncracked_high_edges,test
C:\Users\ikerd\Desktop\Vision  Project\Crack-Identification---Group-A\Training_Pool_A_Walls\Non-Cracked\7122-25.jpg,7122-25.jpg,Walls,Non-Cracked,Walls_Non-Cracked,very_bright,test
C:\Users\ikerd\Desktop\Vision  Project\Crack-Identification---Group-A\Training_Pool_B_Decks\Non-Cracked\7047-17.jpg,7047-17.jpg,Decks,Non-Cracked,Decks_Non-Cracked,"noncracked_high_edges, very_dark",test
C:\Users\ikerd\Desktop\Vision  Project\Crack-Identification---Group-A\Training_Pool_A_Walls\Non-Cracked\7098-31.jpg,7098-31.jpg,Walls,Non-Cracked,Walls_Non-Cracked,noncracked_high_edges,test
C:\Users\ikerd\Desktop\Vision  Project\Crack-Identification---Group-A\Training_Pool_A_Walls\Non-Cracked\7135-136.jpg,7135-136.jpg,Walls,Non-Cracked,Walls_Non-Cracked,noncracked_high_edges,test
C:\Users\ikerd\Desktop\Vision  Project\Crack-Identification---Group-A\Training_Pool_B_Decks\Cracked\7044-12.jpg,7044-12.jpg,Decks,Cracked,Decks_Cracked,very_bright,test
C:\Users\ikerd\Desktop\Vision  Project\Crack-Identification---Group-A\Training_Pool_A_Walls\Non-Cracked\7116-189.jpg,7116-189.jpg,Walls,Non-Cracked,Walls_Non-Cracked,noncracked_high_edges,test
C:\Users\ikerd\Desktop\Vision  Project\Crack-Identification---Group-A\Training_Pool_A_Walls\Non-Cracked\7121-66.jpg,7121-66.jpg,Walls,Non-Cracked,Walls_Non-Cracked,noncracked_high_edges,test
C:\Users\ikerd\Desktop\Vision  Project\Crack-Identification---Group-A\Training_Pool_B_Decks\Non-Cracked\7013-54.jpg,7013-54.jpg,Decks,Non-Cracked,Decks_Non-Cracked,very_dark,test
C:\Users\ikerd\Desktop\Vision  Project\Crack-Identification---Group-A\Training_Pool_B_Decks\Non-Cracked\7014-162.jpg,7014-162.jpg,Decks,Non-Cracked,Decks_Non-Cracked,noncracked_high_edges,test
C:\Users\ikerd\Desktop\Vision  Project\Crack-Identification---Group-A\Training_Pool_A_Walls\Non-Cracked\7126-117.jpg,7126-117.jpg,Walls,Non-Cracked,Walls_Non-Cracked,noncracked_high_edges,test
C:\Users\ikerd\Desktop\Vision  Project\Crack-Identification---Group-A\Training_Pool_A_Walls\Non-Cracked\7139-42.jpg,7139-42.jpg,Walls,Non-Cracked,Walls_Non-Cracked,noncracked_high_edges,test
C:\Users\ikerd\Desktop\Vision  Project\Crack-Identification---Group-A\Training_Pool_A_Walls\Non-Cracked\7122-6.jpg,7122-6.jpg,Walls,Non-Cracked,Walls_Non-Cracked,very_bright,test
C:\Users\ikerd\Desktop\Vision  Project\Crack-Identification---Group-A\Training_Pool_A_Walls\Non-Cracked\7119-137.jpg,7119-137.jpg,Walls,Non-Cracked,Walls_Non-Cracked,noncracked_high_edges,test
C:\Users\ikerd\Desktop\Vision  Project\Crack-Identification---Group-A\Training_Pool_B_Decks\Non-Cracked\7029-106.jpg,7029-106.jpg,Decks,Non-Cracked,Decks_Non-Cracked,noncracked_high_edges,test
C:\Users\ikerd\Desktop\Vision  Project\Crack-Identification---Group-A\Training_Pool_B_Decks\Non-Cracked\7024-181.jpg,7024-181.jpg,Decks,Non-Cracked,Decks_Non-Cracked,very_dark,test
C:\Users\ikerd\Desktop\Vision  Project\Crack-Identification---Group-A\Training_Pool_B_Decks\Non-Cracked\7023-94.jpg,7023-94.jpg,Decks,Non-Cracked,Decks_Non-Cracked,very_bright,test
C:\Users\ikerd\Desktop\Vision  Project\Crack-Identification---Group-A\Training_Pool_B_Decks\Non-Cracked\7039-89.jpg,7039-89.jpg,Decks,Non-Cracked,Decks_Non-Cracked,"noncracked_high_edges, very_dark",test
C:\Users\ikerd\Desktop\Vision  Project\Crack-Identification---Group-A\Training_Pool_A_Walls\Non-Cracked\7117-47.jpg,7117-47.jpg,Walls,Non-Cracked,Walls_Non-Cracked,noncracked_high_edges,test
C:\Users\ikerd\Desktop\Vision  Project\Crack-Identification---Group-A\Training_Pool_B_Decks\Non-Cracked\7035-118.jpg,7035-118.jpg,Decks,Non-Cracked,Decks_Non-Cracked,noncracked_high_edges,test
C:\Users\ikerd\Desktop\Vision  Project\Crack-Identification---Group-A\Training_Pool_B_Decks\Non-Cracked\7054-102.jpg,7054-102.jpg,Decks,Non-Cracked,Decks_Non-Cracked,noncracked_high_edges,test
C:\Users\ikerd\Desktop\Vision  Project\Crack-Identification---Group-A\Training_Pool_A_Walls\Non-Cracked\7116-103.jpg,7116-103.jpg,Walls,Non-Cracked,Walls_Non-Cracked,noncracked_high_edges,test
C:\Users\ikerd\Desktop\Vision  Project\Crack-Identification---Group-A\Training_Pool_B_Decks\Non-Cracked\7048-177.jpg,7048-177.jpg,Decks,Non-Cracked,Decks_Non-Cracked,noncracked_high_edges,test
C:\Users\ikerd\Desktop\Vision  Project\Crack-Identification---Group-A\Training_Pool_B_Decks\Non-Cracked\7014-142.jpg,7014-142.jpg,Decks,Non-Cracked,Decks_Non-Cracked,"noncracked_high_edges, very_dark",test
C:\Users\ikerd\Desktop\Vision  Project\Crack-Identification---Group-A\Training_Pool_A_Walls\Non-Cracked\7139-96.jpg,7139-96.jpg,Walls,Non-Cracked,Walls_Non-Cracked,noncracked_high_edges,test
C:\Users\ikerd\Desktop\Vision  Project\Crack-Identification---Group-A\Training_Pool_B_Decks\Non-Cracked\7050-192.jpg,7050-192.jpg,Decks,Non-Cracked,Decks_Non-Cracked,noncracked_high_edges,test
C:\Users\ikerd\Desktop\Vision  Project\Crack-Identification---Group-A\Training_Pool_A_Walls\Non-Cracked\7125-26.jpg,7125-26.jpg,Walls,Non-Cracked,Walls_Non-Cracked,noncracked_high_edges,test
C:\Users\ikerd\Desktop\Vision  Project\Crack-Identification---Group-A\Training_Pool_B_Decks\Non-Cracked\7046-180.jpg,7046-180.jpg,Decks,Non-Cracked,Decks_Non-Cracked,noncracked_high_edges,test
C:\Users\ikerd\Desktop\Vision  Project\Crack-Identification---Group-A\Training_Pool_B_Decks\Non-Cracked\7057-17.jpg,7057-17.jpg,Decks,Non-Cracked,Decks_Non-Cracked,"noncracked_high_edges, very_dark",test
C:\Users\ikerd\Desktop\Vision  Project\Crack-Identification---Group-A\Training_Pool_A_Walls\Non-Cracked\7121-61.jpg,7121-61.jpg,Walls,Non-Cracked,Walls_Non-Cracked,noncracked_high_edges,test
C:\Users\ikerd\Desktop\Vision  Project\Crack-Identification---Group-A\Training_Pool_A_Walls\Cracked\7086-64.jpg,7086-64.jpg,Walls,Cracked,Walls_Cracked,very_bright,test
C:\Users\ikerd\Desktop\Vision  Project\Crack-Identification---Group-A\Training_Pool_B_Decks\Non-Cracked\7022-43.jpg,7022-43.jpg,Decks,Non-Cracked,Decks_Non-Cracked,very_bright,test
C:\Users\ikerd\Desktop\Vision  Project\Crack-Identification---Group-A\Training_Pool_B_Decks\Non-Cracked\7024-150.jpg,7024-150.jpg,Decks,Non-Cracked,Decks_Non-Cracked,very_bright,test
C:\Users\ikerd\Desktop\Vision  Project\Crack-Identification---Group-A\Training_Pool_A_Walls\Non-Cracked\7078-132.jpg,7078-132.jpg,Walls,Non-Cracked,Walls_Non-Cracked,noncracked_high_edges,test
C:\Users\ikerd\Desktop\Vision  Project\Crack-Identification---Group-A\Training_Pool_A_Walls\Non-Cracked\7118-184.jpg,7118-184.jpg,Walls,Non-Cracked,Walls_Non-Cracked,noncracked_high_edges,test
C:\Users\ikerd\Desktop\Vision  Project\Crack-Identification---Group-A\Training_Pool_B_Decks\Non-Cracked\7014-91.jpg,7014-91.jpg,Decks,Non-Cracked,Decks_Non-Cracked,very_bright,test
C:\Users\ikerd\Desktop\Vision  Project\Crack-Identification---Group-A\Training_Pool_A_Walls\Non-Cracked\7114-9.jpg,7114-9.jpg,Walls,Non-Cracked,Walls_Non-Cracked,noncracked_high_edges,test
C:\Users\ikerd\Desktop\Vision  Project\Crack-Identification---Group-A\Training_Pool_B_Decks\Non-Cracked\7054-191.jpg,7054-191.jpg,Decks,Non-Cracked,Decks_Non-Cracked,noncracked_high_edges,test
C:\Users\ikerd\Desktop\Vision  Project\Crack-Identification---Group-A\Training_Pool_A_Walls\Non-Cracked\7119-131.jpg,7119-131.jpg,Walls,Non-Cracked,Walls_Non-Cracked,noncracked_high_edges,test
C:\Users\ikerd\Desktop\Vision  Project\Crack-Identification---Group-A\Training_Pool_B_Decks\Non-Cracked\7053-251.jpg,7053-251.jpg,Decks,Non-Cracked,Decks_Non-Cracked,"noncracked_high_edges, very_dark",test
C:\Users\ikerd\Desktop\Vision  Project\Crack-Identification---Group-A\Training_Pool_B_Decks\Non-Cracked\7014-2.jpg,7014-2.jpg,Decks,Non-Cracked,Decks_Non-Cracked,very_dark,test
C:\Users\ikerd\Desktop\Vision  Project\Crack-Identification---Group-A\Training_Pool_B_Decks\Non-Cracked\7023-109.jpg,7023-109.jpg,Decks,Non-Cracked,Decks_Non-Cracked,very_bright,test
C:\Users\ikerd\Desktop\Vision  Project\Crack-Identification---Group-A\Training_Pool_A_Walls\Non-Cracked\7139-28.jpg,7139-28.jpg,Walls,Non-Cracked,Walls_Non-Cracked,noncracked_high_edges,test
C:\Users\ikerd\Desktop\Vision  Project\Crack-Identification---Group-A\Training_Pool_B_Decks\Non-Cracked\7045-117.jpg,7045-117.jpg,Decks,Non-Cracked,Decks_Non-Cracked,noncracked_high_edges,test
C:\Users\ikerd\Desktop\Vision  Project\Crack-Identification---Group-A\Training_Pool_A_Walls\Non-Cracked\7101-166.jpg,7101-166.jpg,Walls,Non-Cracked,Walls_Non-Cracked,noncracked_high_edges,test
C:\Users\ikerd\Desktop\Vision  Project\Crack-Identification---Group-A\Training_Pool_B_Decks\Non-Cracked\7025-107.jpg,7025-107.jpg,Decks,Non-Cracked,Decks_Non-Cracked,noncracked_high_edges,test
C:\Users\ikerd\Desktop\Vision  Project\Crack-Identification---Group-A\Training_Pool_A_Walls\Non-Cracked\7107-13.jpg,7107-13.jpg,Walls,Non-Cracked,Walls_Non-Cracked,noncracked_high_edges,test
C:\Users\ikerd\Desktop\Vision  Project\Crack-Identification---Group-A\Training_Pool_A_Walls\Non-Cracked\7125-31.jpg,7125-31.jpg,Walls,Non-Cracked,Walls_Non-Cracked,noncracked_high_edges,test
C:\Users\ikerd\Desktop\Vision  Project\Crack-Identification---Group-A\Training_Pool_B_Decks\Non-Cracked\7017-135.jpg,7017-135.jpg,Decks,Non-Cracked,Decks_Non-Cracked,noncracked_high_edges,test
C:\Users\ikerd\Desktop\Vision  Project\Crack-Identification---Group-A\Training_Pool_B_Decks\Non-Cracked\7050-46.jpg,7050-46.jpg,Decks,Non-Cracked,Decks_Non-Cracked,noncracked_high_edges,test
C:\Users\ikerd\Desktop\Vision  Project\Crack-Identification---Group-A\Training_Pool_B_Decks\Non-Cracked\7030-120.jpg,7030-120.jpg,Decks,Non-Cracked,Decks_Non-Cracked,very_bright,test
C:\Users\ikerd\Desktop\Vision  Project\Crack-Identification---Group-A\Training_Pool_B_Decks\Non-Cracked\7013-90.jpg,7013-90.jpg,Decks,Non-Cracked,Decks_Non-Cracked,noncracked_high_edges,test
C:\Users\ikerd\Desktop\Vision  Project\Crack-Identification---Group-A\Training_Pool_B_Decks\Non-Cracked\7057-3.jpg,7057-3.jpg,Decks,Non-Cracked,Decks_Non-Cracked,very_dark,test
C:\Users\ikerd\Desktop\Vision  Project\Crack-Identification---Group-A\Training_Pool_B_Decks\Non-Cracked\7032-78.jpg,7032-78.jpg,Decks,Non-Cracked,Decks_Non-Cracked,very_bright,test
C:\Users\ikerd\Desktop\Vision  Project\Crack-Identification---Group-A\Training_Pool_B_Decks\Non-Cracked\7053-155.jpg,7053-155.jpg,Decks,Non-Cracked,Decks_Non-Cracked,noncracked_high_edges,test
C:\Users\ikerd\Desktop\Vision  Project\Crack-Identification---Group-A\Training_Pool_B_Decks\Non-Cracked\7016-25.jpg,7016-25.jpg,Decks,Non-Cracked,Decks_Non-Cracked,very_dark,test
C:\Users\ikerd\Desktop\Vision  Project\Crack-Identification---Group-A\Training_Pool_B_Decks\Non-Cracked\7054-209.jpg,7054-209.jpg,Decks,Non-Cracked,Decks_Non-Cracked,noncracked_high_edges,test
C:\Users\ikerd\Desktop\Vision  Project\Crack-Identification---Group-A\Training_Pool_B_Decks\Non-Cracked\7053-118.jpg,7053-118.jpg,Decks,Non-Cracked,Decks_Non-Cracked,noncracked_high_edges,test
C:\Users\ikerd\Desktop\Vision  Project\Crack-Identification---Group-A\Training_Pool_B_Decks\Non-Cracked\7029-3.jpg,7029-3.jpg,Decks,Non-Cracked,Decks_Non-Cracked,very_dark,test
C:\Users\ikerd\Desktop\Vision  Project\Crack-Identification---Group-A\Training_Pool_A_Walls\Non-Cracked\7126-97.jpg,7126-97.jpg,Walls,Non-Cracked,Walls_Non-Cracked,noncracked_high_edges,test
C:\Users\ikerd\Desktop\Vision  Project\Crack-Identification---Group-A\Training_Pool_B_Decks\Non-Cracked\7057-12.jpg,7057-12.jpg,Decks,Non-Cracked,Decks_Non-Cracked,"noncracked_high_edges, very_dark",test
C:\Users\ikerd\Desktop\Vision  Project\Crack-Identification---Group-A\Training_Pool_B_Decks\Non-Cracked\7016-199.jpg,7016-199.jpg,Decks,Non-Cracked,Decks_Non-Cracked,very_dark,test
C:\Users\ikerd\Desktop\Vision  Project\Crack-Identification---Group-A\Training_Pool_B_Decks\Non-Cracked\7017-171.jpg,7017-171.jpg,Decks,Non-Cracked,Decks_Non-Cracked,noncracked_high_edges,test
C:\Users\ikerd\Desktop\Vision  Project\Crack-Identification---Group-A\Training_Pool_A_Walls\Non-Cracked\7100-119.jpg,7100-119.jpg,Walls,Non-Cracked,Walls_Non-Cracked,noncracked_high_edges,test
C:\Users\ikerd\Desktop\Vision  Project\Crack-Identification---Group-A\Training_Pool_A_Walls\Non-Cracked\7123-28.jpg,7123-28.jpg,Walls,Non-Cracked,Walls_Non-Cracked,very_bright,test
C:\Users\ikerd\Desktop\Vision  Project\Crack-Identification---Group-A\Training_Pool_B_Decks\Non-Cracked\7046-144.jpg,7046-144.jpg,Decks,Non-Cracked,Decks_Non-Cracked,noncracked_high_edges,test
C:\Users\ikerd\Desktop\Vision  Project\Crack-Identification---Group-A\Training_Pool_A_Walls\Non-Cracked\7116-168.jpg,7116-168.jpg,Walls,Non-Cracked,Walls_Non-Cracked,noncracked_high_edges,test
C:\Users\ikerd\Desktop\Vision  Project\Crack-Identification---Group-A\Training_Pool_B_Decks\Non-Cracked\7035-129.jpg,7035-129.jpg,Decks,Non-Cracked,Decks_Non-Cracked,very_bright,test
C:\Users\ikerd\Desktop\Vision  Project\Crack-Identification---Group-A\Training_Pool_B_Decks\Non-Cracked\7017-134.jpg,7017-134.jpg,Decks,Non-Cracked,Decks_Non-Cracked,noncracked_high_edges,test
C:\Users\ikerd\Desktop\Vision  Project\Crack-Identification---Group-A\Training_Pool_B_Decks\Non-Cracked\7045-193.jpg,7045-193.jpg,Decks,Non-Cracked,Decks_Non-Cracked,noncracked_high_edges,test
C:\Users\ikerd\Desktop\Vision  Project\Crack-Identification---Group-A\Training_Pool_B_Decks\Non-Cracked\7054-87.jpg,7054-87.jpg,Decks,Non-Cracked,Decks_Non-Cracked,noncracked_high_edges,test
C:\Users\ikerd\Desktop\Vision  Project\Crack-Identification---Group-A\Training_Pool_B_Decks\Non-Cracked\7052-83.jpg,7052-83.jpg,Decks,Non-Cracked,Decks_Non-Cracked,noncracked_high_edges,test
C:\Users\ikerd\Desktop\Vision  Project\Crack-Identification---Group-A\Training_Pool_B_Decks\Non-Cracked\7051-66.jpg,7051-66.jpg,Decks,Non-Cracked,Decks_Non-Cracked,noncracked_high_edges,test
C:\Users\ikerd\Desktop\Vision  Project\Crack-Identification---Group-A\Training_Pool_A_Walls\Non-Cracked\7098-62.jpg,7098-62.jpg,Walls,Non-Cracked,Walls_Non-Cracked,noncracked_high_edges,test
C:\Users\ikerd\Desktop\Vision  Project\Crack-Identification---Group-A\Training_Pool_A_Walls\Non-Cracked\7116-31.jpg,7116-31.jpg,Walls,Non-Cracked,Walls_Non-Cracked,noncracked_high_edges,test
C:\Users\ikerd\Desktop\Vision  Project\Crack-Identification---Group-A\Training_Pool_B_Decks\Non-Cracked\7018-88.jpg,7018-88.jpg,Decks,Non-Cracked,Decks_Non-Cracked,very_bright,test
C:\Users\ikerd\Desktop\Vision  Project\Crack-Identification---Group-A\Training_Pool_A_Walls\Non-Cracked\7100-171.jpg,7100-171.jpg,Walls,Non-Cracked,Walls_Non-Cracked,noncracked_high_edges,test
C:\Users\ikerd\Desktop\Vision  Project\Crack-Identification---Group-A\Training_Pool_B_Decks\Non-Cracked\7049-83.jpg,7049-83.jpg,Decks,Non-Cracked,Decks_Non-Cracked,noncracked_high_edges,test
C:\Users\ikerd\Desktop\Vision  Project\Crack-Identification---Group-A\Training_Pool_B_Decks\Non-Cracked\7046-233.jpg,7046-233.jpg,Decks,Non-Cracked,Decks_Non-Cracked,noncracked_high_edges,test
C:\Users\ikerd\Desktop\Vision  Project\Crack-Identification---Group-A\Training_Pool_A_Walls\Non-Cracked\7139-153.jpg,7139-153.jpg,Walls,Non-Cracked,Walls_Non-Cracked,noncracked_high_edges,test
C:\Users\ikerd\Desktop\Vision  Project\Crack-Identification---Group-A\Training_Pool_B_Decks\Non-Cracked\7052-217.jpg,7052-217.jpg,Decks,Non-Cracked,Decks_Non-Cracked,very_dark,test
C:\Users\ikerd\Desktop\Vision  Project\Crack-Identification---Group-A\Training_Pool_B_Decks\Non-Cracked\7052-134.jpg,7052-134.jpg,Decks,Non-Cracked,Decks_Non-Cracked,noncracked_high_edges,test
C:\Users\ikerd\Desktop\Vision  Project\Crack-Identification---Group-A\Training_Pool_A_Walls\Non-Cracked\7135-189.jpg,7135-189.jpg,Walls,Non-Cracked,Walls_Non-Cracked,noncracked_high_edges,test
C:\Users\ikerd\Desktop\Vision  Project\Crack-Identification---Group-A\Training_Pool_B_Decks\Non-Cracked\7052-170.jpg,7052-170.jpg,Decks,Non-Cracked,Decks_Non-Cracked,noncracked_high_edges,test
C:\Users\ikerd\Desktop\Vision  Project\Crack-Identification---Group-A\Training_Pool_B_Decks\Non-Cracked\7030-17.jpg,7030-17.jpg,Decks,Non-Cracked,Decks_Non-Cracked,noncracked_high_edges,test
C:\Users\ikerd\Desktop\Vision  Project\Crack-Identification---Group-A\Training_Pool_A_Walls\Non-Cracked\7137-117.jpg,7137-117.jpg,Walls,Non-Cracked,Walls_Non-Cracked,noncracked_high_edges,test
C:\Users\ikerd\Desktop\Vision  Project\Crack-Identification---Group-A\Training_Pool_B_Decks\Non-Cracked\7052-15.jpg,7052-15.jpg,Decks,Non-Cracked,Decks_Non-Cracked,noncracked_high_edges,test
C:\Users\ikerd\Desktop\Vision  Project\Crack-Identification---Group-A\Training_Pool_B_Decks\Non-Cracked\7017-235.jpg,7017-235.jpg,Decks,Non-Cracked,Decks_Non-Cracked,very_dark,test
C:\Users\ikerd\Desktop\Vision  Project\Crack-Identification---Group-A\Training_Pool_B_Decks\Non-Cracked\7051-116.jpg,7051-116.jpg,Decks,Non-Cracked,Decks_Non-Cracked,noncracked_high_edges,test
C:\Users\ikerd\Desktop\Vision  Project\Crack-Identification---Group-A\Training_Pool_B_Decks\Non-Cracked\7024-75.jpg,7024-75.jpg,Decks,Non-Cracked,Decks_Non-Cracked,very_bright,test
C:\Users\ikerd\Desktop\Vision  Project\Crack-Identification---Group-A\Training_Pool_B_Decks\Non-Cracked\7018-87.jpg,7018-87.jpg,Decks,Non-Cracked,Decks_Non-Cracked,very_bright,test
C:\Users\ikerd\Desktop\Vision  Project\Crack-Identification---Group-A\Training_Pool_B_Decks\Non-Cracked\7030-101.jpg,7030-101.jpg,Decks,Non-Cracked,Decks_Non-Cracked,very_bright,test
C:\Users\ikerd\Desktop\Vision  Project\Crack-Identification---Group-A\Training_Pool_B_Decks\Non-Cracked\7015-26.jpg,7015-26.jpg,Decks,Non-Cracked,Decks_Non-Cracked,very_dark,test
C:\Users\ikerd\Desktop\Vision  Project\Crack-Identification---Group-A\Training_Pool_A_Walls\Non-Cracked\7121-130.jpg,7121-130.jpg,Walls,Non-Cracked,Walls_Non-Cracked,noncracked_high_edges,test
C:\Users\ikerd\Desktop\Vision  Project\Crack-Identification---Group-A\Training_Pool_B_Decks\Non-Cracked\7029-34.jpg,7029-34.jpg,Decks,Non-Cracked,Decks_Non-Cracked,noncracked_high_edges,test
C:\Users\ikerd\Desktop\Vision  Project\Crack-Identification---Group-A\Training_Pool_B_Decks\Non-Cracked\7038-181.jpg,7038-181.jpg,Decks,Non-Cracked,Decks_Non-Cracked,very_dark,test
C:\Users\ikerd\Desktop\Vision  Project\Crack-Identification---Group-A\Training_Pool_A_Walls\Non-Cracked\7117-29.jpg,7117-29.jpg,Walls,Non-Cracked,Walls_Non-Cracked,noncracked_high_edges,test
C:\Users\ikerd\Desktop\Vision  Project\Crack-Identification---Group-A\Training_Pool_A_Walls\Non-Cracked\7119-49.jpg,7119-49.jpg,Walls,Non-Cracked,Walls_Non-Cracked,noncracked_high_edges,test
C:\Users\ikerd\Desktop\Vision  Project\Crack-Identification---Group-A\Training_Pool_B_Decks\Non-Cracked\7030-246.jpg,7030-246.jpg,Decks,Non-Cracked,Decks_Non-Cracked,noncracked_high_edges,test
C:\Users\ikerd\Desktop\Vision  Project\Crack-Identification---Group-A\Training_Pool_B_Decks\Non-Cracked\7047-197.jpg,7047-197.jpg,Decks,Non-Cracked,Decks_Non-Cracked,noncracked_high_edges,test
C:\Users\ikerd\Desktop\Vision  Project\Crack-Identification---Group-A\Training_Pool_B_Decks\Non-Cracked\7031-242.jpg,7031-242.jpg,Decks,Non-Cracked,Decks_Non-Cracked,"noncracked_high_edges, very_dark",test
C:\Users\ikerd\Desktop\Vision  Project\Crack-Identification---Group-A\Training_Pool_B_Decks\Non-Cracked\7054-32.jpg,7054-32.jpg,Decks,Non-Cracked,Decks_Non-Cracked,noncracked_high_edges,test
C:\Users\ikerd\Desktop\Vision  Project\Crack-Identification---Group-A\Training_Pool_B_Decks\Non-Cracked\7016-235.jpg,7016-235.jpg,Decks,Non-Cracked,Decks_Non-Cracked,very_dark,test
C:\Users\ikerd\Desktop\Vision  Project\Crack-Identification---Group-A\Training_Pool_B_Decks\Non-Cracked\7028-224.jpg,7028-224.jpg,Decks,Non-Cracked,Decks_Non-Cracked,noncracked_high_edges,test
C:\Users\ikerd\Desktop\Vision  Project\Crack-Identification---Group-A\Training_Pool_B_Decks\Non-Cracked\7014-146.jpg,7014-146.jpg,Decks,Non-Cracked,Decks_Non-Cracked,very_bright,test
C:\Users\ikerd\Desktop\Vision  Project\Crack-Identification---Group-A\Training_Pool_B_Decks\Non-Cracked\7032-235.jpg,7032-235.jpg,Decks,Non-Cracked,Decks_Non-Cracked,very_dark,test
C:\Users\ikerd\Desktop\Vision  Project\Crack-Identification---Group-A\Training_Pool_A_Walls\Cracked\7100-40.jpg,7100-40.jpg,Walls,Cracked,Walls_Cracked,very_dark,test
C:\Users\ikerd\Desktop\Vision  Project\Crack-Identification---Group-A\Training_Pool_A_Walls\Non-Cracked\7100-158.jpg,7100-158.jpg,Walls,Non-Cracked,Walls_Non-Cracked,noncracked_high_edges,test
C:\Users\ikerd\Desktop\Vision  Project\Crack-Identification---Group-A\Training_Pool_A_Walls\Non-Cracked\7101-84.jpg,7101-84.jpg,Walls,Non-Cracked,Walls_Non-Cracked,noncracked_high_edges,test
C:\Users\ikerd\Desktop\Vision  Project\Crack-Identification---Group-A\Training_Pool_B_Decks\Non-Cracked\7016-55.jpg,7016-55.jpg,Decks,Non-Cracked,Decks_Non-Cracked,very_dark,test
C:\Users\ikerd\Desktop\Vision  Project\Crack-Identification---Group-A\Training_Pool_A_Walls\Non-Cracked\7139-46.jpg,7139-46.jpg,Walls,Non-Cracked,Walls_Non-Cracked,noncracked_high_edges,test
C:\Users\ikerd\Desktop\Vision  Project\Crack-Identification---Group-A\Training_Pool_A_Walls\Non-Cracked\7114-96.jpg,7114-96.jpg,Walls,Non-Cracked,Walls_Non-Cracked,noncracked_high_edges,test
C:\Users\ikerd\Desktop\Vision  Project\Crack-Identification---Group-A\Training_Pool_B_Decks\Non-Cracked\7029-10.jpg,7029-10.jpg,Decks,Non-Cracked,Decks_Non-Cracked,very_dark,test
C:\Users\ikerd\Desktop\Vision  Project\Crack-Identification---Group-A\Training_Pool_B_Decks\Non-Cracked\7050-171.jpg,7050-171.jpg,Decks,Non-Cracked,Decks_Non-Cracked,noncracked_high_edges,test
C:\Users\ikerd\Desktop\Vision  Project\Crack-Identification---Group-A\Training_Pool_B_Decks\Non-Cracked\7031-248.jpg,7031-248.jpg,Decks,Non-Cracked,Decks_Non-Cracked,noncracked_high_edges,test
C:\Users\ikerd\Desktop\Vision  Project\Crack-Identification---Group-A\Training_Pool_B_Decks\Non-Cracked\7053-71.jpg,7053-71.jpg,Decks,Non-Cracked,Decks_Non-Cracked,noncracked_high_edges,test
C:\Users\ikerd\Desktop\Vision  Project\Crack-Identification---Group-A\Training_Pool_A_Walls\Non-Cracked\7125-44.jpg,7125-44.jpg,Walls,Non-Cracked,Walls_Non-Cracked,noncracked_high_edges,test
C:\Users\ikerd\Desktop\Vision  Project\Crack-Identification---Group-A\Training_Pool_B_Decks\Non-Cracked\7025-131.jpg,7025-131.jpg,Decks,Non-Cracked,Decks_Non-Cracked,very_bright,test
C:\Users\ikerd\Desktop\Vision  Project\Crack-Identification---Group-A\Training_Pool_B_Decks\Non-Cracked\7053-107.jpg,7053-107.jpg,Decks,Non-Cracked,Decks_Non-Cracked,noncracked_high_edges,test
C:\Users\ikerd\Desktop\Vision  Project\Crack-Identification---Group-A\Training_Pool_A_Walls\Non-Cracked\7107-14.jpg,7107-14.jpg,Walls,Non-Cracked,Walls_Non-Cracked,noncracked_high_edges,test
C:\Users\ikerd\Desktop\Vision  Project\Crack-Identification---Group-A\Training_Pool_A_Walls\Non-Cracked\7116-64.jpg,7116-64.jpg,Walls,Non-Cracked,Walls_Non-Cracked,noncracked_high_edges,test
C:\Users\ikerd\Desktop\Vision  Project\Crack-Identification---Group-A\Training_Pool_B_Decks\Non-Cracked\7025-198.jpg,7025-198.jpg,Decks,Non-Cracked,Decks_Non-Cracked,noncracked_high_edges,test
C:\Users\ikerd\Desktop\Vision  Project\Crack-Identification---Group-A\Training_Pool_A_Walls\Non-Cracked\7112-130.jpg,7112-130.jpg,Walls,Non-Cracked,Walls_Non-Cracked,noncracked_high_edges,test
C:\Users\ikerd\Desktop\Vision  Project\Crack-Identification---Group-A\Training_Pool_B_Decks\Non-Cracked\7022-62.jpg,7022-62.jpg,Decks,Non-Cracked,Decks_Non-Cracked,very_bright,test
C:\Users\ikerd\Desktop\Vision  Project\Crack-Identification---Group-A\Training_Pool_B_Decks\Non-Cracked\7041-91.jpg,7041-91.jpg,Decks,Non-Cracked,Decks_Non-Cracked,very_dark,test
C:\Users\ikerd\Desktop\Vision  Project\Crack-Identification---Group-A\Training_Pool_A_Walls\Non-Cracked\7121-135.jpg,7121-135.jpg,Walls,Non-Cracked,Walls_Non-Cracked,noncracked_high_edges,test
C:\Users\ikerd\Desktop\Vision  Project\Crack-Identification---Group-A\Training_Pool_A_Walls\Non-Cracked\7101-148.jpg,7101-148.jpg,Walls,Non-Cracked,Walls_Non-Cracked,noncracked_high_edges,test
C:\Users\ikerd\Desktop\Vision  Project\Crack-Identification---Group-A\Training_Pool_B_Decks\Non-Cracked\7043-244.jpg,7043-244.jpg,Decks,Non-Cracked,Decks_Non-Cracked,"noncracked_high_edges, very_dark",test
C:\Users\ikerd\Desktop\Vision  Project\Crack-Identification---Group-A\Training_Pool_A_Walls\Non-Cracked\7135-172.jpg,7135-172.jpg,Walls,Non-Cracked,Walls_Non-Cracked,noncracked_high_edges,test
C:\Users\ikerd\Desktop\Vision  Project\Crack-Identification---Group-A\Training_Pool_A_Walls\Non-Cracked\7107-138.jpg,7107-138.jpg,Walls,Non-Cracked,Walls_Non-Cracked,noncracked_high_edges,test
C:\Users\ikerd\Desktop\Vision  Project\Crack-Identification---Group-A\Training_Pool_B_Decks\Non-Cracked\7039-160.jpg,7039-160.jpg,Decks,Non-Cracked,Decks_Non-Cracked,noncracked_high_edges,test
C:\Users\ikerd\Desktop\Vision  Project\Crack-Identification---Group-A\Training_Pool_B_Decks\Non-Cracked\7001-36.jpg,7001-36.jpg,Decks,Non-Cracked,Decks_Non-Cracked,noncracked_high_edges,test
C:\Users\ikerd\Desktop\Vision  Project\Crack-Identification---Group-A\Training_Pool_A_Walls\Non-Cracked\7135-173.jpg,7135-173.jpg,Walls,Non-Cracked,Walls_Non-Cracked,noncracked_high_edges,test
C:\Users\ikerd\Desktop\Vision  Project\Crack-Identification---Group-A\Training_Pool_B_Decks\Non-Cracked\7022-59.jpg,7022-59.jpg,Decks,Non-Cracked,Decks_Non-Cracked,very_bright,test
C:\Users\ikerd\Desktop\Vision  Project\Crack-Identification---Group-A\Training_Pool_B_Decks\Non-Cracked\7016-12.jpg,7016-12.jpg,Decks,Non-Cracked,Decks_Non-Cracked,very_dark,test
C:\Users\ikerd\Desktop\Vision  Project\Crack-Identification---Group-A\Training_Pool_B_Decks\Non-Cracked\7034-118.jpg,7034-118.jpg,Decks,Non-Cracked,Decks_Non-Cracked,noncracked_high_edges,test
C:\Users\ikerd\Desktop\Vision  Project\Crack-Identification---Group-A\Training_Pool_A_Walls\Non-Cracked\7102-136.jpg,7102-136.jpg,Walls,Non-Cracked,Walls_Non-Cracked,noncracked_high_edges,test
C:\Users\ikerd\Desktop\Vision  Project\Crack-Identification---Group-A\Training_Pool_A_Walls\Non-Cracked\7136-131.jpg,7136-131.jpg,Walls,Non-Cracked,Walls_Non-Cracked,noncracked_high_edges,test
C:\Users\ikerd\Desktop\Vision  Project\Crack-Identification---Group-A\Training_Pool_B_Decks\Non-Cracked\7015-7.jpg,7015-7.jpg,Decks,Non-Cracked,Decks_Non-Cracked,very_dark,test
C:\Users\ikerd\Desktop\Vision  Project\Crack-Identification---Group-A\Training_Pool_B_Decks\Non-Cracked\7049-69.jpg,7049-69.jpg,Decks,Non-Cracked,Decks_Non-Cracked,very_bright,test
C:\Users\ikerd\Desktop\Vision  Project\Crack-Identification---Group-A\Training_Pool_A_Walls\Non-Cracked\7126-152.jpg,7126-152.jpg,Walls,Non-Cracked,Walls_Non-Cracked,noncracked_high_edges,test
C:\Users\ikerd\Desktop\Vision  Project\Crack-Identification---Group-A\Training_Pool_A_Walls\Non-Cracked\7114-85.jpg,7114-85.jpg,Walls,Non-Cracked,Walls_Non-Cracked,noncracked_high_edges,test
C:\Users\ikerd\Desktop\Vision  Project\Crack-Identification---Group-A\Training_Pool_B_Decks\Non-Cracked\7025-144.jpg,7025-144.jpg,Decks,Non-Cracked,Decks_Non-Cracked,noncracked_high_edges,test
C:\Users\ikerd\Desktop\Vision  Project\Crack-Identification---Group-A\Training_Pool_B_Decks\Non-Cracked\7014-232.jpg,7014-232.jpg,Decks,Non-Cracked,Decks_Non-Cracked,noncracked_high_edges,test
C:\Users\ikerd\Desktop\Vision  Project\Crack-Identification---Group-A\Training_Pool_B_Decks\Non-Cracked\7041-3.jpg,7041-3.jpg,Decks,Non-Cracked,Decks_Non-Cracked,very_dark,test
C:\Users\ikerd\Desktop\Vision  Project\Crack-Identification---Group-A\Training_Pool_A_Walls\Non-Cracked\7116-130.jpg,7116-130.jpg,Walls,Non-Cracked,Walls_Non-Cracked,noncracked_high_edges,test
C:\Users\ikerd\Desktop\Vision  Project\Crack-Identification---Group-A\Training_Pool_B_Decks\Non-Cracked\7053-150.jpg,7053-150.jpg,Decks,Non-Cracked,Decks_Non-Cracked,noncracked_high_edges,test
C:\Users\ikerd\Desktop\Vision  Project\Crack-Identification---Group-A\Training_Pool_B_Decks\Non-Cracked\7039-12.jpg,7039-12.jpg,Decks,Non-Cracked,Decks_Non-Cracked,noncracked_high_edges,test
C:\Users\ikerd\Desktop\Vision  Project\Crack-Identification---Group-A\Training_Pool_A_Walls\Non-Cracked\7131-8.jpg,7131-8.jpg,Walls,Non-Cracked,Walls_Non-Cracked,very_bright,test
C:\Users\ikerd\Desktop\Vision  Project\Crack-Identification---Group-A\Training_Pool_B_Decks\Non-Cracked\7001-72.jpg,7001-72.jpg,Decks,Non-Cracked,Decks_Non-Cracked,noncracked_high_edges,test
C:\Users\ikerd\Desktop\Vision  Project\Crack-Identification---Group-A\Training_Pool_B_Decks\Non-Cracked\7047-216.jpg,7047-216.jpg,Decks,Non-Cracked,Decks_Non-Cracked,"noncracked_high_edges, very_dark",test
C:\Users\ikerd\Desktop\Vision  Project\Crack-Identification---Group-A\Training_Pool_B_Decks\Non-Cracked\7048-100.jpg,7048-100.jpg,Decks,Non-Cracked,Decks_Non-Cracked,noncracked_high_edges,test
C:\Users\ikerd\Desktop\Vision  Project\Crack-Identification---Group-A\Training_Pool_B_Decks\Non-Cracked\7051-69.jpg,7051-69.jpg,Decks,Non-Cracked,Decks_Non-Cracked,noncracked_high_edges,test
C:\Users\ikerd\Desktop\Vision  Project\Crack-Identification---Group-A\Training_Pool_B_Decks\Non-Cracked\7016-110.jpg,7016-110.jpg,Decks,Non-Cracked,Decks_Non-Cracked,very_dark,test
C:\Users\ikerd\Desktop\Vision  Project\Crack-Identification---Group-A\Training_Pool_A_Walls\Non-Cracked\7128-198.jpg,7128-198.jpg,Walls,Non-Cracked,Walls_Non-Cracked,very_dark,test
C:\Users\ikerd\Desktop\Vision  Project\Crack-Identification---Group-A\Training_Pool_A_Walls\Non-Cracked\7116-123.jpg,7116-123.jpg,Walls,Non-Cracked,Walls_Non-Cracked,noncracked_high_edges,test
C:\Users\ikerd\Desktop\Vision  Project\Crack-Identification---Group-A\Training_Pool_A_Walls\Non-Cracked\7121-68.jpg,7121-68.jpg,Walls,Non-Cracked,Walls_Non-Cracked,noncracked_high_edges,test
C:\Users\ikerd\Desktop\Vision  Project\Crack-Identification---Group-A\Training_Pool_B_Decks\Non-Cracked\7030-239.jpg,7030-239.jpg,Decks,Non-Cracked,Decks_Non-Cracked,noncracked_high_edges,test
C:\Users\ikerd\Desktop\Vision  Project\Crack-Identification---Group-A\Training_Pool_B_Decks\Non-Cracked\7022-44.jpg,7022-44.jpg,Decks,Non-Cracked,Decks_Non-Cracked,very_bright,test
C:\Users\ikerd\Desktop\Vision  Project\Crack-Identification---Group-A\Training_Pool_B_Decks\Non-Cracked\7014-106.jpg,7014-106.jpg,Decks,Non-Cracked,Decks_Non-Cracked,noncracked_high_edges,test
C:\Users\ikerd\Desktop\Vision  Project\Crack-Identification---Group-A\Training_Pool_B_Decks\Non-Cracked\7024-108.jpg,7024-108.jpg,Decks,Non-Cracked,Decks_Non-Cracked,noncracked_high_edges,test
C:\Users\ikerd\Desktop\Vision  Project\Crack-Identification---Group-A\Training_Pool_B_Decks\Non-Cracked\7030-238.jpg,7030-238.jpg,Decks,Non-Cracked,Decks_Non-Cracked,noncracked_high_edges,test
C:\Users\ikerd\Desktop\Vision  Project\Crack-Identification---Group-A\Training_Pool_A_Walls\Non-Cracked\7100-137.jpg,7100-137.jpg,Walls,Non-Cracked,Walls_Non-Cracked,noncracked_high_edges,test
C:\Users\ikerd\Desktop\Vision  Project\Crack-Identification---Group-A\Training_Pool_B_Decks\Cracked\7049-120.jpg,7049-120.jpg,Decks,Cracked,Decks_Cracked,very_bright,test
C:\Users\ikerd\Desktop\Vision  Project\Crack-Identification---Group-A\Training_Pool_B_Decks\Non-Cracked\7030-54.jpg,7030-54.jpg,Decks,Non-Cracked,Decks_Non-Cracked,noncracked_high_edges,test
C:\Users\ikerd\Desktop\Vision  Project\Crack-Identification---Group-A\Training_Pool_A_Walls\Non-Cracked\7085-49.jpg,7085-49.jpg,Walls,Non-Cracked,Walls_Non-Cracked,noncracked_high_edges,test
C:\Users\ikerd\Desktop\Vision  Project\Crack-Identification---Group-A\Training_Pool_B_Decks\Non-Cracked\7049-242.jpg,7049-242.jpg,Decks,Non-Cracked,Decks_Non-Cracked,noncracked_high_edges,test
C:\Users\ikerd\Desktop\Vision  Project\Crack-Identification---Group-A\Training_Pool_B_Decks\Non-Cracked\7029-29.jpg,7029-29.jpg,Decks,Non-Cracked,Decks_Non-Cracked,noncracked_high_edges,test
C:\Users\ikerd\Desktop\Vision  Project\Crack-Identification---Group-A\Training_Pool_B_Decks\Non-Cracked\7030-105.jpg,7030-105.jpg,Decks,Non-Cracked,Decks_Non-Cracked,very_bright,test
C:\Users\ikerd\Desktop\Vision  Project\Crack-Identification---Group-A\Training_Pool_A_Walls\Non-Cracked\7094-65.jpg,7094-65.jpg,Walls,Non-Cracked,Walls_Non-Cracked,noncracked_high_edges,test
C:\Users\ikerd\Desktop\Vision  Project\Crack-Identification---Group-A\Training_Pool_A_Walls\Non-Cracked\7116-151.jpg,7116-151.jpg,Walls,Non-Cracked,Walls_Non-Cracked,noncracked_high_edges,test
C:\Users\ikerd\Desktop\Vision  Project\Crack-Identification---Group-A\Training_Pool_A_Walls\Non-Cracked\7138-48.jpg,7138-48.jpg,Walls,Non-Cracked,Walls_Non-Cracked,noncracked_high_edges,test
C:\Users\ikerd\Desktop\Vision  Project\Crack-Identification---Group-A\Training_Pool_B_Decks\Non-Cracked\7045-208.jpg,7045-208.jpg,Decks,Non-Cracked,Decks_Non-Cracked,noncracked_high_edges,test
C:\Users\ikerd\Desktop\Vision  Project\Crack-Identification---Group-A\Training_Pool_A_Walls\Non-Cracked\7100-167.jpg,7100-167.jpg,Walls,Non-Cracked,Walls_Non-Cracked,noncracked_high_edges,test
C:\Users\ikerd\Desktop\Vision  Project\Crack-Identification---Group-A\Training_Pool_A_Walls\Non-Cracked\7101-114.jpg,7101-114.jpg,Walls,Non-Cracked,Walls_Non-Cracked,noncracked_high_edges,test
C:\Users\ikerd\Desktop\Vision  Project\Crack-Identification---Group-A\Training_Pool_B_Decks\Non-Cracked\7034-54.jpg,7034-54.jpg,Decks,Non-Cracked,Decks_Non-Cracked,noncracked_high_edges,test
C:\Users\ikerd\Desktop\Vision  Project\Crack-Identification---Group-A\Training_Pool_B_Decks\Non-Cracked\7050-98.jpg,7050-98.jpg,Decks,Non-Cracked,Decks_Non-Cracked,noncracked_high_edges,test
C:\Users\ikerd\Desktop\Vision  Project\Crack-Identification---Group-A\Training_Pool_B_Decks\Non-Cracked\7022-97.jpg,7022-97.jpg,Decks,Non-Cracked,Decks_Non-Cracked,very_bright,test
C:\Users\ikerd\Desktop\Vision  Project\Crack-Identification---Group-A\Training_Pool_B_Decks\Non-Cracked\7052-102.jpg,7052-102.jpg,Decks,Non-Cracked,Decks_Non-Cracked,noncracked_high_edges,test
C:\Users\ikerd\Desktop\Vision  Project\Crack-Identification---Group-A\Training_Pool_B_Decks\Non-Cracked\7034-90.jpg,7034-90.jpg,Decks,Non-Cracked,Decks_Non-Cracked,noncracked_high_edges,test
C:\Users\ikerd\Desktop\Vision  Project\Crack-Identification---Group-A\Training_Pool_B_Decks\Non-Cracked\7024-216.jpg,7024-216.jpg,Decks,Non-Cracked,Decks_Non-Cracked,noncracked_high_edges,test
C:\Users\ikerd\Desktop\Vision  Project\Crack-Identification---Group-A\Training_Pool_B_Decks\Non-Cracked\7007-199.jpg,7007-199.jpg,Decks,Non-Cracked,Decks_Non-Cracked,very_bright,test
C:\Users\ikerd\Desktop\Vision  Project\Crack-Identification---Group-A\Training_Pool_A_Walls\Non-Cracked\7124-98.jpg,7124-98.jpg,Walls,Non-Cracked,Walls_Non-Cracked,noncracked_high_edges,test
C:\Users\ikerd\Desktop\Vision  Project\Crack-Identification---Group-A\Training_Pool_B_Decks\Non-Cracked\7018-141.jpg,7018-141.jpg,Decks,Non-Cracked,Decks_Non-Cracked,very_bright,test
C:\Users\ikerd\Desktop\Vision  Project\Crack-Identification---Group-A\Training_Pool_B_Decks\Non-Cracked\7017-55.jpg,7017-55.jpg,Decks,Non-Cracked,Decks_Non-Cracked,very_dark,test
C:\Users\ikerd\Desktop\Vision  Project\Crack-Identification---Group-A\Training_Pool_B_Decks\Non-Cracked\7044-172.jpg,7044-172.jpg,Decks,Non-Cracked,Decks_Non-Cracked,noncracked_high_edges,test
C:\Users\ikerd\Desktop\Vision  Project\Crack-Identification---Group-A\Training_Pool_B_Decks\Non-Cracked\7024-148.jpg,7024-148.jpg,Decks,Non-Cracked,Decks_Non-Cracked,very_bright,test
C:\Users\ikerd\Desktop\Vision  Project\Crack-Identification---Group-A\Training_Pool_B_Decks\Non-Cracked\7051-13.jpg,7051-13.jpg,Decks,Non-Cracked,Decks_Non-Cracked,noncracked_high_edges,test
C:\Users\ikerd\Desktop\Vision  Project\Crack-Identification---Group-A\Training_Pool_B_Decks\Non-Cracked\7049-84.jpg,7049-84.jpg,Decks,Non-Cracked,Decks_Non-Cracked,noncracked_high_edges,test
C:\Users\ikerd\Desktop\Vision  Project\Crack-Identification---Group-A\Training_Pool_B_Decks\Non-Cracked\7016-3.jpg,7016-3.jpg,Decks,Non-Cracked,Decks_Non-Cracked,very_dark,test
C:\Users\ikerd\Desktop\Vision  Project\Crack-Identification---Group-A\Training_Pool_B_Decks\Non-Cracked\7034-216.jpg,7034-216.jpg,Decks,Non-Cracked,Decks_Non-Cracked,noncracked_high_edges,test
C:\Users\ikerd\Desktop\Vision  Project\Crack-Identification---Group-A\Training_Pool_B_Decks\Non-Cracked\7044-152.jpg,7044-152.jpg,Decks,Non-Cracked,Decks_Non-Cracked,noncracked_high_edges,test
C:\Users\ikerd\Desktop\Vision  Project\Crack-Identification---Group-A\Training_Pool_B_Decks\Non-Cracked\7052-116.jpg,7052-116.jpg,Decks,Non-Cracked,Decks_Non-Cracked,noncracked_high_edges,test
C:\Users\ikerd\Desktop\Vision  Project\Crack-Identification---Group-A\Training_Pool_B_Decks\Non-Cracked\7015-14.jpg,7015-14.jpg,Decks,Non-Cracked,Decks_Non-Cracked,very_dark,test
C:\Users\ikerd\Desktop\Vision  Project\Crack-Identification---Group-A\Training_Pool_B_Decks\Non-Cracked\7053-108.jpg,7053-108.jpg,Decks,Non-Cracked,Decks_Non-Cracked,"noncracked_high_edges, very_dark",test
C:\Users\ikerd\Desktop\Vision  Project\Crack-Identification---Group-A\Training_Pool_B_Decks\Non-Cracked\7044-235.jpg,7044-235.jpg,Decks,Non-Cracked,Decks_Non-Cracked,"noncracked_high_edges, very_dark",test
C:\Users\ikerd\Desktop\Vision  Project\Crack-Identification---Group-A\Training_Pool_B_Decks\Non-Cracked\7052-136.jpg,7052-136.jpg,Decks,Non-Cracked,Decks_Non-Cracked,noncracked_high_edges,test
C:\Users\ikerd\Desktop\Vision  Project\Crack-Identification---Group-A\Training_Pool_B_Decks\Non-Cracked\7043-81.jpg,7043-81.jpg,Decks,Non-Cracked,Decks_Non-Cracked,very_bright,test
C:\Users\ikerd\Desktop\Vision  Project\Crack-Identification---Group-A\Training_Pool_B_Decks\Non-Cracked\7050-155.jpg,7050-155.jpg,Decks,Non-Cracked,Decks_Non-Cracked,noncracked_high_edges,test
C:\Users\ikerd\Desktop\Vision  Project\Crack-Identification---Group-A\Training_Pool_B_Decks\Non-Cracked\7039-215.jpg,7039-215.jpg,Decks,Non-Cracked,Decks_Non-Cracked,"noncracked_high_edges, very_dark",test
C:\Users\ikerd\Desktop\Vision  Project\Crack-Identification---Group-A\Training_Pool_B_Decks\Non-Cracked\7017-38.jpg,7017-38.jpg,Decks,Non-Cracked,Decks_Non-Cracked,very_dark,test
C:\Users\ikerd\Desktop\Vision  Project\Crack-Identification---Group-A\Training_Pool_A_Walls\Non-Cracked\7121-43.jpg,7121-43.jpg,Walls,Non-Cracked,Walls_Non-Cracked,noncracked_high_edges,test
C:\Users\ikerd\Desktop\Vision  Project\Crack-Identification---Group-A\Training_Pool_A_Walls\Cracked\7123-12.jpg,7123-12.jpg,Walls,Cracked,Walls_Cracked,very_bright,test
C:\Users\ikerd\Desktop\Vision  Project\Crack-Identification---Group-A\Training_Pool_B_Decks\Non-Cracked\7024-199.jpg,7024-199.jpg,Decks,Non-Cracked,Decks_Non-Cracked,very_dark,test
C:\Users\ikerd\Desktop\Vision  Project\Crack-Identification---Group-A\Training_Pool_B_Decks\Non-Cracked\7016-200.jpg,7016-200.jpg,Decks,Non-Cracked,Decks_Non-Cracked,very_dark,test
C:\Users\ikerd\Desktop\Vision  Project\Crack-Identification---Group-A\Training_Pool_A_Walls\Non-Cracked\7100-138.jpg,7100-138.jpg,Walls,Non-Cracked,Walls_Non-Cracked,noncracked_high_edges,test
C:\Users\ikerd\Desktop\Vision  Project\Crack-Identification---Group-A\Training_Pool_A_Walls\Non-Cracked\7126-114.jpg,7126-114.jpg,Walls,Non-Cracked,Walls_Non-Cracked,noncracked_high_edges,test
C:\Users\ikerd\Desktop\Vision  Project\Crack-Identification---Group-A\Training_Pool_B_Decks\Non-Cracked\7027-186.jpg,7027-186.jpg,Decks,Non-Cracked,Decks_Non-Cracked,noncracked_high_edges,test
C:\Users\ikerd\Desktop\Vision  Project\Crack-Identification---Group-A\Training_Pool_B_Decks\Non-Cracked\7054-192.jpg,7054-192.jpg,Decks,Non-Cracked,Decks_Non-Cracked,noncracked_high_edges,test
C:\Users\ikerd\Desktop\Vision  Project\Crack-Identification---Group-A\Training_Pool_B_Decks\Cracked\7049-121.jpg,7049-121.jpg,Decks,Cracked,Decks_Cracked,very_bright,test
C:\Users\ikerd\Desktop\Vision  Project\Crack-Identification---Group-A\Training_Pool_B_Decks\Non-Cracked\7047-108.jpg,7047-108.jpg,Decks,Non-Cracked,Decks_Non-Cracked,noncracked_high_edges,test
C:\Users\ikerd\Desktop\Vision  Project\Crack-Identification---Group-A\Training_Pool_B_Decks\Non-Cracked\7051-117.jpg,7051-117.jpg,Decks,Non-Cracked,Decks_Non-Cracked,noncracked_high_edges,test
C:\Users\ikerd\Desktop\Vision  Project\Crack-Identification---Group-A\Training_Pool_B_Decks\Non-Cracked\7024-198.jpg,7024-198.jpg,Decks,Non-Cracked,Decks_Non-Cracked,noncracked_high_edges,test
C:\Users\ikerd\Desktop\Vision  Project\Crack-Identification---Group-A\Training_Pool_B_Decks\Non-Cracked\7004-152.jpg,7004-152.jpg,Decks,Non-Cracked,Decks_Non-Cracked,noncracked_high_edges,test
C:\Users\ikerd\Desktop\Vision  Project\Crack-Identification---Group-A\Training_Pool_A_Walls\Non-Cracked\7118-205.jpg,7118-205.jpg,Walls,Non-Cracked,Walls_Non-Cracked,noncracked_high_edges,test
C:\Users\ikerd\Desktop\Vision  Project\Crack-Identification---Group-A\Training_Pool_B_Decks\Non-Cracked\7022-94.jpg,7022-94.jpg,Decks,Non-Cracked,Decks_Non-Cracked,very_bright,test
C:\Users\ikerd\Desktop\Vision  Project\Crack-Identification---Group-A\Training_Pool_A_Walls\Non-Cracked\7100-213.jpg,7100-213.jpg,Walls,Non-Cracked,Walls_Non-Cracked,noncracked_high_edges,test
C:\Users\ikerd\Desktop\Vision  Project\Crack-Identification---Group-A\Training_Pool_B_Decks\Non-Cracked\7029-11.jpg,7029-11.jpg,Decks,Non-Cracked,Decks_Non-Cracked,very_dark,test
C:\Users\ikerd\Desktop\Vision  Project\Crack-Identification---Group-A\Training_Pool_A_Walls\Non-Cracked\7121-95.jpg,7121-95.jpg,Walls,Non-Cracked,Walls_Non-Cracked,noncracked_high_edges,test
C:\Users\ikerd\Desktop\Vision  Project\Crack-Identification---Group-A\Training_Pool_B_Decks\Non-Cracked\7022-91.jpg,7022-91.jpg,Decks,Non-Cracked,Decks_Non-Cracked,very_bright,test
C:\Users\ikerd\Desktop\Vision  Project\Crack-Identification---Group-A\Training_Pool_A_Walls\Non-Cracked\7121-13.jpg,7121-13.jpg,Walls,Non-Cracked,Walls_Non-Cracked,noncracked_high_edges,test
C:\Users\ikerd\Desktop\Vision  Project\Crack-Identification---Group-A\Training_Pool_B_Decks\Non-Cracked\7044-135.jpg,7044-135.jpg,Decks,Non-Cracked,Decks_Non-Cracked,noncracked_high_edges,test
C:\Users\ikerd\Desktop\Vision  Project\Crack-Identification---Group-A\Training_Pool_A_Walls\Non-Cracked\7121-49.jpg,7121-49.jpg,Walls,Non-Cracked,Walls_Non-Cracked,noncracked_high_edges,test
C:\Users\ikerd\Desktop\Vision  Project\Crack-Identification---Group-A\Training_Pool_B_Decks\Non-Cracked\7045-170.jpg,7045-170.jpg,Decks,Non-Cracked,Decks_Non-Cracked,noncracked_high_edges,test
C:\Users\ikerd\Desktop\Vision  Project\Crack-Identification---Group-A\Training_Pool_A_Walls\Non-Cracked\7101-63.jpg,7101-63.jpg,Walls,Non-Cracked,Walls_Non-Cracked,noncracked_high_edges,test
